position	observed_muts	expected_muts	motif	TFBS
-1000	55	65.28500158622371	CEBPA	CEBPA
-999	67	65.23553506094893	CEBPA	CEBPA
-998	69	65.25865469040228	CEBPA	CEBPA
-997	55	65.25851316978607	CEBPA	CEBPA
-996	60	65.17373135841937	CEBPA	CEBPA
-995	61	65.21320178507968	CEBPA	CEBPA
-994	57	65.09575150995717	CEBPA	CEBPA
-993	66	65.3233414254267	CEBPA	CEBPA
-992	57	65.25303944271806	CEBPA	CEBPA
-991	78	65.28025513422529	CEBPA	CEBPA
-990	75	65.07562893160303	CEBPA	CEBPA
-989	68	65.22501807731526	CEBPA	CEBPA
-988	57	65.23261733704688	CEBPA	CEBPA
-987	75	65.32331343964022	CEBPA	CEBPA
-986	48	65.26587443162224	CEBPA	CEBPA
-985	68	65.17795324233994	CEBPA	CEBPA
-984	67	64.95550333862352	CEBPA	CEBPA
-983	61	65.04492366783329	CEBPA	CEBPA
-982	77	65.14957951366415	CEBPA	CEBPA
-981	85	65.18026527331769	CEBPA	CEBPA
-980	70	65.25175052129028	CEBPA	CEBPA
-979	60	65.10194775749765	CEBPA	CEBPA
-978	55	65.11576350004162	CEBPA	CEBPA
-977	50	65.26352149769431	CEBPA	CEBPA
-976	63	65.19213081401845	CEBPA	CEBPA
-975	67	65.11073849824709	CEBPA	CEBPA
-974	72	65.17277199500565	CEBPA	CEBPA
-973	63	65.26399721151022	CEBPA	CEBPA
-972	69	65.29170671646578	CEBPA	CEBPA
-971	69	64.97787131824619	CEBPA	CEBPA
-970	68	65.23653698453207	CEBPA	CEBPA
-969	69	65.35165988314667	CEBPA	CEBPA
-968	58	65.15307147663935	CEBPA	CEBPA
-967	73	65.1697333041059	CEBPA	CEBPA
-966	73	65.4079033420891	CEBPA	CEBPA
-965	63	65.21014683395214	CEBPA	CEBPA
-964	55	64.95321999889838	CEBPA	CEBPA
-963	60	64.92939355400192	CEBPA	CEBPA
-962	49	65.10338162296816	CEBPA	CEBPA
-961	63	65.19922610923037	CEBPA	CEBPA
-960	68	65.3027898736658	CEBPA	CEBPA
-959	67	65.37103325746676	CEBPA	CEBPA
-958	58	65.2536906986974	CEBPA	CEBPA
-957	57	64.94599008997854	CEBPA	CEBPA
-956	70	65.00596388078952	CEBPA	CEBPA
-955	59	64.94232107960764	CEBPA	CEBPA
-954	78	65.00687381145924	CEBPA	CEBPA
-953	78	65.11217771529263	CEBPA	CEBPA
-952	61	65.18620639153744	CEBPA	CEBPA
-951	71	65.15831602685499	CEBPA	CEBPA
-950	75	65.31010095342522	CEBPA	CEBPA
-949	67	65.21681170676594	CEBPA	CEBPA
-948	82	65.38138193690405	CEBPA	CEBPA
-947	80	65.46338772320297	CEBPA	CEBPA
-946	80	65.2059111735775	CEBPA	CEBPA
-945	66	65.20835786580214	CEBPA	CEBPA
-944	61	65.31082436581644	CEBPA	CEBPA
-943	60	65.33950896944121	CEBPA	CEBPA
-942	65	65.08545642999691	CEBPA	CEBPA
-941	73	65.03495060466898	CEBPA	CEBPA
-940	63	65.15894997847832	CEBPA	CEBPA
-939	57	64.99861910234836	CEBPA	CEBPA
-938	60	64.88808542998697	CEBPA	CEBPA
-937	61	65.05171676108185	CEBPA	CEBPA
-936	57	65.2079476512446	CEBPA	CEBPA
-935	60	65.09959516949631	CEBPA	CEBPA
-934	60	64.88139157157032	CEBPA	CEBPA
-933	80	65.01922702903673	CEBPA	CEBPA
-932	73	65.34261833761205	CEBPA	CEBPA
-931	61	65.26267976851973	CEBPA	CEBPA
-930	63	65.211245024496	CEBPA	CEBPA
-929	58	65.1544670724887	CEBPA	CEBPA
-928	68	65.20159281791322	CEBPA	CEBPA
-927	66	65.10737760420723	CEBPA	CEBPA
-926	68	65.0688442923117	CEBPA	CEBPA
-925	72	65.23358811779464	CEBPA	CEBPA
-924	76	65.16915368069823	CEBPA	CEBPA
-923	57	65.11965577051853	CEBPA	CEBPA
-922	63	65.07574713361342	CEBPA	CEBPA
-921	66	65.14916855941057	CEBPA	CEBPA
-920	65	65.20809814066872	CEBPA	CEBPA
-919	68	65.28582501922095	CEBPA	CEBPA
-918	44	65.05398477314044	CEBPA	CEBPA
-917	70	65.1350794600608	CEBPA	CEBPA
-916	84	65.21188330188664	CEBPA	CEBPA
-915	65	65.1374389453293	CEBPA	CEBPA
-914	69	65.25734554557208	CEBPA	CEBPA
-913	48	65.06624169210315	CEBPA	CEBPA
-912	53	65.1989782868918	CEBPA	CEBPA
-911	62	65.0524985187225	CEBPA	CEBPA
-910	68	65.06642379061003	CEBPA	CEBPA
-909	68	65.1726885166611	CEBPA	CEBPA
-908	60	65.33748360692437	CEBPA	CEBPA
-907	70	65.13245599797557	CEBPA	CEBPA
-906	73	65.00823952350311	CEBPA	CEBPA
-905	66	65.39367533942203	CEBPA	CEBPA
-904	67	65.54858317198932	CEBPA	CEBPA
-903	58	65.56136732409605	CEBPA	CEBPA
-902	73	65.26172269609816	CEBPA	CEBPA
-901	54	65.06294593457743	CEBPA	CEBPA
-900	51	65.0941297632293	CEBPA	CEBPA
-899	70	65.25847096557314	CEBPA	CEBPA
-898	59	65.53765502173131	CEBPA	CEBPA
-897	63	65.3806091922899	CEBPA	CEBPA
-896	70	65.18037960661893	CEBPA	CEBPA
-895	63	65.25253832896009	CEBPA	CEBPA
-894	76	65.26474761646212	CEBPA	CEBPA
-893	64	65.23784733464858	CEBPA	CEBPA
-892	65	65.31925332398195	CEBPA	CEBPA
-891	65	65.49112314380109	CEBPA	CEBPA
-890	63	65.39188818740986	CEBPA	CEBPA
-889	57	65.29055590548712	CEBPA	CEBPA
-888	61	65.26003945001541	CEBPA	CEBPA
-887	82	65.28497021965606	CEBPA	CEBPA
-886	70	65.61269757387076	CEBPA	CEBPA
-885	67	65.50817290071255	CEBPA	CEBPA
-884	50	65.4943174735017	CEBPA	CEBPA
-883	56	65.25206689828205	CEBPA	CEBPA
-882	67	65.18862596771564	CEBPA	CEBPA
-881	59	65.02512698613711	CEBPA	CEBPA
-880	70	65.27264690920825	CEBPA	CEBPA
-879	71	65.3761813871783	CEBPA	CEBPA
-878	61	65.40126282697064	CEBPA	CEBPA
-877	72	65.43537175662271	CEBPA	CEBPA
-876	67	65.42360574630796	CEBPA	CEBPA
-875	60	65.09787930659904	CEBPA	CEBPA
-874	64	65.25753433924895	CEBPA	CEBPA
-873	92	65.07634830994287	CEBPA	CEBPA
-872	73	64.9993025836464	CEBPA	CEBPA
-871	59	65.14696170469328	CEBPA	CEBPA
-870	66	65.20804220315081	CEBPA	CEBPA
-869	59	65.34285001596233	CEBPA	CEBPA
-868	67	65.25898311667795	CEBPA	CEBPA
-867	63	65.06433030321027	CEBPA	CEBPA
-866	51	64.95416958283293	CEBPA	CEBPA
-865	52	65.08830027719162	CEBPA	CEBPA
-864	50	65.29381127139193	CEBPA	CEBPA
-863	63	65.36681006826467	CEBPA	CEBPA
-862	67	65.25275071062168	CEBPA	CEBPA
-861	68	65.24710286744747	CEBPA	CEBPA
-860	71	65.16363733832054	CEBPA	CEBPA
-859	53	65.29409234928126	CEBPA	CEBPA
-858	61	65.12264100382916	CEBPA	CEBPA
-857	48	65.16848958108412	CEBPA	CEBPA
-856	61	65.40642104389849	CEBPA	CEBPA
-855	70	65.1195681838607	CEBPA	CEBPA
-854	64	65.12214430759254	CEBPA	CEBPA
-853	70	64.99349005603068	CEBPA	CEBPA
-852	56	65.16291950662436	CEBPA	CEBPA
-851	46	65.15279466842978	CEBPA	CEBPA
-850	63	65.05637636358968	CEBPA	CEBPA
-849	71	65.19180145243268	CEBPA	CEBPA
-848	82	65.45437279002907	CEBPA	CEBPA
-847	63	65.29080929000429	CEBPA	CEBPA
-846	66	65.21786931607792	CEBPA	CEBPA
-845	66	65.29925157464774	CEBPA	CEBPA
-844	41	65.22452764908013	CEBPA	CEBPA
-843	60	65.33219391202346	CEBPA	CEBPA
-842	64	65.13332508132605	CEBPA	CEBPA
-841	47	65.03770026793224	CEBPA	CEBPA
-840	63	65.29084499936057	CEBPA	CEBPA
-839	66	65.13174469896977	CEBPA	CEBPA
-838	61	65.13589918467201	CEBPA	CEBPA
-837	56	65.0783558697937	CEBPA	CEBPA
-836	52	64.96492401669175	CEBPA	CEBPA
-835	58	65.33883183961879	CEBPA	CEBPA
-834	63	65.29095953884219	CEBPA	CEBPA
-833	59	65.56560109899924	CEBPA	CEBPA
-832	80	65.43657210069587	CEBPA	CEBPA
-831	69	65.21404151694887	CEBPA	CEBPA
-830	53	65.36162968063293	CEBPA	CEBPA
-829	82	65.317838295078	CEBPA	CEBPA
-828	75	65.14126517421015	CEBPA	CEBPA
-827	65	65.31631819541386	CEBPA	CEBPA
-826	73	65.18597562602885	CEBPA	CEBPA
-825	64	65.12964496611889	CEBPA	CEBPA
-824	75	65.01907594672336	CEBPA	CEBPA
-823	51	65.14877786443076	CEBPA	CEBPA
-822	74	65.24819661630501	CEBPA	CEBPA
-821	70	65.44714375508491	CEBPA	CEBPA
-820	73	65.44148127934072	CEBPA	CEBPA
-819	85	65.24799396747396	CEBPA	CEBPA
-818	70	65.1275916466811	CEBPA	CEBPA
-817	59	65.30609904212345	CEBPA	CEBPA
-816	54	65.33976330249558	CEBPA	CEBPA
-815	56	65.29537246074986	CEBPA	CEBPA
-814	55	65.34279656191893	CEBPA	CEBPA
-813	58	65.36137246451926	CEBPA	CEBPA
-812	61	65.22129037528896	CEBPA	CEBPA
-811	62	65.16744784821329	CEBPA	CEBPA
-810	72	65.0568983449805	CEBPA	CEBPA
-809	61	65.15983656807492	CEBPA	CEBPA
-808	64	65.06540418319373	CEBPA	CEBPA
-807	58	65.04481595389758	CEBPA	CEBPA
-806	62	65.17343030320599	CEBPA	CEBPA
-805	62	65.39945174405938	CEBPA	CEBPA
-804	53	65.24035555543489	CEBPA	CEBPA
-803	55	65.07813952563613	CEBPA	CEBPA
-802	71	65.25576390534273	CEBPA	CEBPA
-801	60	65.50819741805205	CEBPA	CEBPA
-800	62	65.13226811199145	CEBPA	CEBPA
-799	62	65.08142467514189	CEBPA	CEBPA
-798	63	65.366446601807	CEBPA	CEBPA
-797	55	65.33138099945512	CEBPA	CEBPA
-796	74	65.28271735147642	CEBPA	CEBPA
-795	74	65.19034001847967	CEBPA	CEBPA
-794	64	65.10642414050412	CEBPA	CEBPA
-793	69	65.14568100366576	CEBPA	CEBPA
-792	63	65.26718400622768	CEBPA	CEBPA
-791	61	64.97111879820567	CEBPA	CEBPA
-790	69	64.90816349156648	CEBPA	CEBPA
-789	66	65.0183279595116	CEBPA	CEBPA
-788	82	65.1975208186154	CEBPA	CEBPA
-787	54	65.2677821354203	CEBPA	CEBPA
-786	64	65.44284930090109	CEBPA	CEBPA
-785	67	65.15637313306733	CEBPA	CEBPA
-784	69	65.23119487358224	CEBPA	CEBPA
-783	68	65.3773096866846	CEBPA	CEBPA
-782	72	65.3359517451039	CEBPA	CEBPA
-781	67	65.13065810830844	CEBPA	CEBPA
-780	69	65.12731993733442	CEBPA	CEBPA
-779	58	65.14488174155173	CEBPA	CEBPA
-778	64	65.279961503338	CEBPA	CEBPA
-777	70	65.3964287590515	CEBPA	CEBPA
-776	72	65.37787571873316	CEBPA	CEBPA
-775	63	65.34053618892736	CEBPA	CEBPA
-774	74	65.34309361456035	CEBPA	CEBPA
-773	62	65.18679685562945	CEBPA	CEBPA
-772	64	65.21174283631055	CEBPA	CEBPA
-771	60	65.23290848295173	CEBPA	CEBPA
-770	56	65.14331509847491	CEBPA	CEBPA
-769	70	65.29075154359113	CEBPA	CEBPA
-768	75	65.29248861004648	CEBPA	CEBPA
-767	59	65.32035959721225	CEBPA	CEBPA
-766	69	65.06135810812626	CEBPA	CEBPA
-765	49	65.11477681089994	CEBPA	CEBPA
-764	65	65.26016253357237	CEBPA	CEBPA
-763	50	65.10683858054111	CEBPA	CEBPA
-762	55	65.19264705518164	CEBPA	CEBPA
-761	60	65.42500785065053	CEBPA	CEBPA
-760	76	65.41447768577258	CEBPA	CEBPA
-759	61	65.32507115614291	CEBPA	CEBPA
-758	50	65.26290805113192	CEBPA	CEBPA
-757	76	65.19897120378582	CEBPA	CEBPA
-756	65	65.38944461095315	CEBPA	CEBPA
-755	64	65.31808911267032	CEBPA	CEBPA
-754	57	65.38729160692117	CEBPA	CEBPA
-753	47	65.32187484150697	CEBPA	CEBPA
-752	60	65.19666977112938	CEBPA	CEBPA
-751	65	65.08492782479124	CEBPA	CEBPA
-750	64	65.02960091662331	CEBPA	CEBPA
-749	68	65.22524315191959	CEBPA	CEBPA
-748	82	65.28223418575521	CEBPA	CEBPA
-747	57	65.16588751578081	CEBPA	CEBPA
-746	79	65.13854052009565	CEBPA	CEBPA
-745	60	65.25263550363435	CEBPA	CEBPA
-744	58	65.13678407376699	CEBPA	CEBPA
-743	71	65.21227020998306	CEBPA	CEBPA
-742	65	65.292993022117	CEBPA	CEBPA
-741	63	65.42361155095638	CEBPA	CEBPA
-740	85	65.3885514504165	CEBPA	CEBPA
-739	60	65.31157969854925	CEBPA	CEBPA
-738	73	65.16591778794307	CEBPA	CEBPA
-737	77	65.23383204275166	CEBPA	CEBPA
-736	58	65.30223941650159	CEBPA	CEBPA
-735	60	65.23656582135126	CEBPA	CEBPA
-734	54	65.11710197571684	CEBPA	CEBPA
-733	53	65.16675901673176	CEBPA	CEBPA
-732	59	65.21554090507854	CEBPA	CEBPA
-731	74	65.19994533545032	CEBPA	CEBPA
-730	59	65.15674464068482	CEBPA	CEBPA
-729	64	65.04071579591192	CEBPA	CEBPA
-728	61	65.11508966323412	CEBPA	CEBPA
-727	68	65.17612170572298	CEBPA	CEBPA
-726	56	65.31760428119459	CEBPA	CEBPA
-725	70	65.30642592234149	CEBPA	CEBPA
-724	78	65.14219016193181	CEBPA	CEBPA
-723	71	65.13468491144054	CEBPA	CEBPA
-722	69	65.06428784245591	CEBPA	CEBPA
-721	75	65.01316239452763	CEBPA	CEBPA
-720	66	65.09000910000097	CEBPA	CEBPA
-719	73	65.37386293663046	CEBPA	CEBPA
-718	57	65.2172660918261	CEBPA	CEBPA
-717	73	65.26555979793947	CEBPA	CEBPA
-716	62	65.33610131307725	CEBPA	CEBPA
-715	61	65.24145490873119	CEBPA	CEBPA
-714	68	65.39489505331674	CEBPA	CEBPA
-713	70	65.5768905804768	CEBPA	CEBPA
-712	67	65.45516266067925	CEBPA	CEBPA
-711	69	65.39374215322614	CEBPA	CEBPA
-710	69	65.26891707037073	CEBPA	CEBPA
-709	66	65.29408006053478	CEBPA	CEBPA
-708	53	65.31783115063863	CEBPA	CEBPA
-707	62	65.13593762768393	CEBPA	CEBPA
-706	54	65.18450440067396	CEBPA	CEBPA
-705	67	65.14594130736509	CEBPA	CEBPA
-704	72	65.23080268963153	CEBPA	CEBPA
-703	69	65.16776684714698	CEBPA	CEBPA
-702	59	65.16444010289874	CEBPA	CEBPA
-701	57	65.23418278143747	CEBPA	CEBPA
-700	57	65.07485269798808	CEBPA	CEBPA
-699	72	65.13070112227196	CEBPA	CEBPA
-698	78	65.08655643163046	CEBPA	CEBPA
-697	70	65.08969940100773	CEBPA	CEBPA
-696	65	65.24777789312323	CEBPA	CEBPA
-695	61	65.23395950600724	CEBPA	CEBPA
-694	56	65.14522975675712	CEBPA	CEBPA
-693	82	65.17584022475414	CEBPA	CEBPA
-692	64	65.25153961409008	CEBPA	CEBPA
-691	66	65.35690600324932	CEBPA	CEBPA
-690	64	65.11980949548614	CEBPA	CEBPA
-689	62	65.1383572276101	CEBPA	CEBPA
-688	73	65.19872379277201	CEBPA	CEBPA
-687	58	65.07482417431356	CEBPA	CEBPA
-686	75	65.15689375767644	CEBPA	CEBPA
-685	74	65.19066051310942	CEBPA	CEBPA
-684	64	65.35008229025183	CEBPA	CEBPA
-683	72	65.31702186849351	CEBPA	CEBPA
-682	61	65.21562343783081	CEBPA	CEBPA
-681	91	65.25926701363461	CEBPA	CEBPA
-680	52	65.31079418779179	CEBPA	CEBPA
-679	74	65.32903168485085	CEBPA	CEBPA
-678	62	65.5122912107992	CEBPA	CEBPA
-677	78	65.32379441697489	CEBPA	CEBPA
-676	56	65.13876633327338	CEBPA	CEBPA
-675	63	65.22936414401175	CEBPA	CEBPA
-674	58	65.23875701001256	CEBPA	CEBPA
-673	73	65.23055093105967	CEBPA	CEBPA
-672	62	65.28328283409274	CEBPA	CEBPA
-671	58	65.33111638614166	CEBPA	CEBPA
-670	80	65.23668902770481	CEBPA	CEBPA
-669	64	65.31400754214522	CEBPA	CEBPA
-668	60	65.27408435114853	CEBPA	CEBPA
-667	59	65.12564873339683	CEBPA	CEBPA
-666	73	65.08460708367221	CEBPA	CEBPA
-665	59	65.26183067740249	CEBPA	CEBPA
-664	65	65.32308970004898	CEBPA	CEBPA
-663	65	65.19875643364836	CEBPA	CEBPA
-662	90	65.38151750340197	CEBPA	CEBPA
-661	73	65.34801675978768	CEBPA	CEBPA
-660	77	65.2941861875618	CEBPA	CEBPA
-659	68	65.11079008521673	CEBPA	CEBPA
-658	80	65.09892766492983	CEBPA	CEBPA
-657	63	65.36263538922134	CEBPA	CEBPA
-656	74	65.29907266359352	CEBPA	CEBPA
-655	61	65.25258607094707	CEBPA	CEBPA
-654	55	65.30595911477832	CEBPA	CEBPA
-653	66	65.41786429982353	CEBPA	CEBPA
-652	56	65.25582061475511	CEBPA	CEBPA
-651	71	65.35079739872404	CEBPA	CEBPA
-650	71	65.34972199135053	CEBPA	CEBPA
-649	71	65.21953817584841	CEBPA	CEBPA
-648	85	65.34108778661873	CEBPA	CEBPA
-647	67	65.19422095622862	CEBPA	CEBPA
-646	59	65.22831498495798	CEBPA	CEBPA
-645	58	65.11610631372008	CEBPA	CEBPA
-644	57	64.99678492742804	CEBPA	CEBPA
-643	79	65.12822827706269	CEBPA	CEBPA
-642	53	65.15219737523329	CEBPA	CEBPA
-641	75	65.35350054168153	CEBPA	CEBPA
-640	73	65.18045911416323	CEBPA	CEBPA
-639	64	65.0632624962298	CEBPA	CEBPA
-638	61	65.01760538911095	CEBPA	CEBPA
-637	67	64.97002036264435	CEBPA	CEBPA
-636	71	65.19221509515467	CEBPA	CEBPA
-635	66	65.21807982372438	CEBPA	CEBPA
-634	76	65.1700508612995	CEBPA	CEBPA
-633	56	65.12465771640072	CEBPA	CEBPA
-632	64	65.2629273879387	CEBPA	CEBPA
-631	66	65.26203115107117	CEBPA	CEBPA
-630	69	65.34467966290534	CEBPA	CEBPA
-629	57	65.17473268081064	CEBPA	CEBPA
-628	62	65.12393772185811	CEBPA	CEBPA
-627	55	64.9825788460075	CEBPA	CEBPA
-626	81	65.01915412212715	CEBPA	CEBPA
-625	54	64.86200612148681	CEBPA	CEBPA
-624	63	64.82122425314964	CEBPA	CEBPA
-623	75	64.84077041974021	CEBPA	CEBPA
-622	58	65.33349181164523	CEBPA	CEBPA
-621	76	65.33555080325473	CEBPA	CEBPA
-620	78	64.99704160390016	CEBPA	CEBPA
-619	56	65.18173103331408	CEBPA	CEBPA
-618	92	65.22207122278719	CEBPA	CEBPA
-617	83	65.19810469566382	CEBPA	CEBPA
-616	83	65.10830401484439	CEBPA	CEBPA
-615	53	65.03582563614376	CEBPA	CEBPA
-614	60	65.0707631768655	CEBPA	CEBPA
-613	69	65.16662687037989	CEBPA	CEBPA
-612	66	65.16677233122188	CEBPA	CEBPA
-611	65	65.3114347638344	CEBPA	CEBPA
-610	66	65.32561074794236	CEBPA	CEBPA
-609	66	65.28307275783857	CEBPA	CEBPA
-608	68	65.07195918904051	CEBPA	CEBPA
-607	56	65.1903530489715	CEBPA	CEBPA
-606	62	65.08833434858121	CEBPA	CEBPA
-605	67	64.9108433797007	CEBPA	CEBPA
-604	65	65.09942109553477	CEBPA	CEBPA
-603	60	65.05157165622306	CEBPA	CEBPA
-602	62	65.05916739357626	CEBPA	CEBPA
-601	62	65.29199884507615	CEBPA	CEBPA
-600	80	65.12127319502608	CEBPA	CEBPA
-599	71	65.2504580699985	CEBPA	CEBPA
-598	67	65.16420423830274	CEBPA	CEBPA
-597	59	65.14378092877129	CEBPA	CEBPA
-596	70	65.16462459458712	CEBPA	CEBPA
-595	56	65.27544603284572	CEBPA	CEBPA
-594	57	65.26584712448322	CEBPA	CEBPA
-593	80	65.14044156515185	CEBPA	CEBPA
-592	53	65.09752553467561	CEBPA	CEBPA
-591	62	65.0622247332082	CEBPA	CEBPA
-590	75	65.0471498273256	CEBPA	CEBPA
-589	70	65.1114336599049	CEBPA	CEBPA
-588	66	65.09749179989237	CEBPA	CEBPA
-587	58	65.08743294873587	CEBPA	CEBPA
-586	76	65.23474246859655	CEBPA	CEBPA
-585	79	65.14802673110913	CEBPA	CEBPA
-584	59	64.9413386357334	CEBPA	CEBPA
-583	74	65.04443511645034	CEBPA	CEBPA
-582	50	65.01156738001609	CEBPA	CEBPA
-581	68	65.08524858557344	CEBPA	CEBPA
-580	65	65.24654830789518	CEBPA	CEBPA
-579	58	65.40601759965364	CEBPA	CEBPA
-578	65	65.15427234556924	CEBPA	CEBPA
-577	65	64.98863977806323	CEBPA	CEBPA
-576	61	65.16463487253033	CEBPA	CEBPA
-575	73	65.27974216193977	CEBPA	CEBPA
-574	61	65.21806463830498	CEBPA	CEBPA
-573	62	65.3649915933703	CEBPA	CEBPA
-572	72	65.35980673625633	CEBPA	CEBPA
-571	53	65.2519760998961	CEBPA	CEBPA
-570	67	65.34741199079282	CEBPA	CEBPA
-569	56	65.32270092314197	CEBPA	CEBPA
-568	76	65.31902840543657	CEBPA	CEBPA
-567	64	64.9877358067873	CEBPA	CEBPA
-566	64	64.95201659150717	CEBPA	CEBPA
-565	63	64.980930617782	CEBPA	CEBPA
-564	61	64.99763206302369	CEBPA	CEBPA
-563	72	65.23394074039754	CEBPA	CEBPA
-562	63	64.98012644840325	CEBPA	CEBPA
-561	64	65.18884584731687	CEBPA	CEBPA
-560	62	64.97476580602071	CEBPA	CEBPA
-559	75	64.89919362043776	CEBPA	CEBPA
-558	75	64.87003489225911	CEBPA	CEBPA
-557	68	65.14418624986294	CEBPA	CEBPA
-556	64	65.28972497809946	CEBPA	CEBPA
-555	74	65.29150138499315	CEBPA	CEBPA
-554	71	65.36486907442035	CEBPA	CEBPA
-553	76	65.29220229271289	CEBPA	CEBPA
-552	70	65.25092491762796	CEBPA	CEBPA
-551	75	65.20788403772781	CEBPA	CEBPA
-550	47	65.06379116670773	CEBPA	CEBPA
-549	85	65.14036967583404	CEBPA	CEBPA
-548	71	65.1227765773264	CEBPA	CEBPA
-547	59	64.88526621516118	CEBPA	CEBPA
-546	59	64.86468057365731	CEBPA	CEBPA
-545	69	65.16006170026104	CEBPA	CEBPA
-544	60	64.9863465168793	CEBPA	CEBPA
-543	57	64.89965811881373	CEBPA	CEBPA
-542	65	65.12359194891883	CEBPA	CEBPA
-541	73	65.22513228447689	CEBPA	CEBPA
-540	96	65.14876197202291	CEBPA	CEBPA
-539	62	64.94235884528797	CEBPA	CEBPA
-538	57	65.16721045651774	CEBPA	CEBPA
-537	60	65.27525569552925	CEBPA	CEBPA
-536	52	65.23863076984291	CEBPA	CEBPA
-535	68	65.40629854365159	CEBPA	CEBPA
-534	69	65.37631549322755	CEBPA	CEBPA
-533	59	65.21513767772247	CEBPA	CEBPA
-532	64	65.21131996320057	CEBPA	CEBPA
-531	62	65.2395697128526	CEBPA	CEBPA
-530	68	65.30724255411356	CEBPA	CEBPA
-529	57	65.13940292471257	CEBPA	CEBPA
-528	64	65.25801973058752	CEBPA	CEBPA
-527	72	65.24166529228508	CEBPA	CEBPA
-526	65	65.2706438761813	CEBPA	CEBPA
-525	70	65.19497948656411	CEBPA	CEBPA
-524	70	65.25893486800886	CEBPA	CEBPA
-523	83	65.46281174676862	CEBPA	CEBPA
-522	63	65.43700152454387	CEBPA	CEBPA
-521	60	65.0952618324887	CEBPA	CEBPA
-520	66	65.1110272917959	CEBPA	CEBPA
-519	56	65.33370571191631	CEBPA	CEBPA
-518	60	65.1078725352009	CEBPA	CEBPA
-517	67	65.1289833009878	CEBPA	CEBPA
-516	70	65.19761397162371	CEBPA	CEBPA
-515	67	65.1992746132688	CEBPA	CEBPA
-514	60	65.17041629878031	CEBPA	CEBPA
-513	66	65.18370984408102	CEBPA	CEBPA
-512	57	65.25610920358018	CEBPA	CEBPA
-511	70	65.35769601119735	CEBPA	CEBPA
-510	79	65.12657261990731	CEBPA	CEBPA
-509	78	65.12308301871583	CEBPA	CEBPA
-508	68	65.30379665561057	CEBPA	CEBPA
-507	64	65.39962892739644	CEBPA	CEBPA
-506	57	65.17851513595953	CEBPA	CEBPA
-505	57	65.13949847702379	CEBPA	CEBPA
-504	62	65.28622155936942	CEBPA	CEBPA
-503	83	65.31848071899954	CEBPA	CEBPA
-502	84	65.1848356493763	CEBPA	CEBPA
-501	90	65.04923151890395	CEBPA	CEBPA
-500	70	65.16226141319831	CEBPA	CEBPA
-499	81	65.09238126782931	CEBPA	CEBPA
-498	68	65.14875192494847	CEBPA	CEBPA
-497	67	65.04010086600994	CEBPA	CEBPA
-496	64	65.08662902830942	CEBPA	CEBPA
-495	59	65.32641098822651	CEBPA	CEBPA
-494	83	65.17212488133634	CEBPA	CEBPA
-493	61	65.06420508489951	CEBPA	CEBPA
-492	65	65.26976795557079	CEBPA	CEBPA
-491	73	65.3806723498806	CEBPA	CEBPA
-490	77	65.19564545459012	CEBPA	CEBPA
-489	65	65.32824545620524	CEBPA	CEBPA
-488	73	65.18188864385327	CEBPA	CEBPA
-487	53	65.14266307224601	CEBPA	CEBPA
-486	60	64.87219725504251	CEBPA	CEBPA
-485	60	65.06847775288277	CEBPA	CEBPA
-484	69	65.18787534220861	CEBPA	CEBPA
-483	72	65.27703490083559	CEBPA	CEBPA
-482	76	65.37181650416996	CEBPA	CEBPA
-481	70	65.09454824702844	CEBPA	CEBPA
-480	61	65.06002395045532	CEBPA	CEBPA
-479	63	65.1066106804036	CEBPA	CEBPA
-478	56	65.23256715468965	CEBPA	CEBPA
-477	63	65.24399035677446	CEBPA	CEBPA
-476	71	65.11259974689233	CEBPA	CEBPA
-475	61	65.09378952241312	CEBPA	CEBPA
-474	58	65.1128088636272	CEBPA	CEBPA
-473	65	65.18998467920242	CEBPA	CEBPA
-472	69	65.08357061808117	CEBPA	CEBPA
-471	58	65.21498063486453	CEBPA	CEBPA
-470	73	65.18308922431277	CEBPA	CEBPA
-469	78	65.21648846596685	CEBPA	CEBPA
-468	58	65.23194501999771	CEBPA	CEBPA
-467	66	65.00998185646986	CEBPA	CEBPA
-466	71	65.15851387334595	CEBPA	CEBPA
-465	54	65.17121136879403	CEBPA	CEBPA
-464	57	65.2666069647456	CEBPA	CEBPA
-463	60	65.19291451117041	CEBPA	CEBPA
-462	65	65.01972216970373	CEBPA	CEBPA
-461	87	65.11372866313931	CEBPA	CEBPA
-460	67	64.99793536067219	CEBPA	CEBPA
-459	66	64.95427321742825	CEBPA	CEBPA
-458	54	65.03800574135735	CEBPA	CEBPA
-457	58	65.18425481478756	CEBPA	CEBPA
-456	60	65.208039600552	CEBPA	CEBPA
-455	61	65.11068836602152	CEBPA	CEBPA
-454	59	65.00789972477506	CEBPA	CEBPA
-453	62	64.9541976516619	CEBPA	CEBPA
-452	55	65.0883725694517	CEBPA	CEBPA
-451	72	65.05648786520524	CEBPA	CEBPA
-450	66	65.0438557538469	CEBPA	CEBPA
-449	63	65.22567125108344	CEBPA	CEBPA
-448	44	65.13057410858615	CEBPA	CEBPA
-447	74	65.13159639690363	CEBPA	CEBPA
-446	52	65.31086691887835	CEBPA	CEBPA
-445	72	65.24840489099233	CEBPA	CEBPA
-444	63	65.17026435963508	CEBPA	CEBPA
-443	63	65.06247742413078	CEBPA	CEBPA
-442	72	65.05873336861566	CEBPA	CEBPA
-441	73	65.09694264867473	CEBPA	CEBPA
-440	59	65.1415067034415	CEBPA	CEBPA
-439	70	65.03909157189571	CEBPA	CEBPA
-438	59	64.99143503916606	CEBPA	CEBPA
-437	65	65.14187554999188	CEBPA	CEBPA
-436	68	65.38003475473893	CEBPA	CEBPA
-435	74	65.34783491971695	CEBPA	CEBPA
-434	69	65.28668168497053	CEBPA	CEBPA
-433	60	65.12292419304165	CEBPA	CEBPA
-432	74	65.09162380079417	CEBPA	CEBPA
-431	63	65.16285169713301	CEBPA	CEBPA
-430	56	65.17242691565666	CEBPA	CEBPA
-429	59	65.14807729665277	CEBPA	CEBPA
-428	52	65.2050935588677	CEBPA	CEBPA
-427	65	65.15232219632452	CEBPA	CEBPA
-426	58	65.16891987777724	CEBPA	CEBPA
-425	60	65.2830401218365	CEBPA	CEBPA
-424	61	65.29334749897362	CEBPA	CEBPA
-423	63	65.06547426788862	CEBPA	CEBPA
-422	51	65.04552296100678	CEBPA	CEBPA
-421	65	65.01776797543017	CEBPA	CEBPA
-420	63	65.1566470344576	CEBPA	CEBPA
-419	60	65.24402646226143	CEBPA	CEBPA
-418	73	65.0719100814633	CEBPA	CEBPA
-417	71	65.08433394180184	CEBPA	CEBPA
-416	58	65.17729482762034	CEBPA	CEBPA
-415	68	65.15048100462867	CEBPA	CEBPA
-414	60	65.11810149995088	CEBPA	CEBPA
-413	73	65.03967507875872	CEBPA	CEBPA
-412	70	65.24113107117199	CEBPA	CEBPA
-411	60	65.16250226209822	CEBPA	CEBPA
-410	65	65.08975507551214	CEBPA	CEBPA
-409	56	65.03550982886046	CEBPA	CEBPA
-408	62	65.09153777419364	CEBPA	CEBPA
-407	58	65.07568182006524	CEBPA	CEBPA
-406	80	65.25306026846577	CEBPA	CEBPA
-405	74	65.09737416339867	CEBPA	CEBPA
-404	64	65.00373353890444	CEBPA	CEBPA
-403	72	65.14063396163013	CEBPA	CEBPA
-402	64	65.10293134662476	CEBPA	CEBPA
-401	67	64.9946608913072	CEBPA	CEBPA
-400	54	65.14228410835446	CEBPA	CEBPA
-399	59	65.21942980223976	CEBPA	CEBPA
-398	57	65.23640735347617	CEBPA	CEBPA
-397	73	65.25239574706798	CEBPA	CEBPA
-396	60	65.33616016010647	CEBPA	CEBPA
-395	67	65.45883904768696	CEBPA	CEBPA
-394	75	65.34261558351392	CEBPA	CEBPA
-393	63	65.25365827483627	CEBPA	CEBPA
-392	64	65.099463011477	CEBPA	CEBPA
-391	61	65.11451323254308	CEBPA	CEBPA
-390	69	65.18871732616105	CEBPA	CEBPA
-389	64	64.96288217728123	CEBPA	CEBPA
-388	67	65.2695770022415	CEBPA	CEBPA
-387	52	65.32914705731432	CEBPA	CEBPA
-386	72	65.18730606027869	CEBPA	CEBPA
-385	69	65.38974822070017	CEBPA	CEBPA
-384	55	65.27947039467107	CEBPA	CEBPA
-383	55	64.99568194338609	CEBPA	CEBPA
-382	74	64.87019964647799	CEBPA	CEBPA
-381	75	65.14731468437152	CEBPA	CEBPA
-380	82	65.16278460652678	CEBPA	CEBPA
-379	64	65.08311921814541	CEBPA	CEBPA
-378	65	65.2743228842865	CEBPA	CEBPA
-377	68	65.06907744867237	CEBPA	CEBPA
-376	68	64.95912601799745	CEBPA	CEBPA
-375	70	64.9796118477706	CEBPA	CEBPA
-374	66	65.08099096726694	CEBPA	CEBPA
-373	67	65.24535476385473	CEBPA	CEBPA
-372	56	65.09156731922333	CEBPA	CEBPA
-371	72	65.13707069592182	CEBPA	CEBPA
-370	70	65.10644967317006	CEBPA	CEBPA
-369	72	65.25548073112695	CEBPA	CEBPA
-368	69	64.97472606348322	CEBPA	CEBPA
-367	67	65.0444826504191	CEBPA	CEBPA
-366	58	65.07724315941188	CEBPA	CEBPA
-365	69	64.98804904595652	CEBPA	CEBPA
-364	65	65.02171018284857	CEBPA	CEBPA
-363	66	65.18461327040126	CEBPA	CEBPA
-362	59	65.01236090893507	CEBPA	CEBPA
-361	80	65.1344421155046	CEBPA	CEBPA
-360	69	65.18031822072189	CEBPA	CEBPA
-359	76	65.18447923929	CEBPA	CEBPA
-358	49	65.14104165066915	CEBPA	CEBPA
-357	62	65.09835580516356	CEBPA	CEBPA
-356	65	64.97768581784739	CEBPA	CEBPA
-355	59	65.14291113258635	CEBPA	CEBPA
-354	58	65.08104017973231	CEBPA	CEBPA
-353	70	65.25775968548719	CEBPA	CEBPA
-352	52	65.15308016828624	CEBPA	CEBPA
-351	54	65.12036557420203	CEBPA	CEBPA
-350	68	65.20360187375655	CEBPA	CEBPA
-349	65	64.88504791883268	CEBPA	CEBPA
-348	65	64.765277887302	CEBPA	CEBPA
-347	61	64.8821525148727	CEBPA	CEBPA
-346	71	64.97623164534092	CEBPA	CEBPA
-345	52	65.00020196240531	CEBPA	CEBPA
-344	71	64.98975547844599	CEBPA	CEBPA
-343	64	65.02068813203468	CEBPA	CEBPA
-342	67	65.03855662235064	CEBPA	CEBPA
-341	57	65.07629393788073	CEBPA	CEBPA
-340	62	65.04473250697657	CEBPA	CEBPA
-339	70	65.0308141962391	CEBPA	CEBPA
-338	69	65.02005457926896	CEBPA	CEBPA
-337	62	65.01160523268703	CEBPA	CEBPA
-336	85	65.09192810255605	CEBPA	CEBPA
-335	70	65.04153599355026	CEBPA	CEBPA
-334	72	64.98921545352381	CEBPA	CEBPA
-333	60	65.14799587291672	CEBPA	CEBPA
-332	56	65.2038665672918	CEBPA	CEBPA
-331	72	65.08152325188524	CEBPA	CEBPA
-330	61	65.05096373857847	CEBPA	CEBPA
-329	55	65.12903687913938	CEBPA	CEBPA
-328	78	64.998382553529	CEBPA	CEBPA
-327	53	65.16778085804091	CEBPA	CEBPA
-326	67	65.22043515338152	CEBPA	CEBPA
-325	73	65.29666372412609	CEBPA	CEBPA
-324	68	65.08090038811343	CEBPA	CEBPA
-323	61	64.87796347962997	CEBPA	CEBPA
-322	60	65.05302597767925	CEBPA	CEBPA
-321	67	65.15881325838484	CEBPA	CEBPA
-320	80	65.16987582471243	CEBPA	CEBPA
-319	60	65.12088613317741	CEBPA	CEBPA
-318	51	65.29660057819041	CEBPA	CEBPA
-317	71	65.13897241202912	CEBPA	CEBPA
-316	71	65.14339862138756	CEBPA	CEBPA
-315	68	65.01493842242071	CEBPA	CEBPA
-314	52	65.03740327556702	CEBPA	CEBPA
-313	56	65.05517165899994	CEBPA	CEBPA
-312	70	65.26561835396855	CEBPA	CEBPA
-311	78	65.21112791592955	CEBPA	CEBPA
-310	54	65.05186713466277	CEBPA	CEBPA
-309	63	65.15319593951405	CEBPA	CEBPA
-308	62	65.25825606687545	CEBPA	CEBPA
-307	63	65.18375691302653	CEBPA	CEBPA
-306	63	65.07633544282098	CEBPA	CEBPA
-305	66	65.15145038020616	CEBPA	CEBPA
-304	73	64.99010698250535	CEBPA	CEBPA
-303	73	65.12911653665483	CEBPA	CEBPA
-302	68	65.05074281589559	CEBPA	CEBPA
-301	58	65.1556592527018	CEBPA	CEBPA
-300	49	65.19615568938231	CEBPA	CEBPA
-299	66	65.15054353969035	CEBPA	CEBPA
-298	58	65.08372137561147	CEBPA	CEBPA
-297	63	64.96428384095003	CEBPA	CEBPA
-296	55	64.90356784264742	CEBPA	CEBPA
-295	81	64.88506153564668	CEBPA	CEBPA
-294	73	65.01783882500293	CEBPA	CEBPA
-293	71	65.22838921498632	CEBPA	CEBPA
-292	59	65.15649543109417	CEBPA	CEBPA
-291	79	65.21587476626712	CEBPA	CEBPA
-290	59	65.18976726904329	CEBPA	CEBPA
-289	78	65.11029562630091	CEBPA	CEBPA
-288	47	65.0035977661258	CEBPA	CEBPA
-287	59	64.96276658556945	CEBPA	CEBPA
-286	61	64.87599719527263	CEBPA	CEBPA
-285	66	64.96594734465636	CEBPA	CEBPA
-284	60	64.9753032417015	CEBPA	CEBPA
-283	64	65.11870191629838	CEBPA	CEBPA
-282	66	65.16978424322902	CEBPA	CEBPA
-281	49	65.13927676408296	CEBPA	CEBPA
-280	47	65.07424828010095	CEBPA	CEBPA
-279	52	65.05660734370424	CEBPA	CEBPA
-278	45	65.21428585360036	CEBPA	CEBPA
-277	94	65.35605801873803	CEBPA	CEBPA
-276	65	65.27006902597617	CEBPA	CEBPA
-275	71	65.04225524469827	CEBPA	CEBPA
-274	59	65.09886938026607	CEBPA	CEBPA
-273	74	65.20044415272066	CEBPA	CEBPA
-272	63	65.43722088267499	CEBPA	CEBPA
-271	62	65.2707565796617	CEBPA	CEBPA
-270	66	65.07441876590623	CEBPA	CEBPA
-269	53	64.95450498796853	CEBPA	CEBPA
-268	75	65.07226244474343	CEBPA	CEBPA
-267	67	65.02612315869351	CEBPA	CEBPA
-266	73	64.90200508887466	CEBPA	CEBPA
-265	58	64.98516463683349	CEBPA	CEBPA
-264	58	65.27298843448646	CEBPA	CEBPA
-263	64	65.35596463449541	CEBPA	CEBPA
-262	54	65.0985087258058	CEBPA	CEBPA
-261	59	64.95736245900693	CEBPA	CEBPA
-260	68	64.87678657856699	CEBPA	CEBPA
-259	72	65.12855990705509	CEBPA	CEBPA
-258	57	65.18877819010117	CEBPA	CEBPA
-257	61	65.25336111750264	CEBPA	CEBPA
-256	66	65.23877029157653	CEBPA	CEBPA
-255	57	64.88709675949514	CEBPA	CEBPA
-254	68	65.0225990398876	CEBPA	CEBPA
-253	76	65.14633332210425	CEBPA	CEBPA
-252	70	65.1010770462812	CEBPA	CEBPA
-251	81	64.96531904659433	CEBPA	CEBPA
-250	67	64.77276596200895	CEBPA	CEBPA
-249	68	64.85912719810351	CEBPA	CEBPA
-248	68	64.78432050875358	CEBPA	CEBPA
-247	77	64.78663135984795	CEBPA	CEBPA
-246	76	65.16658031564047	CEBPA	CEBPA
-245	74	65.40889058656438	CEBPA	CEBPA
-244	65	65.08559326933764	CEBPA	CEBPA
-243	62	65.07286280163038	CEBPA	CEBPA
-242	74	65.14587599937794	CEBPA	CEBPA
-241	65	65.12947407253336	CEBPA	CEBPA
-240	71	65.1246698693945	CEBPA	CEBPA
-239	63	65.1958033746671	CEBPA	CEBPA
-238	59	65.27032843217802	CEBPA	CEBPA
-237	69	65.32231083817715	CEBPA	CEBPA
-236	63	65.14364149171752	CEBPA	CEBPA
-235	70	65.06963040124573	CEBPA	CEBPA
-234	58	65.13299250406503	CEBPA	CEBPA
-233	68	65.31380333136775	CEBPA	CEBPA
-232	54	65.20666658035255	CEBPA	CEBPA
-231	59	65.45729407955974	CEBPA	CEBPA
-230	59	65.29617335662405	CEBPA	CEBPA
-229	67	64.9163891725234	CEBPA	CEBPA
-228	59	64.98266044303853	CEBPA	CEBPA
-227	69	64.97430873997378	CEBPA	CEBPA
-226	50	65.19923532001937	CEBPA	CEBPA
-225	60	65.2628806460041	CEBPA	CEBPA
-224	59	65.19725156718566	CEBPA	CEBPA
-223	70	65.05291211962	CEBPA	CEBPA
-222	79	65.01344038268395	CEBPA	CEBPA
-221	83	65.12373359709322	CEBPA	CEBPA
-220	66	65.04899619667592	CEBPA	CEBPA
-219	59	65.0678729100555	CEBPA	CEBPA
-218	74	65.15750096401028	CEBPA	CEBPA
-217	65	65.19538501505947	CEBPA	CEBPA
-216	63	65.19596836895438	CEBPA	CEBPA
-215	73	64.94138454107642	CEBPA	CEBPA
-214	60	64.87499852539848	CEBPA	CEBPA
-213	54	64.88004484895943	CEBPA	CEBPA
-212	63	64.85752353092042	CEBPA	CEBPA
-211	65	64.92517624578495	CEBPA	CEBPA
-210	76	64.83599940446734	CEBPA	CEBPA
-209	47	65.15734554078823	CEBPA	CEBPA
-208	58	64.82499197468668	CEBPA	CEBPA
-207	61	64.83429593282355	CEBPA	CEBPA
-206	58	64.8647811236272	CEBPA	CEBPA
-205	60	65.02525273058176	CEBPA	CEBPA
-204	56	64.99403638601585	CEBPA	CEBPA
-203	62	64.87919626282067	CEBPA	CEBPA
-202	64	64.92411447215584	CEBPA	CEBPA
-201	79	64.9629523382309	CEBPA	CEBPA
-200	66	64.80133844599692	CEBPA	CEBPA
-199	69	64.77640050998558	CEBPA	CEBPA
-198	70	64.69145883355849	CEBPA	CEBPA
-197	66	64.65514749176415	CEBPA	CEBPA
-196	66	64.67829693074266	CEBPA	CEBPA
-195	68	64.66979722725016	CEBPA	CEBPA
-194	75	64.86942060414798	CEBPA	CEBPA
-193	63	64.71313872962881	CEBPA	CEBPA
-192	60	64.8253783668938	CEBPA	CEBPA
-191	76	64.84627673866963	CEBPA	CEBPA
-190	55	64.90667823219113	CEBPA	CEBPA
-189	69	64.97517292055089	CEBPA	CEBPA
-188	73	64.97521360609285	CEBPA	CEBPA
-187	52	65.05614420808972	CEBPA	CEBPA
-186	65	64.98836611866068	CEBPA	CEBPA
-185	51	64.82650360087341	CEBPA	CEBPA
-184	65	64.83609427562197	CEBPA	CEBPA
-183	55	64.81414421561118	CEBPA	CEBPA
-182	64	64.81302867043908	CEBPA	CEBPA
-181	53	65.05726186550937	CEBPA	CEBPA
-180	67	65.09673516803721	CEBPA	CEBPA
-179	57	65.0675343641941	CEBPA	CEBPA
-178	70	65.26702963649642	CEBPA	CEBPA
-177	65	65.11625181274168	CEBPA	CEBPA
-176	68	65.07788511729761	CEBPA	CEBPA
-175	78	65.0959302024928	CEBPA	CEBPA
-174	67	65.11113529510817	CEBPA	CEBPA
-173	69	65.30685820334396	CEBPA	CEBPA
-172	72	65.15411761990676	CEBPA	CEBPA
-171	64	64.89489054096467	CEBPA	CEBPA
-170	64	64.81912612541669	CEBPA	CEBPA
-169	63	65.04841625626801	CEBPA	CEBPA
-168	57	65.06373972304297	CEBPA	CEBPA
-167	74	65.17519390548595	CEBPA	CEBPA
-166	74	65.24116739984306	CEBPA	CEBPA
-165	69	65.0473385889389	CEBPA	CEBPA
-164	90	64.93692852969808	CEBPA	CEBPA
-163	75	64.8874570501938	CEBPA	CEBPA
-162	56	64.73685236089688	CEBPA	CEBPA
-161	61	64.8593657895838	CEBPA	CEBPA
-160	64	65.05688323618074	CEBPA	CEBPA
-159	67	65.12068002640893	CEBPA	CEBPA
-158	54	65.22808226996752	CEBPA	CEBPA
-157	63	65.12358370554826	CEBPA	CEBPA
-156	64	65.13824582815414	CEBPA	CEBPA
-155	55	65.17042554073163	CEBPA	CEBPA
-154	49	65.00994772372515	CEBPA	CEBPA
-153	79	64.8669727682034	CEBPA	CEBPA
-152	62	65.06993506570593	CEBPA	CEBPA
-151	78	65.06254457868502	CEBPA	CEBPA
-150	74	65.19575021363765	CEBPA	CEBPA
-149	67	65.31737893011409	CEBPA	CEBPA
-148	66	65.11838835772053	CEBPA	CEBPA
-147	70	64.88384633407117	CEBPA	CEBPA
-146	58	65.04388603147714	CEBPA	CEBPA
-145	78	64.96530987630864	CEBPA	CEBPA
-144	70	64.95418485994843	CEBPA	CEBPA
-143	84	65.07227161001197	CEBPA	CEBPA
-142	52	64.92989585515804	CEBPA	CEBPA
-141	64	64.96894695906569	CEBPA	CEBPA
-140	57	64.92460796871357	CEBPA	CEBPA
-139	65	65.3854483680281	CEBPA	CEBPA
-138	56	65.5096309856502	CEBPA	CEBPA
-137	57	65.6545941546258	CEBPA	CEBPA
-136	63	65.37263691914636	CEBPA	CEBPA
-135	54	65.16174707058828	CEBPA	CEBPA
-134	70	64.99299652958635	CEBPA	CEBPA
-133	73	65.06219850868726	CEBPA	CEBPA
-132	65	65.29674078400228	CEBPA	CEBPA
-131	67	65.32940862711358	CEBPA	CEBPA
-130	59	65.15599730923915	CEBPA	CEBPA
-129	60	65.554272536975	CEBPA	CEBPA
-128	61	65.31209068984575	CEBPA	CEBPA
-127	62	65.07264310623366	CEBPA	CEBPA
-126	73	64.84641297680554	CEBPA	CEBPA
-125	72	64.88910190803	CEBPA	CEBPA
-124	69	64.8183263190767	CEBPA	CEBPA
-123	80	64.8005433857047	CEBPA	CEBPA
-122	59	64.73615161841649	CEBPA	CEBPA
-121	62	64.79532401631997	CEBPA	CEBPA
-120	63	64.64651716893677	CEBPA	CEBPA
-119	53	64.51673849446183	CEBPA	CEBPA
-118	79	64.45345489458828	CEBPA	CEBPA
-117	61	64.33716365398503	CEBPA	CEBPA
-116	58	64.61699273990747	CEBPA	CEBPA
-115	63	64.92236065282621	CEBPA	CEBPA
-114	72	65.01451065723188	CEBPA	CEBPA
-113	75	65.08203924956769	CEBPA	CEBPA
-112	70	64.9769341188486	CEBPA	CEBPA
-111	69	65.17110125030328	CEBPA	CEBPA
-110	57	64.76657081421483	CEBPA	CEBPA
-109	65	64.61216701454644	CEBPA	CEBPA
-108	60	64.7013000622033	CEBPA	CEBPA
-107	64	64.95913253130632	CEBPA	CEBPA
-106	89	65.05185675443737	CEBPA	CEBPA
-105	61	65.08740534591716	CEBPA	CEBPA
-104	69	65.24990916769717	CEBPA	CEBPA
-103	63	65.22169556379426	CEBPA	CEBPA
-102	62	64.96734620051984	CEBPA	CEBPA
-101	67	64.95188262000508	CEBPA	CEBPA
-100	59	64.96137566603286	CEBPA	CEBPA
-99	64	65.27681299969511	CEBPA	CEBPA
-98	64	65.22721933660205	CEBPA	CEBPA
-97	80	65.12837188161998	CEBPA	CEBPA
-96	69	65.42014253186915	CEBPA	CEBPA
-95	61	65.48209910944247	CEBPA	CEBPA
-94	66	65.62930012230929	CEBPA	CEBPA
-93	59	65.10296020187062	CEBPA	CEBPA
-92	79	65.03203897117363	CEBPA	CEBPA
-91	57	64.92629832730617	CEBPA	CEBPA
-90	59	65.41250794495114	CEBPA	CEBPA
-89	47	65.25383989977465	CEBPA	CEBPA
-88	73	65.16436916258826	CEBPA	CEBPA
-87	58	65.31066706506286	CEBPA	CEBPA
-86	67	65.05215166245885	CEBPA	CEBPA
-85	64	65.14202949601224	CEBPA	CEBPA
-84	76	65.62144456947888	CEBPA	CEBPA
-83	87	65.58888750798428	CEBPA	CEBPA
-82	71	65.68916925954126	CEBPA	CEBPA
-81	77	65.2196616944098	CEBPA	CEBPA
-80	63	64.718819657393	CEBPA	CEBPA
-79	60	65.15699292420564	CEBPA	CEBPA
-78	60	64.9787774179755	CEBPA	CEBPA
-77	44	64.83263802244252	CEBPA	CEBPA
-76	70	64.6717354748239	CEBPA	CEBPA
-75	75	64.98537876765938	CEBPA	CEBPA
-74	64	65.07642526601111	CEBPA	CEBPA
-73	69	65.23823821928104	CEBPA	CEBPA
-72	70	64.94358538749027	CEBPA	CEBPA
-71	67	64.66284235224121	CEBPA	CEBPA
-70	65	64.8034662701798	CEBPA	CEBPA
-69	78	65.00609731524038	CEBPA	CEBPA
-68	69	64.88841657739322	CEBPA	CEBPA
-67	74	64.55430890251759	CEBPA	CEBPA
-66	77	64.63272560516917	CEBPA	CEBPA
-65	82	64.43786115982773	CEBPA	CEBPA
-64	65	64.74469885452811	CEBPA	CEBPA
-63	54	65.03197182363704	CEBPA	CEBPA
-62	71	65.04190021696348	CEBPA	CEBPA
-61	65	64.77104044553575	CEBPA	CEBPA
-60	73	64.93281506288112	CEBPA	CEBPA
-59	61	65.12718555130377	CEBPA	CEBPA
-58	74	64.98863966161213	CEBPA	CEBPA
-57	61	64.72727443447661	CEBPA	CEBPA
-56	64	65.24158473366346	CEBPA	CEBPA
-55	70	65.11940279972688	CEBPA	CEBPA
-54	61	64.80960323753006	CEBPA	CEBPA
-53	65	65.43906971775719	CEBPA	CEBPA
-52	56	65.15419354646419	CEBPA	CEBPA
-51	60	65.34569417482518	CEBPA	CEBPA
-50	89	65.32929801687865	CEBPA	CEBPA
-49	72	65.32732320344334	CEBPA	CEBPA
-48	61	65.07133400784264	CEBPA	CEBPA
-47	66	65.05655692360534	CEBPA	CEBPA
-46	60	64.88746861218675	CEBPA	CEBPA
-45	53	65.04961341273882	CEBPA	CEBPA
-44	63	64.79701305415534	CEBPA	CEBPA
-43	52	65.10684665683543	CEBPA	CEBPA
-42	65	65.14455067810654	CEBPA	CEBPA
-41	62	64.73757869884373	CEBPA	CEBPA
-40	74	64.71728361370049	CEBPA	CEBPA
-39	78	64.6884877093869	CEBPA	CEBPA
-38	61	64.95793645866644	CEBPA	CEBPA
-37	63	64.97467172974535	CEBPA	CEBPA
-36	69	64.52638503425038	CEBPA	CEBPA
-35	66	64.82891122802525	CEBPA	CEBPA
-34	66	64.58236306173092	CEBPA	CEBPA
-33	76	64.61842553886507	CEBPA	CEBPA
-32	62	64.6877344569431	CEBPA	CEBPA
-31	73	64.28402518071991	CEBPA	CEBPA
-30	68	64.91954764747271	CEBPA	CEBPA
-29	81	64.49602077419618	CEBPA	CEBPA
-28	58	63.9888636849849	CEBPA	CEBPA
-27	60	64.17841018128145	CEBPA	CEBPA
-26	64	64.46170689335128	CEBPA	CEBPA
-25	71	64.57808366157313	CEBPA	CEBPA
-24	68	65.4517230884681	CEBPA	CEBPA
-23	65	65.55313264676103	CEBPA	CEBPA
-22	59	64.66544499558768	CEBPA	CEBPA
-21	67	64.35820890693782	CEBPA	CEBPA
-20	49	63.53440613185756	CEBPA	CEBPA
-19	57	63.84265899409949	CEBPA	CEBPA
-18	70	64.5159423709196	CEBPA	CEBPA
-17	54	64.69423809358143	CEBPA	CEBPA
-16	74	64.59991002484009	CEBPA	CEBPA
-15	60	65.06696062148431	CEBPA	CEBPA
-14	60	64.96927088557652	CEBPA	CEBPA
-13	74	64.70357271698676	CEBPA	CEBPA
-12	72	64.75486169236844	CEBPA	CEBPA
-11	72	64.66635714581405	CEBPA	CEBPA
-10	78	64.35732646355491	CEBPA	CEBPA
-9	65	65.58613517432511	CEBPA	CEBPA
-8	66	65.30323228550095	CEBPA	CEBPA
-7	62	64.20072309849009	CEBPA	CEBPA
-6	79	65.54440740761717	CEBPA	CEBPA
-5	53	68.3635927312001	CEBPA	CEBPA
-4	60	56.2999959433241	CEBPA	CEBPA
-3	45	50.55803252685162	CEBPA	CEBPA
-2	81	64.63511039316934	CEBPA	CEBPA
-1	73	65.93862252968754	CEBPA	CEBPA
0	80	65.77519850819111	CEBPA	CEBPA
1	76	64.65610581126525	CEBPA	CEBPA
2	47	50.75478066224582	CEBPA	CEBPA
3	71	56.60719339209932	CEBPA	CEBPA
4	57	68.35096578328296	CEBPA	CEBPA
5	78	65.60933641843677	CEBPA	CEBPA
6	102	64.05787398594275	CEBPA	CEBPA
7	75	65.1471915539013	CEBPA	CEBPA
8	51	65.36125710411667	CEBPA	CEBPA
9	64	64.12968778471955	CEBPA	CEBPA
10	64	64.69682421796115	CEBPA	CEBPA
11	62	64.78971445535332	CEBPA	CEBPA
12	79	64.7124546455507	CEBPA	CEBPA
13	63	65.09388083561447	CEBPA	CEBPA
14	69	65.10210878492849	CEBPA	CEBPA
15	54	64.62630607110493	CEBPA	CEBPA
16	64	64.83839068243766	CEBPA	CEBPA
17	76	64.5794625361994	CEBPA	CEBPA
18	86	63.98211744540719	CEBPA	CEBPA
19	78	63.69671122930137	CEBPA	CEBPA
20	52	64.27497116997147	CEBPA	CEBPA
21	71	64.6329153638914	CEBPA	CEBPA
22	62	65.58546241727944	CEBPA	CEBPA
23	65	65.41774286663451	CEBPA	CEBPA
24	72	64.61513472055198	CEBPA	CEBPA
25	74	64.45451567889191	CEBPA	CEBPA
26	61	64.2175887667055	CEBPA	CEBPA
27	54	64.10472926364943	CEBPA	CEBPA
28	65	64.48963981895253	CEBPA	CEBPA
29	66	65.0127994861971	CEBPA	CEBPA
30	63	64.38988128252477	CEBPA	CEBPA
31	70	64.71353478969269	CEBPA	CEBPA
32	62	64.72094443084787	CEBPA	CEBPA
33	74	64.61065069302654	CEBPA	CEBPA
34	64	64.88408738069654	CEBPA	CEBPA
35	66	64.6374477509747	CEBPA	CEBPA
36	61	64.95616420417657	CEBPA	CEBPA
37	65	65.07082271548498	CEBPA	CEBPA
38	53	64.6618057123313	CEBPA	CEBPA
39	74	64.673110836453	CEBPA	CEBPA
40	68	64.77825546818018	CEBPA	CEBPA
41	76	65.23664158762107	CEBPA	CEBPA
42	74	65.15566417952604	CEBPA	CEBPA
43	75	64.75387547359834	CEBPA	CEBPA
44	57	64.73867820218719	CEBPA	CEBPA
45	62	64.7879647569116	CEBPA	CEBPA
46	67	65.0253742175418	CEBPA	CEBPA
47	82	64.94097405752204	CEBPA	CEBPA
48	66	65.18166138201076	CEBPA	CEBPA
49	70	65.21993731360601	CEBPA	CEBPA
50	69	65.2739723365495	CEBPA	CEBPA
51	80	64.96282498704868	CEBPA	CEBPA
52	62	65.52666421056838	CEBPA	CEBPA
53	65	65.34420698157653	CEBPA	CEBPA
54	75	65.02707379687097	CEBPA	CEBPA
55	67	64.92647954045519	CEBPA	CEBPA
56	60	64.81084034933507	CEBPA	CEBPA
57	48	65.00932306712969	CEBPA	CEBPA
58	66	65.06901231799704	CEBPA	CEBPA
59	72	64.84397041100836	CEBPA	CEBPA
60	63	64.85442327318802	CEBPA	CEBPA
61	76	65.02709664284889	CEBPA	CEBPA
62	64	65.06625805143594	CEBPA	CEBPA
63	66	65.08317278314635	CEBPA	CEBPA
64	63	64.43036974196798	CEBPA	CEBPA
65	62	64.33946993384481	CEBPA	CEBPA
66	54	64.45223782293819	CEBPA	CEBPA
67	67	64.93562853221866	CEBPA	CEBPA
68	63	64.95437869286579	CEBPA	CEBPA
69	66	64.68989615438797	CEBPA	CEBPA
70	69	64.77149430877047	CEBPA	CEBPA
71	54	65.32164184971313	CEBPA	CEBPA
72	56	65.24346207176265	CEBPA	CEBPA
73	84	65.1417412915104	CEBPA	CEBPA
74	63	64.95107666402136	CEBPA	CEBPA
75	67	64.72999939127871	CEBPA	CEBPA
76	56	64.89204520756424	CEBPA	CEBPA
77	74	65.07651099959061	CEBPA	CEBPA
78	65	65.3072551335084	CEBPA	CEBPA
79	55	64.68358059897203	CEBPA	CEBPA
80	62	65.21649576551877	CEBPA	CEBPA
81	67	65.55085224090384	CEBPA	CEBPA
82	60	65.45350112699242	CEBPA	CEBPA
83	63	65.58830339490319	CEBPA	CEBPA
84	72	65.17976428141993	CEBPA	CEBPA
85	52	65.0871574156754	CEBPA	CEBPA
86	46	65.06766441969717	CEBPA	CEBPA
87	79	64.99840102343447	CEBPA	CEBPA
88	58	65.02986190725352	CEBPA	CEBPA
89	61	65.01120453899998	CEBPA	CEBPA
90	60	64.91212979094591	CEBPA	CEBPA
91	57	64.97001730595194	CEBPA	CEBPA
92	68	65.41037917222698	CEBPA	CEBPA
93	67	66.1561800142318	CEBPA	CEBPA
94	59	65.70213994115836	CEBPA	CEBPA
95	88	65.7864938557766	CEBPA	CEBPA
96	70	65.4849896987135	CEBPA	CEBPA
97	60	65.20873862552074	CEBPA	CEBPA
98	83	65.20841560549889	CEBPA	CEBPA
99	55	65.09230298419914	CEBPA	CEBPA
100	81	65.26801785554478	CEBPA	CEBPA
101	65	64.8286573875746	CEBPA	CEBPA
102	81	65.01444685291911	CEBPA	CEBPA
103	51	65.2868106668301	CEBPA	CEBPA
104	62	65.43263268003759	CEBPA	CEBPA
105	62	65.15537645674895	CEBPA	CEBPA
106	51	64.76741315282102	CEBPA	CEBPA
107	62	64.74604221843158	CEBPA	CEBPA
108	56	64.73433043545779	CEBPA	CEBPA
109	75	64.56325563368354	CEBPA	CEBPA
110	68	64.97016999891913	CEBPA	CEBPA
111	74	65.11811672123967	CEBPA	CEBPA
112	64	64.82316333584563	CEBPA	CEBPA
113	65	64.80158461763106	CEBPA	CEBPA
114	76	64.80791288314617	CEBPA	CEBPA
115	75	64.59598394122413	CEBPA	CEBPA
116	62	64.49658958055457	CEBPA	CEBPA
117	64	64.28874682648986	CEBPA	CEBPA
118	68	64.64631172641687	CEBPA	CEBPA
119	64	64.73598285930278	CEBPA	CEBPA
120	72	64.70355451777554	CEBPA	CEBPA
121	75	64.82595629068281	CEBPA	CEBPA
122	61	64.88128546674194	CEBPA	CEBPA
123	74	64.8367094324894	CEBPA	CEBPA
124	63	64.8137032232137	CEBPA	CEBPA
125	75	65.02935104603377	CEBPA	CEBPA
126	56	65.018493721497	CEBPA	CEBPA
127	55	65.31938757952105	CEBPA	CEBPA
128	70	65.48172397318386	CEBPA	CEBPA
129	70	64.89926920474596	CEBPA	CEBPA
130	65	64.83609854854943	CEBPA	CEBPA
131	64	65.01507826554636	CEBPA	CEBPA
132	71	64.91411531312416	CEBPA	CEBPA
133	64	65.06507378678843	CEBPA	CEBPA
134	69	65.17089027446669	CEBPA	CEBPA
135	76	65.45239550044052	CEBPA	CEBPA
136	59	65.35489526178802	CEBPA	CEBPA
137	57	65.15427206241004	CEBPA	CEBPA
138	67	65.09316724857034	CEBPA	CEBPA
139	61	64.89230914936796	CEBPA	CEBPA
140	67	64.91096406669844	CEBPA	CEBPA
141	57	64.80265963746484	CEBPA	CEBPA
142	65	64.98809425707068	CEBPA	CEBPA
143	50	64.84834153339725	CEBPA	CEBPA
144	61	64.76091198871592	CEBPA	CEBPA
145	64	64.9122483203338	CEBPA	CEBPA
146	68	65.04278955474571	CEBPA	CEBPA
147	50	65.19237152705111	CEBPA	CEBPA
148	68	64.88921967167789	CEBPA	CEBPA
149	75	65.17495327700011	CEBPA	CEBPA
150	57	65.32942039945924	CEBPA	CEBPA
151	64	65.21199355099066	CEBPA	CEBPA
152	70	65.1631172133561	CEBPA	CEBPA
153	51	65.08217864039503	CEBPA	CEBPA
154	66	65.1023011129033	CEBPA	CEBPA
155	59	65.26810055204642	CEBPA	CEBPA
156	55	65.0650036306664	CEBPA	CEBPA
157	74	65.0183132157591	CEBPA	CEBPA
158	71	65.10881885570046	CEBPA	CEBPA
159	65	65.00108699035947	CEBPA	CEBPA
160	72	64.83645241028125	CEBPA	CEBPA
161	68	64.71685587989643	CEBPA	CEBPA
162	62	64.90408450222688	CEBPA	CEBPA
163	51	64.80115918436823	CEBPA	CEBPA
164	80	64.90036202818013	CEBPA	CEBPA
165	68	65.04646197648728	CEBPA	CEBPA
166	58	64.88515212156824	CEBPA	CEBPA
167	65	64.97511197146223	CEBPA	CEBPA
168	53	64.74241398507758	CEBPA	CEBPA
169	62	64.92325744549865	CEBPA	CEBPA
170	54	65.07794470182377	CEBPA	CEBPA
171	70	64.88986415330777	CEBPA	CEBPA
172	58	64.97710812601406	CEBPA	CEBPA
173	77	65.05113826221175	CEBPA	CEBPA
174	62	65.0210815299731	CEBPA	CEBPA
175	69	65.07012915446735	CEBPA	CEBPA
176	61	65.20298776038314	CEBPA	CEBPA
177	70	65.16295382529086	CEBPA	CEBPA
178	65	64.91002595730113	CEBPA	CEBPA
179	61	64.62329459762648	CEBPA	CEBPA
180	71	64.6030267681286	CEBPA	CEBPA
181	71	64.72886524960263	CEBPA	CEBPA
182	66	64.79819626400874	CEBPA	CEBPA
183	75	64.83667098590361	CEBPA	CEBPA
184	66	64.5940003963476	CEBPA	CEBPA
185	61	64.76850628583085	CEBPA	CEBPA
186	51	65.13775928403417	CEBPA	CEBPA
187	70	64.83081104852901	CEBPA	CEBPA
188	87	64.6977737934765	CEBPA	CEBPA
189	75	64.88810827896695	CEBPA	CEBPA
190	61	64.93485660527458	CEBPA	CEBPA
191	52	64.74087171167409	CEBPA	CEBPA
192	81	64.71489261652427	CEBPA	CEBPA
193	59	64.80761775718527	CEBPA	CEBPA
194	73	64.8919223927513	CEBPA	CEBPA
195	58	64.88967819927953	CEBPA	CEBPA
196	61	64.69790139548033	CEBPA	CEBPA
197	67	64.68777248773127	CEBPA	CEBPA
198	68	64.75039313137248	CEBPA	CEBPA
199	86	64.74199554460382	CEBPA	CEBPA
200	65	65.025442127985	CEBPA	CEBPA
201	66	64.97878063107801	CEBPA	CEBPA
202	73	64.95761928066838	CEBPA	CEBPA
203	47	64.7867816628922	CEBPA	CEBPA
204	64	64.84474777423283	CEBPA	CEBPA
205	70	64.94592997376944	CEBPA	CEBPA
206	65	64.87246933441041	CEBPA	CEBPA
207	68	64.8166279937017	CEBPA	CEBPA
208	70	64.98274729259427	CEBPA	CEBPA
209	66	64.80727915607432	CEBPA	CEBPA
210	49	64.91199422630369	CEBPA	CEBPA
211	70	64.95446639003062	CEBPA	CEBPA
212	71	65.00817169757467	CEBPA	CEBPA
213	62	65.01950597422862	CEBPA	CEBPA
214	80	64.86805884757808	CEBPA	CEBPA
215	75	64.94876959562681	CEBPA	CEBPA
216	59	65.3830406386109	CEBPA	CEBPA
217	61	65.33499590309565	CEBPA	CEBPA
218	62	65.21810973194775	CEBPA	CEBPA
219	76	65.29056044278356	CEBPA	CEBPA
220	61	65.22336583529932	CEBPA	CEBPA
221	66	65.01705848589185	CEBPA	CEBPA
222	55	65.06131970746527	CEBPA	CEBPA
223	62	64.99908807390871	CEBPA	CEBPA
224	52	65.1885066324702	CEBPA	CEBPA
225	64	65.16855462106898	CEBPA	CEBPA
226	60	64.89751198420282	CEBPA	CEBPA
227	63	65.03179585558439	CEBPA	CEBPA
228	56	65.01847471864842	CEBPA	CEBPA
229	72	64.942015342036	CEBPA	CEBPA
230	60	65.03409851660382	CEBPA	CEBPA
231	72	65.14152507654005	CEBPA	CEBPA
232	68	65.19396495757786	CEBPA	CEBPA
233	62	65.25511662129408	CEBPA	CEBPA
234	64	65.28807243774806	CEBPA	CEBPA
235	71	65.47011524188578	CEBPA	CEBPA
236	73	65.4700003239606	CEBPA	CEBPA
237	62	65.15182452458232	CEBPA	CEBPA
238	76	65.09183418447516	CEBPA	CEBPA
239	51	65.1022380130022	CEBPA	CEBPA
240	64	64.98224263232093	CEBPA	CEBPA
241	59	64.94971969125167	CEBPA	CEBPA
242	69	65.23677791261541	CEBPA	CEBPA
243	76	65.16921314133471	CEBPA	CEBPA
244	56	65.10427883121625	CEBPA	CEBPA
245	54	65.14464128647256	CEBPA	CEBPA
246	75	64.91059714601074	CEBPA	CEBPA
247	51	64.79836335751094	CEBPA	CEBPA
248	54	65.03975978288238	CEBPA	CEBPA
249	50	64.9873581821709	CEBPA	CEBPA
250	77	65.09503786349991	CEBPA	CEBPA
251	79	65.14386001142083	CEBPA	CEBPA
252	64	65.10850423318267	CEBPA	CEBPA
253	68	65.07691481334997	CEBPA	CEBPA
254	60	64.88830461217972	CEBPA	CEBPA
255	64	65.00095215548492	CEBPA	CEBPA
256	62	65.09728947917185	CEBPA	CEBPA
257	61	64.95441974777647	CEBPA	CEBPA
258	64	64.825336674143	CEBPA	CEBPA
259	60	64.8976176599609	CEBPA	CEBPA
260	73	65.09969397257157	CEBPA	CEBPA
261	64	64.99565582870228	CEBPA	CEBPA
262	67	65.190779710656	CEBPA	CEBPA
263	62	65.01697105199872	CEBPA	CEBPA
264	68	65.06453295357221	CEBPA	CEBPA
265	67	65.0631869829533	CEBPA	CEBPA
266	75	64.76745819079959	CEBPA	CEBPA
267	58	65.0440197147726	CEBPA	CEBPA
268	58	65.05986801849276	CEBPA	CEBPA
269	76	64.95383496915578	CEBPA	CEBPA
270	62	65.03230940709938	CEBPA	CEBPA
271	60	65.07652089300385	CEBPA	CEBPA
272	46	65.2168330788341	CEBPA	CEBPA
273	67	65.07588908033019	CEBPA	CEBPA
274	64	64.95552435823502	CEBPA	CEBPA
275	67	64.95632632360194	CEBPA	CEBPA
276	55	65.06606504979837	CEBPA	CEBPA
277	57	65.17359150598784	CEBPA	CEBPA
278	56	64.9332028590104	CEBPA	CEBPA
279	53	65.04901118481189	CEBPA	CEBPA
280	61	65.30612880307761	CEBPA	CEBPA
281	75	65.22860940443879	CEBPA	CEBPA
282	60	65.18197024402158	CEBPA	CEBPA
283	65	64.96222218052517	CEBPA	CEBPA
284	53	64.8544848944081	CEBPA	CEBPA
285	60	64.82838400313406	CEBPA	CEBPA
286	53	64.9936408366799	CEBPA	CEBPA
287	65	65.09626800565535	CEBPA	CEBPA
288	75	65.19451755270012	CEBPA	CEBPA
289	61	65.06496008827925	CEBPA	CEBPA
290	74	65.1036972151533	CEBPA	CEBPA
291	53	65.22674014142558	CEBPA	CEBPA
292	60	64.965235013295	CEBPA	CEBPA
293	69	65.03952224208737	CEBPA	CEBPA
294	52	65.0553350053228	CEBPA	CEBPA
295	55	65.08824741286637	CEBPA	CEBPA
296	56	65.1724773011267	CEBPA	CEBPA
297	58	64.99592495178267	CEBPA	CEBPA
298	55	65.10499449861722	CEBPA	CEBPA
299	70	65.12511225911337	CEBPA	CEBPA
300	70	65.09211439228254	CEBPA	CEBPA
301	65	65.08610922457147	CEBPA	CEBPA
302	52	65.13519816715093	CEBPA	CEBPA
303	74	65.02842124659728	CEBPA	CEBPA
304	54	65.10741682973142	CEBPA	CEBPA
305	75	65.31277225956266	CEBPA	CEBPA
306	72	65.12307881400875	CEBPA	CEBPA
307	66	65.17981352730847	CEBPA	CEBPA
308	64	65.11614694070593	CEBPA	CEBPA
309	46	65.23543133931686	CEBPA	CEBPA
310	68	65.24037909897024	CEBPA	CEBPA
311	69	65.02223409386399	CEBPA	CEBPA
312	58	65.05594103549413	CEBPA	CEBPA
313	64	65.25443989272527	CEBPA	CEBPA
314	59	65.19973535594286	CEBPA	CEBPA
315	77	65.03968649604502	CEBPA	CEBPA
316	70	65.15060872336187	CEBPA	CEBPA
317	67	65.27199962842282	CEBPA	CEBPA
318	56	65.26877852058631	CEBPA	CEBPA
319	76	65.22131886014452	CEBPA	CEBPA
320	52	65.08898662169028	CEBPA	CEBPA
321	60	65.04203188408779	CEBPA	CEBPA
322	75	65.13731244931708	CEBPA	CEBPA
323	66	65.07575063683284	CEBPA	CEBPA
324	70	65.09112044650853	CEBPA	CEBPA
325	69	65.0204767905911	CEBPA	CEBPA
326	69	64.90549644582558	CEBPA	CEBPA
327	69	65.05208307876087	CEBPA	CEBPA
328	71	65.1427955111478	CEBPA	CEBPA
329	61	65.12603467228533	CEBPA	CEBPA
330	68	65.03958562462883	CEBPA	CEBPA
331	54	64.97302241828913	CEBPA	CEBPA
332	50	65.03679317906018	CEBPA	CEBPA
333	58	65.04104562107608	CEBPA	CEBPA
334	68	65.23758768106106	CEBPA	CEBPA
335	68	65.3634602347866	CEBPA	CEBPA
336	63	65.31188648556387	CEBPA	CEBPA
337	61	65.01372188306162	CEBPA	CEBPA
338	63	65.09161878962642	CEBPA	CEBPA
339	56	64.99346945390431	CEBPA	CEBPA
340	73	65.00759201731307	CEBPA	CEBPA
341	64	65.21433430216949	CEBPA	CEBPA
342	72	65.11760493098967	CEBPA	CEBPA
343	51	64.93795739357151	CEBPA	CEBPA
344	56	64.93296974038775	CEBPA	CEBPA
345	59	64.8114358327975	CEBPA	CEBPA
346	69	64.94185806530994	CEBPA	CEBPA
347	69	65.25212953220546	CEBPA	CEBPA
348	50	65.29039126202431	CEBPA	CEBPA
349	71	65.09854123952778	CEBPA	CEBPA
350	69	65.10571081179661	CEBPA	CEBPA
351	66	65.10072924963404	CEBPA	CEBPA
352	65	65.03382093009591	CEBPA	CEBPA
353	59	65.21166605924554	CEBPA	CEBPA
354	66	65.17047947037048	CEBPA	CEBPA
355	68	65.0032031697651	CEBPA	CEBPA
356	66	64.99267586670186	CEBPA	CEBPA
357	61	65.02535709948998	CEBPA	CEBPA
358	62	65.1627810891839	CEBPA	CEBPA
359	72	65.30440284561084	CEBPA	CEBPA
360	70	65.17133852331705	CEBPA	CEBPA
361	62	65.02830209458688	CEBPA	CEBPA
362	78	65.0699086204359	CEBPA	CEBPA
363	64	65.06628504712901	CEBPA	CEBPA
364	58	64.98812564990253	CEBPA	CEBPA
365	70	65.09076989685416	CEBPA	CEBPA
366	59	65.1849019829433	CEBPA	CEBPA
367	67	65.09991705242967	CEBPA	CEBPA
368	73	65.17119321714426	CEBPA	CEBPA
369	67	65.20389430041514	CEBPA	CEBPA
370	62	65.14498108308013	CEBPA	CEBPA
371	80	65.23754763555236	CEBPA	CEBPA
372	72	65.21396206648323	CEBPA	CEBPA
373	65	65.20801166984667	CEBPA	CEBPA
374	57	65.27930693562054	CEBPA	CEBPA
375	50	65.01705174366121	CEBPA	CEBPA
376	54	65.06591147669523	CEBPA	CEBPA
377	54	65.0132675663464	CEBPA	CEBPA
378	68	64.98704453884062	CEBPA	CEBPA
379	66	65.05866433048368	CEBPA	CEBPA
380	73	65.23361197692043	CEBPA	CEBPA
381	67	65.19209058134456	CEBPA	CEBPA
382	44	65.37038772016551	CEBPA	CEBPA
383	59	65.18961372515828	CEBPA	CEBPA
384	77	65.13922759583832	CEBPA	CEBPA
385	58	65.18051573423585	CEBPA	CEBPA
386	62	65.02707201463694	CEBPA	CEBPA
387	66	65.06773372702084	CEBPA	CEBPA
388	60	65.11983931285117	CEBPA	CEBPA
389	69	65.1395371663313	CEBPA	CEBPA
390	62	65.14186752460472	CEBPA	CEBPA
391	57	65.06538331449656	CEBPA	CEBPA
392	64	65.31816389832825	CEBPA	CEBPA
393	71	65.12885939414667	CEBPA	CEBPA
394	55	65.14888817368663	CEBPA	CEBPA
395	49	65.1314635611298	CEBPA	CEBPA
396	72	65.13363716668309	CEBPA	CEBPA
397	73	64.99384605980988	CEBPA	CEBPA
398	59	64.92982777438968	CEBPA	CEBPA
399	73	64.98446693951226	CEBPA	CEBPA
400	58	64.99025162231165	CEBPA	CEBPA
401	63	64.89761208340805	CEBPA	CEBPA
402	56	65.07823756001918	CEBPA	CEBPA
403	64	65.12539051963796	CEBPA	CEBPA
404	61	65.03842432312219	CEBPA	CEBPA
405	63	65.17376540541056	CEBPA	CEBPA
406	64	65.22522688531645	CEBPA	CEBPA
407	68	65.28409385538893	CEBPA	CEBPA
408	70	65.26660504210018	CEBPA	CEBPA
409	56	65.08254740359679	CEBPA	CEBPA
410	74	64.99134836504662	CEBPA	CEBPA
411	64	65.03410795407497	CEBPA	CEBPA
412	76	65.08918184390711	CEBPA	CEBPA
413	67	65.14135534399894	CEBPA	CEBPA
414	56	65.06411009627024	CEBPA	CEBPA
415	71	64.97585307766434	CEBPA	CEBPA
416	66	65.16208163024248	CEBPA	CEBPA
417	62	65.15841910852855	CEBPA	CEBPA
418	60	65.12777244898179	CEBPA	CEBPA
419	59	65.14330411997426	CEBPA	CEBPA
420	51	65.16122172982759	CEBPA	CEBPA
421	66	65.19700541452107	CEBPA	CEBPA
422	60	65.2105705332413	CEBPA	CEBPA
423	61	65.19305975082683	CEBPA	CEBPA
424	64	65.22134310735458	CEBPA	CEBPA
425	69	65.10092169953757	CEBPA	CEBPA
426	60	64.85457000719973	CEBPA	CEBPA
427	74	65.13430637601198	CEBPA	CEBPA
428	69	65.38452003893298	CEBPA	CEBPA
429	61	65.19658277845852	CEBPA	CEBPA
430	72	65.09771855585456	CEBPA	CEBPA
431	44	65.1564144527826	CEBPA	CEBPA
432	67	65.31996928763614	CEBPA	CEBPA
433	64	65.22774839754409	CEBPA	CEBPA
434	59	64.96331869096429	CEBPA	CEBPA
435	60	65.04123269616086	CEBPA	CEBPA
436	73	65.07564413871384	CEBPA	CEBPA
437	58	65.05338761956581	CEBPA	CEBPA
438	61	65.24679789483714	CEBPA	CEBPA
439	68	65.36183234313182	CEBPA	CEBPA
440	68	64.96757377721721	CEBPA	CEBPA
441	57	65.22203623348354	CEBPA	CEBPA
442	82	65.30118393370674	CEBPA	CEBPA
443	76	65.2570483832479	CEBPA	CEBPA
444	52	65.21082781813132	CEBPA	CEBPA
445	58	65.07391948911162	CEBPA	CEBPA
446	82	65.17570005814957	CEBPA	CEBPA
447	57	65.31979828891387	CEBPA	CEBPA
448	71	65.45374685522236	CEBPA	CEBPA
449	72	65.41078069457024	CEBPA	CEBPA
450	70	65.16576219367929	CEBPA	CEBPA
451	64	65.24268869710899	CEBPA	CEBPA
452	60	65.30152388804943	CEBPA	CEBPA
453	64	65.13363218306357	CEBPA	CEBPA
454	69	65.22108817024339	CEBPA	CEBPA
455	51	65.16836247094541	CEBPA	CEBPA
456	58	65.11926425305285	CEBPA	CEBPA
457	71	65.3117940532133	CEBPA	CEBPA
458	62	65.31593729833244	CEBPA	CEBPA
459	57	65.20041096825864	CEBPA	CEBPA
460	77	65.3192685990296	CEBPA	CEBPA
461	73	65.4018636732083	CEBPA	CEBPA
462	59	65.22298939437293	CEBPA	CEBPA
463	62	65.09140794437134	CEBPA	CEBPA
464	51	65.16961124064834	CEBPA	CEBPA
465	69	65.11080529785876	CEBPA	CEBPA
466	59	65.13544898023453	CEBPA	CEBPA
467	58	65.43374157193821	CEBPA	CEBPA
468	73	65.47702391475032	CEBPA	CEBPA
469	73	65.27842201088038	CEBPA	CEBPA
470	55	65.32549548718504	CEBPA	CEBPA
471	66	65.30115089117248	CEBPA	CEBPA
472	67	65.1653000231289	CEBPA	CEBPA
473	64	65.20375219511541	CEBPA	CEBPA
474	74	65.24995941123561	CEBPA	CEBPA
475	63	65.32641543199841	CEBPA	CEBPA
476	83	65.16127363594994	CEBPA	CEBPA
477	59	65.1309849445269	CEBPA	CEBPA
478	72	65.14591392661491	CEBPA	CEBPA
479	65	65.03297932278159	CEBPA	CEBPA
480	74	65.01590231454601	CEBPA	CEBPA
481	58	65.26133112090271	CEBPA	CEBPA
482	73	65.04698411249076	CEBPA	CEBPA
483	74	65.02170635736363	CEBPA	CEBPA
484	57	65.37327793421518	CEBPA	CEBPA
485	58	65.26638602281177	CEBPA	CEBPA
486	72	65.25472682513364	CEBPA	CEBPA
487	70	65.36961293390168	CEBPA	CEBPA
488	55	65.11234456411088	CEBPA	CEBPA
489	52	65.24081368510173	CEBPA	CEBPA
490	65	65.3128591555246	CEBPA	CEBPA
491	52	65.27574280011048	CEBPA	CEBPA
492	59	65.4210818595664	CEBPA	CEBPA
493	53	65.50454085227184	CEBPA	CEBPA
494	79	65.39223307175821	CEBPA	CEBPA
495	63	65.43484717814499	CEBPA	CEBPA
496	56	65.29964455223752	CEBPA	CEBPA
497	54	65.18748909446728	CEBPA	CEBPA
498	59	65.29953559795268	CEBPA	CEBPA
499	79	65.1425816305226	CEBPA	CEBPA
500	75	65.14118187719679	CEBPA	CEBPA
501	58	65.2689218828717	CEBPA	CEBPA
502	55	65.21299346516334	CEBPA	CEBPA
503	63	65.34440330378547	CEBPA	CEBPA
504	55	65.43437476939167	CEBPA	CEBPA
505	82	65.19180423986911	CEBPA	CEBPA
506	71	65.03371831518248	CEBPA	CEBPA
507	64	64.99217022557058	CEBPA	CEBPA
508	53	64.81349875874136	CEBPA	CEBPA
509	72	65.18043876578099	CEBPA	CEBPA
510	70	65.15561959619572	CEBPA	CEBPA
511	57	65.00235483977214	CEBPA	CEBPA
512	76	65.2891556050048	CEBPA	CEBPA
513	72	65.10348272120137	CEBPA	CEBPA
514	67	65.09296625360444	CEBPA	CEBPA
515	80	65.16384220270226	CEBPA	CEBPA
516	51	65.2760381563583	CEBPA	CEBPA
517	55	65.16778160501904	CEBPA	CEBPA
518	60	65.0639875113997	CEBPA	CEBPA
519	58	65.05166674778627	CEBPA	CEBPA
520	63	65.27458939479443	CEBPA	CEBPA
521	53	65.13054899246555	CEBPA	CEBPA
522	82	65.16576755378708	CEBPA	CEBPA
523	53	65.18736479403037	CEBPA	CEBPA
524	67	65.22646697095887	CEBPA	CEBPA
525	54	65.2647640398298	CEBPA	CEBPA
526	63	65.22233868170039	CEBPA	CEBPA
527	73	65.20057279731861	CEBPA	CEBPA
528	77	65.06991024913508	CEBPA	CEBPA
529	70	65.36707706185894	CEBPA	CEBPA
530	68	65.16199795614378	CEBPA	CEBPA
531	62	65.12277784961272	CEBPA	CEBPA
532	59	65.32761642643635	CEBPA	CEBPA
533	78	65.13981470288087	CEBPA	CEBPA
534	69	65.10696096912757	CEBPA	CEBPA
535	60	65.2233653029618	CEBPA	CEBPA
536	72	65.16838201742486	CEBPA	CEBPA
537	79	65.14642013346945	CEBPA	CEBPA
538	59	65.18978946717252	CEBPA	CEBPA
539	56	65.21718062804882	CEBPA	CEBPA
540	55	65.05329227849242	CEBPA	CEBPA
541	62	65.21477826505861	CEBPA	CEBPA
542	63	65.15201185116922	CEBPA	CEBPA
543	51	65.02352520457006	CEBPA	CEBPA
544	51	64.91774428382074	CEBPA	CEBPA
545	71	65.21337796209457	CEBPA	CEBPA
546	63	65.14219046258016	CEBPA	CEBPA
547	66	65.06139753257189	CEBPA	CEBPA
548	60	65.15844909358952	CEBPA	CEBPA
549	71	65.39616955089261	CEBPA	CEBPA
550	65	65.34118046241883	CEBPA	CEBPA
551	60	65.27194157561529	CEBPA	CEBPA
552	73	65.06826730366359	CEBPA	CEBPA
553	54	65.0943169816506	CEBPA	CEBPA
554	76	65.30445972144184	CEBPA	CEBPA
555	71	65.38185435059347	CEBPA	CEBPA
556	66	65.39118321694765	CEBPA	CEBPA
557	77	65.27943342969189	CEBPA	CEBPA
558	69	65.1648058692198	CEBPA	CEBPA
559	62	65.16871768686254	CEBPA	CEBPA
560	58	65.14295834124924	CEBPA	CEBPA
561	63	65.03130718377417	CEBPA	CEBPA
562	63	65.09130752848368	CEBPA	CEBPA
563	82	65.12180098800091	CEBPA	CEBPA
564	52	65.20019440452087	CEBPA	CEBPA
565	59	65.0780930046525	CEBPA	CEBPA
566	52	65.2462468611304	CEBPA	CEBPA
567	63	65.1361386005275	CEBPA	CEBPA
568	71	65.12538480692943	CEBPA	CEBPA
569	61	65.16407232793247	CEBPA	CEBPA
570	59	65.0588755615975	CEBPA	CEBPA
571	69	65.09872388805398	CEBPA	CEBPA
572	66	65.16121615348356	CEBPA	CEBPA
573	56	65.14979201961992	CEBPA	CEBPA
574	77	65.47526589049468	CEBPA	CEBPA
575	62	65.10897126554742	CEBPA	CEBPA
576	78	65.11013835853417	CEBPA	CEBPA
577	57	65.05984671339431	CEBPA	CEBPA
578	70	65.33816239314523	CEBPA	CEBPA
579	69	65.24123583392586	CEBPA	CEBPA
580	79	65.04852670222805	CEBPA	CEBPA
581	44	65.11410567199444	CEBPA	CEBPA
582	65	65.29574062769855	CEBPA	CEBPA
583	68	65.31707958152538	CEBPA	CEBPA
584	72	65.13165270613509	CEBPA	CEBPA
585	73	65.24458269357592	CEBPA	CEBPA
586	73	65.27930624085263	CEBPA	CEBPA
587	66	65.23370492365042	CEBPA	CEBPA
588	56	65.13837276462642	CEBPA	CEBPA
589	54	65.01656505250645	CEBPA	CEBPA
590	65	65.29783307589669	CEBPA	CEBPA
591	68	65.21268440004738	CEBPA	CEBPA
592	80	65.4385310736503	CEBPA	CEBPA
593	73	65.35439968902205	CEBPA	CEBPA
594	68	65.18233048784924	CEBPA	CEBPA
595	54	65.07474031268661	CEBPA	CEBPA
596	67	65.19384429450133	CEBPA	CEBPA
597	56	65.13473811266124	CEBPA	CEBPA
598	71	65.204377143486	CEBPA	CEBPA
599	69	65.26021230660355	CEBPA	CEBPA
600	60	65.32755303579044	CEBPA	CEBPA
601	61	65.08758729485437	CEBPA	CEBPA
602	62	65.09753960330556	CEBPA	CEBPA
603	58	65.17268998740576	CEBPA	CEBPA
604	65	65.19084277124757	CEBPA	CEBPA
605	55	65.17650226319834	CEBPA	CEBPA
606	62	65.37051972939618	CEBPA	CEBPA
607	59	65.40748639987115	CEBPA	CEBPA
608	68	65.17008061227448	CEBPA	CEBPA
609	57	65.25443079611655	CEBPA	CEBPA
610	69	64.98808730304599	CEBPA	CEBPA
611	72	65.11995665007285	CEBPA	CEBPA
612	67	65.42246216387805	CEBPA	CEBPA
613	57	65.38559343583998	CEBPA	CEBPA
614	58	65.12713471653753	CEBPA	CEBPA
615	72	64.93268450556234	CEBPA	CEBPA
616	53	65.18588992181705	CEBPA	CEBPA
617	74	65.05413954401378	CEBPA	CEBPA
618	66	65.16885692690585	CEBPA	CEBPA
619	62	65.32085333402766	CEBPA	CEBPA
620	83	65.17339499284728	CEBPA	CEBPA
621	74	65.09498346967769	CEBPA	CEBPA
622	56	65.2543755953831	CEBPA	CEBPA
623	59	65.22404477963539	CEBPA	CEBPA
624	75	65.20080869586054	CEBPA	CEBPA
625	54	65.25746850774004	CEBPA	CEBPA
626	67	65.34712030548306	CEBPA	CEBPA
627	65	65.23918653701888	CEBPA	CEBPA
628	56	65.02872920639913	CEBPA	CEBPA
629	58	65.14366208683383	CEBPA	CEBPA
630	68	65.12534036567699	CEBPA	CEBPA
631	68	64.99336906382234	CEBPA	CEBPA
632	68	65.07820700543478	CEBPA	CEBPA
633	51	65.12416236846927	CEBPA	CEBPA
634	71	65.04528062727556	CEBPA	CEBPA
635	52	65.41692217592865	CEBPA	CEBPA
636	63	65.21621848506011	CEBPA	CEBPA
637	63	65.21713605373267	CEBPA	CEBPA
638	66	65.3167111183212	CEBPA	CEBPA
639	67	65.22099439326126	CEBPA	CEBPA
640	83	65.1060754410207	CEBPA	CEBPA
641	66	65.24429227156284	CEBPA	CEBPA
642	61	65.05175632991045	CEBPA	CEBPA
643	70	65.19025040107721	CEBPA	CEBPA
644	79	65.1511226472033	CEBPA	CEBPA
645	50	65.0866045371069	CEBPA	CEBPA
646	57	65.17918865183115	CEBPA	CEBPA
647	62	65.18936299919673	CEBPA	CEBPA
648	59	65.39950991245692	CEBPA	CEBPA
649	64	65.16867436070063	CEBPA	CEBPA
650	60	65.05982555798187	CEBPA	CEBPA
651	61	65.1816295478814	CEBPA	CEBPA
652	77	65.12559438222056	CEBPA	CEBPA
653	76	65.15407150358789	CEBPA	CEBPA
654	75	65.19358567118964	CEBPA	CEBPA
655	69	65.35289492947626	CEBPA	CEBPA
656	60	65.37470457170443	CEBPA	CEBPA
657	65	65.2465815726707	CEBPA	CEBPA
658	67	65.44117437884923	CEBPA	CEBPA
659	71	65.24950559314992	CEBPA	CEBPA
660	71	65.23001248742725	CEBPA	CEBPA
661	66	65.10597378025284	CEBPA	CEBPA
662	70	65.04634467218723	CEBPA	CEBPA
663	54	65.27330788489985	CEBPA	CEBPA
664	73	65.24256718960359	CEBPA	CEBPA
665	65	65.12891794138677	CEBPA	CEBPA
666	65	65.18074614933123	CEBPA	CEBPA
667	98	65.11887087533277	CEBPA	CEBPA
668	65	65.02041561699669	CEBPA	CEBPA
669	63	65.11969291698159	CEBPA	CEBPA
670	66	65.31149715258724	CEBPA	CEBPA
671	57	65.26179300118898	CEBPA	CEBPA
672	52	65.16924962518252	CEBPA	CEBPA
673	66	65.32903659325753	CEBPA	CEBPA
674	72	65.16606986001841	CEBPA	CEBPA
675	70	65.17257606287674	CEBPA	CEBPA
676	80	65.26960030411651	CEBPA	CEBPA
677	70	65.1704004386466	CEBPA	CEBPA
678	51	65.1208149087906	CEBPA	CEBPA
679	63	65.2580516585	CEBPA	CEBPA
680	69	65.1814430160152	CEBPA	CEBPA
681	60	65.21849654299986	CEBPA	CEBPA
682	73	65.2786804199579	CEBPA	CEBPA
683	61	65.21825568156585	CEBPA	CEBPA
684	55	65.30173507566641	CEBPA	CEBPA
685	56	65.31782693190091	CEBPA	CEBPA
686	65	65.05664111704158	CEBPA	CEBPA
687	60	65.12100531181558	CEBPA	CEBPA
688	65	65.31169138292088	CEBPA	CEBPA
689	67	65.14836999086485	CEBPA	CEBPA
690	60	65.11854370716918	CEBPA	CEBPA
691	72	65.24653367857661	CEBPA	CEBPA
692	58	65.24319352775879	CEBPA	CEBPA
693	56	65.38297266118401	CEBPA	CEBPA
694	65	65.21984239912148	CEBPA	CEBPA
695	54	65.05422240378756	CEBPA	CEBPA
696	60	65.01563558157724	CEBPA	CEBPA
697	50	65.03167974320066	CEBPA	CEBPA
698	56	65.23220897704957	CEBPA	CEBPA
699	65	65.28694503335144	CEBPA	CEBPA
700	65	65.53058238375284	CEBPA	CEBPA
701	64	65.33843124245703	CEBPA	CEBPA
702	58	65.30248503784783	CEBPA	CEBPA
703	63	65.18520596050618	CEBPA	CEBPA
704	57	65.1254309531979	CEBPA	CEBPA
705	68	65.16653080625548	CEBPA	CEBPA
706	61	65.3720709834483	CEBPA	CEBPA
707	76	65.2625661675411	CEBPA	CEBPA
708	48	65.16400968282593	CEBPA	CEBPA
709	68	65.31698760360392	CEBPA	CEBPA
710	66	65.32656116998312	CEBPA	CEBPA
711	62	65.36123198772556	CEBPA	CEBPA
712	64	65.33196811620405	CEBPA	CEBPA
713	55	65.12968596473468	CEBPA	CEBPA
714	73	65.04039300170545	CEBPA	CEBPA
715	73	65.16732255041127	CEBPA	CEBPA
716	60	65.31933645593496	CEBPA	CEBPA
717	71	65.29341186126734	CEBPA	CEBPA
718	62	65.21833160026152	CEBPA	CEBPA
719	63	65.236461932819	CEBPA	CEBPA
720	64	65.2051500414803	CEBPA	CEBPA
721	61	65.4333268366252	CEBPA	CEBPA
722	54	65.21683405455298	CEBPA	CEBPA
723	68	65.10220519618588	CEBPA	CEBPA
724	77	65.13277539783789	CEBPA	CEBPA
725	75	65.31623677295123	CEBPA	CEBPA
726	63	65.40136050782647	CEBPA	CEBPA
727	66	65.3709934548732	CEBPA	CEBPA
728	59	65.00848641332293	CEBPA	CEBPA
729	71	65.07239713155265	CEBPA	CEBPA
730	60	65.17634399202906	CEBPA	CEBPA
731	78	65.04750959359025	CEBPA	CEBPA
732	51	65.2433527917191	CEBPA	CEBPA
733	63	65.23695717269783	CEBPA	CEBPA
734	61	64.96463196623893	CEBPA	CEBPA
735	71	64.9266283271282	CEBPA	CEBPA
736	67	64.98688675187515	CEBPA	CEBPA
737	72	65.26042825093963	CEBPA	CEBPA
738	75	65.0902233878657	CEBPA	CEBPA
739	54	65.0595483324659	CEBPA	CEBPA
740	68	65.46279413619361	CEBPA	CEBPA
741	65	65.30255846936839	CEBPA	CEBPA
742	52	65.07054823486607	CEBPA	CEBPA
743	72	65.19536036753301	CEBPA	CEBPA
744	70	65.13840942069866	CEBPA	CEBPA
745	65	65.21398378791946	CEBPA	CEBPA
746	76	65.23418956381191	CEBPA	CEBPA
747	68	65.25244193936415	CEBPA	CEBPA
748	64	65.23930986929793	CEBPA	CEBPA
749	66	65.17998004656921	CEBPA	CEBPA
750	72	65.23740935226424	CEBPA	CEBPA
751	67	64.88149468989981	CEBPA	CEBPA
752	69	65.1120349350547	CEBPA	CEBPA
753	57	65.23687922368725	CEBPA	CEBPA
754	60	64.9994849989013	CEBPA	CEBPA
755	68	64.83685529570896	CEBPA	CEBPA
756	71	65.08556633289712	CEBPA	CEBPA
757	68	65.22233580565926	CEBPA	CEBPA
758	72	65.12461568443888	CEBPA	CEBPA
759	66	65.25171786483811	CEBPA	CEBPA
760	55	65.15903536797565	CEBPA	CEBPA
761	68	64.96559066534947	CEBPA	CEBPA
762	51	65.0691228963594	CEBPA	CEBPA
763	57	65.19851508530257	CEBPA	CEBPA
764	73	65.05116876544625	CEBPA	CEBPA
765	69	65.042789011981	CEBPA	CEBPA
766	52	65.08293999137163	CEBPA	CEBPA
767	62	65.38561014585794	CEBPA	CEBPA
768	57	65.36502365633459	CEBPA	CEBPA
769	66	65.22296712980938	CEBPA	CEBPA
770	62	65.11406728620987	CEBPA	CEBPA
771	70	65.12138536262539	CEBPA	CEBPA
772	60	65.04749985957382	CEBPA	CEBPA
773	80	65.05763367249442	CEBPA	CEBPA
774	72	65.19669885868885	CEBPA	CEBPA
775	64	65.43420788173513	CEBPA	CEBPA
776	77	65.29879452034166	CEBPA	CEBPA
777	67	65.40516596416224	CEBPA	CEBPA
778	63	65.30158934589916	CEBPA	CEBPA
779	64	65.03293515759373	CEBPA	CEBPA
780	46	65.086885898906	CEBPA	CEBPA
781	61	65.17639691858038	CEBPA	CEBPA
782	77	65.18406476611588	CEBPA	CEBPA
783	62	65.11052196217713	CEBPA	CEBPA
784	65	65.16366590413347	CEBPA	CEBPA
785	63	65.1785539716231	CEBPA	CEBPA
786	68	65.07642934798163	CEBPA	CEBPA
787	59	64.9844043085088	CEBPA	CEBPA
788	71	65.09239390775497	CEBPA	CEBPA
789	65	65.12858791096056	CEBPA	CEBPA
790	77	65.14020877348851	CEBPA	CEBPA
791	74	65.02693686196224	CEBPA	CEBPA
792	66	65.16942920338737	CEBPA	CEBPA
793	49	65.21367227870792	CEBPA	CEBPA
794	61	65.18163239937743	CEBPA	CEBPA
795	53	64.9770108845005	CEBPA	CEBPA
796	63	65.17590149693716	CEBPA	CEBPA
797	60	65.08850100805398	CEBPA	CEBPA
798	73	65.18778686031024	CEBPA	CEBPA
799	68	65.22102962486234	CEBPA	CEBPA
800	58	65.11604193546641	CEBPA	CEBPA
801	55	64.96865794912314	CEBPA	CEBPA
802	67	65.14698204700892	CEBPA	CEBPA
803	71	65.23685795854698	CEBPA	CEBPA
804	52	64.97172399589785	CEBPA	CEBPA
805	63	65.18642077446529	CEBPA	CEBPA
806	51	65.47294800485597	CEBPA	CEBPA
807	68	65.15398038659781	CEBPA	CEBPA
808	69	65.01960135792461	CEBPA	CEBPA
809	63	65.26095415822468	CEBPA	CEBPA
810	62	65.19494013970402	CEBPA	CEBPA
811	69	65.27277011297814	CEBPA	CEBPA
812	67	65.3102904931301	CEBPA	CEBPA
813	69	65.16926929872764	CEBPA	CEBPA
814	70	65.29332245150432	CEBPA	CEBPA
815	56	65.4137509691204	CEBPA	CEBPA
816	74	65.46642275184546	CEBPA	CEBPA
817	71	65.45935375617059	CEBPA	CEBPA
818	76	65.29383156803803	CEBPA	CEBPA
819	53	65.31327532808082	CEBPA	CEBPA
820	59	65.24754845504616	CEBPA	CEBPA
821	65	65.0871639969207	CEBPA	CEBPA
822	80	65.25484382631112	CEBPA	CEBPA
823	68	65.29331391490689	CEBPA	CEBPA
824	74	65.0541845789359	CEBPA	CEBPA
825	59	65.24633007822104	CEBPA	CEBPA
826	52	65.29889449902568	CEBPA	CEBPA
827	66	65.24469458621665	CEBPA	CEBPA
828	61	65.08933731219983	CEBPA	CEBPA
829	59	65.03317313430915	CEBPA	CEBPA
830	66	65.06828517612131	CEBPA	CEBPA
831	63	65.21235995926638	CEBPA	CEBPA
832	63	65.26573731285988	CEBPA	CEBPA
833	62	65.35643513418162	CEBPA	CEBPA
834	71	65.39588060746541	CEBPA	CEBPA
835	67	65.2713601785851	CEBPA	CEBPA
836	56	65.09842615611137	CEBPA	CEBPA
837	75	65.12231393309452	CEBPA	CEBPA
838	71	65.23280354429858	CEBPA	CEBPA
839	56	65.15798024694863	CEBPA	CEBPA
840	75	65.1591260601331	CEBPA	CEBPA
841	63	65.16441903764051	CEBPA	CEBPA
842	52	65.16136303173519	CEBPA	CEBPA
843	77	65.16947172696565	CEBPA	CEBPA
844	50	64.94667529746819	CEBPA	CEBPA
845	85	65.13108998421701	CEBPA	CEBPA
846	64	64.93704215276085	CEBPA	CEBPA
847	67	65.02161022800998	CEBPA	CEBPA
848	60	65.26845565864437	CEBPA	CEBPA
849	56	65.13494098314877	CEBPA	CEBPA
850	56	65.17812497884186	CEBPA	CEBPA
851	74	65.20615382752665	CEBPA	CEBPA
852	50	65.18516924075362	CEBPA	CEBPA
853	74	65.23925232790715	CEBPA	CEBPA
854	59	65.00181652600105	CEBPA	CEBPA
855	62	65.24347295904262	CEBPA	CEBPA
856	70	65.5767841574233	CEBPA	CEBPA
857	63	65.3312918579573	CEBPA	CEBPA
858	74	65.12363471139534	CEBPA	CEBPA
859	58	65.17476056176783	CEBPA	CEBPA
860	53	64.97459244894459	CEBPA	CEBPA
861	70	65.20854712385842	CEBPA	CEBPA
862	72	65.33404605638258	CEBPA	CEBPA
863	68	65.28087825044675	CEBPA	CEBPA
864	71	65.29484355627288	CEBPA	CEBPA
865	57	65.1538811855472	CEBPA	CEBPA
866	61	65.08683507427963	CEBPA	CEBPA
867	67	65.20893165731502	CEBPA	CEBPA
868	69	65.22987643369443	CEBPA	CEBPA
869	62	65.1188915472867	CEBPA	CEBPA
870	66	65.08960415729425	CEBPA	CEBPA
871	60	65.13478172634272	CEBPA	CEBPA
872	75	65.3001212681969	CEBPA	CEBPA
873	64	65.13849149430979	CEBPA	CEBPA
874	66	65.12545296448867	CEBPA	CEBPA
875	57	65.17130183129359	CEBPA	CEBPA
876	73	65.22302109975863	CEBPA	CEBPA
877	70	65.21900150434615	CEBPA	CEBPA
878	60	65.28579535498918	CEBPA	CEBPA
879	76	65.22724950672328	CEBPA	CEBPA
880	68	65.1762506806416	CEBPA	CEBPA
881	59	65.2284505035948	CEBPA	CEBPA
882	64	65.37324475449915	CEBPA	CEBPA
883	55	65.25595743148843	CEBPA	CEBPA
884	66	65.35956554437703	CEBPA	CEBPA
885	73	65.29208727950929	CEBPA	CEBPA
886	57	65.32334646545445	CEBPA	CEBPA
887	67	65.28862446883734	CEBPA	CEBPA
888	64	65.26199500816986	CEBPA	CEBPA
889	59	65.2313241341295	CEBPA	CEBPA
890	59	65.06390443883167	CEBPA	CEBPA
891	57	65.15670412436178	CEBPA	CEBPA
892	74	65.22679455419856	CEBPA	CEBPA
893	76	65.2388707192634	CEBPA	CEBPA
894	69	65.2629360809812	CEBPA	CEBPA
895	58	65.10654210127255	CEBPA	CEBPA
896	69	65.31972319949834	CEBPA	CEBPA
897	57	65.47180148501283	CEBPA	CEBPA
898	58	65.31640182966271	CEBPA	CEBPA
899	76	65.29545236176246	CEBPA	CEBPA
900	64	65.14876188048063	CEBPA	CEBPA
901	71	65.21858848521875	CEBPA	CEBPA
902	74	65.33939609502832	CEBPA	CEBPA
903	62	65.33215751230578	CEBPA	CEBPA
904	66	65.29083281832222	CEBPA	CEBPA
905	71	64.96982133939241	CEBPA	CEBPA
906	57	65.04126959957308	CEBPA	CEBPA
907	77	65.46010851558205	CEBPA	CEBPA
908	75	65.17117496463086	CEBPA	CEBPA
909	61	65.28327668882066	CEBPA	CEBPA
910	69	65.21250191050969	CEBPA	CEBPA
911	94	65.07231216086761	CEBPA	CEBPA
912	61	65.29345847285272	CEBPA	CEBPA
913	62	65.29649960002621	CEBPA	CEBPA
914	69	65.26699693101422	CEBPA	CEBPA
915	74	65.42232871417336	CEBPA	CEBPA
916	56	65.29781047358203	CEBPA	CEBPA
917	73	65.2170600471593	CEBPA	CEBPA
918	55	65.24335291431517	CEBPA	CEBPA
919	77	65.12911800042068	CEBPA	CEBPA
920	71	64.97015278067708	CEBPA	CEBPA
921	62	65.24780554599556	CEBPA	CEBPA
922	75	65.464445152811	CEBPA	CEBPA
923	54	65.32417437229707	CEBPA	CEBPA
924	80	65.1382079262153	CEBPA	CEBPA
925	70	65.22396239392782	CEBPA	CEBPA
926	67	65.2654936501517	CEBPA	CEBPA
927	76	65.33305223651756	CEBPA	CEBPA
928	72	65.24424750037592	CEBPA	CEBPA
929	59	65.21485149398761	CEBPA	CEBPA
930	72	65.10857760626634	CEBPA	CEBPA
931	75	65.26801442451276	CEBPA	CEBPA
932	59	65.25700096505423	CEBPA	CEBPA
933	68	65.33771431047944	CEBPA	CEBPA
934	48	65.26485261234684	CEBPA	CEBPA
935	67	65.23297453188201	CEBPA	CEBPA
936	78	64.85472026622716	CEBPA	CEBPA
937	65	65.19850988642503	CEBPA	CEBPA
938	63	65.36885129358846	CEBPA	CEBPA
939	55	65.09704800151266	CEBPA	CEBPA
940	72	65.19502928777426	CEBPA	CEBPA
941	60	65.05304650511557	CEBPA	CEBPA
942	56	64.95098149247882	CEBPA	CEBPA
943	66	65.09429316658397	CEBPA	CEBPA
944	74	65.19432404485251	CEBPA	CEBPA
945	65	65.18378493236582	CEBPA	CEBPA
946	75	65.19642024670496	CEBPA	CEBPA
947	52	65.22260419618935	CEBPA	CEBPA
948	68	65.26204976374827	CEBPA	CEBPA
949	73	65.30105178558364	CEBPA	CEBPA
950	67	65.307443943627	CEBPA	CEBPA
951	75	65.35359444494391	CEBPA	CEBPA
952	59	65.37915359681827	CEBPA	CEBPA
953	52	65.34016283237406	CEBPA	CEBPA
954	62	65.18146610099045	CEBPA	CEBPA
955	75	65.08507238029546	CEBPA	CEBPA
956	68	65.10208179607926	CEBPA	CEBPA
957	72	65.31609914473836	CEBPA	CEBPA
958	64	65.19947778686799	CEBPA	CEBPA
959	63	65.33948378212315	CEBPA	CEBPA
960	62	65.17675459458913	CEBPA	CEBPA
961	60	65.09088450322142	CEBPA	CEBPA
962	67	65.10012850832737	CEBPA	CEBPA
963	68	65.29226072635034	CEBPA	CEBPA
964	79	65.3261199671331	CEBPA	CEBPA
965	75	65.2295869769573	CEBPA	CEBPA
966	59	65.11272032150603	CEBPA	CEBPA
967	56	65.00168155114255	CEBPA	CEBPA
968	62	65.13743009893537	CEBPA	CEBPA
969	59	65.23915155490776	CEBPA	CEBPA
970	51	65.3296084142114	CEBPA	CEBPA
971	63	65.25306204061873	CEBPA	CEBPA
972	50	65.16761825429722	CEBPA	CEBPA
973	69	65.11877502190838	CEBPA	CEBPA
974	53	65.06375113159268	CEBPA	CEBPA
975	67	64.94763384290235	CEBPA	CEBPA
976	57	65.05394189753939	CEBPA	CEBPA
977	53	65.17350765139341	CEBPA	CEBPA
978	58	65.185772258786	CEBPA	CEBPA
979	72	65.28899124480782	CEBPA	CEBPA
980	71	65.07850238918428	CEBPA	CEBPA
981	68	64.97112679458685	CEBPA	CEBPA
982	59	65.05750440731926	CEBPA	CEBPA
983	76	65.18291540092007	CEBPA	CEBPA
984	66	65.36020517596604	CEBPA	CEBPA
985	70	65.1699521984891	CEBPA	CEBPA
986	56	65.35147506331992	CEBPA	CEBPA
987	70	65.36279639931007	CEBPA	CEBPA
988	74	65.2906443883862	CEBPA	CEBPA
989	64	65.19882396396794	CEBPA	CEBPA
990	57	65.19760331949787	CEBPA	CEBPA
991	63	65.09579404607337	CEBPA	CEBPA
992	62	65.27769214994902	CEBPA	CEBPA
993	64	65.15540776220732	CEBPA	CEBPA
994	72	65.22125552607255	CEBPA	CEBPA
995	64	65.2364982437517	CEBPA	CEBPA
996	57	65.28858974545477	CEBPA	CEBPA
997	69	65.4153148232128	CEBPA	CEBPA
998	71	65.14009924744698	CEBPA	CEBPA
999	76	65.00960863823846	CEBPA	CEBPA
1000	69	65.06891542935674	CEBPA	CEBPA
-1000	43	39.68524798822739	CEBPB	CEBPB
-999	50	39.77720335957748	CEBPB	CEBPB
-998	36	39.74814651781492	CEBPB	CEBPB
-997	42	39.70884452097433	CEBPB	CEBPB
-996	34	39.72532545612191	CEBPB	CEBPB
-995	40	39.642520206294826	CEBPB	CEBPB
-994	36	39.58806651856026	CEBPB	CEBPB
-993	32	39.62498068303489	CEBPB	CEBPB
-992	25	39.542887050155414	CEBPB	CEBPB
-991	40	39.71329119434238	CEBPB	CEBPB
-990	40	39.60416213285223	CEBPB	CEBPB
-989	40	39.43190821754165	CEBPB	CEBPB
-988	47	39.62171621248539	CEBPB	CEBPB
-987	33	39.62086051053953	CEBPB	CEBPB
-986	28	39.534012001925966	CEBPB	CEBPB
-985	46	39.60660779692323	CEBPB	CEBPB
-984	37	39.58330072040603	CEBPB	CEBPB
-983	43	39.686460864256915	CEBPB	CEBPB
-982	35	39.68465651244865	CEBPB	CEBPB
-981	39	39.61981767411719	CEBPB	CEBPB
-980	46	39.5073199968217	CEBPB	CEBPB
-979	44	39.72745068634496	CEBPB	CEBPB
-978	40	39.60048973708833	CEBPB	CEBPB
-977	31	39.5922865002361	CEBPB	CEBPB
-976	42	39.58391188110776	CEBPB	CEBPB
-975	25	39.62945570949383	CEBPB	CEBPB
-974	30	39.55581528290233	CEBPB	CEBPB
-973	40	39.50345543121342	CEBPB	CEBPB
-972	39	39.58079539126341	CEBPB	CEBPB
-971	25	39.69338002455226	CEBPB	CEBPB
-970	43	39.593693641621286	CEBPB	CEBPB
-969	45	39.52979814808971	CEBPB	CEBPB
-968	45	39.51970906364903	CEBPB	CEBPB
-967	41	39.47202734939604	CEBPB	CEBPB
-966	37	39.45433179607035	CEBPB	CEBPB
-965	42	39.73986434429365	CEBPB	CEBPB
-964	44	39.7734350302137	CEBPB	CEBPB
-963	43	39.645500927883134	CEBPB	CEBPB
-962	34	39.634258950260566	CEBPB	CEBPB
-961	55	39.73500979172007	CEBPB	CEBPB
-960	31	39.563161311877806	CEBPB	CEBPB
-959	41	39.59519822604151	CEBPB	CEBPB
-958	32	39.70258763089759	CEBPB	CEBPB
-957	33	39.58005573770952	CEBPB	CEBPB
-956	37	39.73628926761752	CEBPB	CEBPB
-955	42	39.62008312687707	CEBPB	CEBPB
-954	35	39.51578122690346	CEBPB	CEBPB
-953	59	39.67717095410144	CEBPB	CEBPB
-952	37	39.78924033675309	CEBPB	CEBPB
-951	42	39.621848887379606	CEBPB	CEBPB
-950	47	39.7475161068279	CEBPB	CEBPB
-949	37	39.66460976681946	CEBPB	CEBPB
-948	40	39.62753509785938	CEBPB	CEBPB
-947	43	39.751751620189935	CEBPB	CEBPB
-946	41	39.69607814286059	CEBPB	CEBPB
-945	47	39.6975119167074	CEBPB	CEBPB
-944	46	39.496486748673995	CEBPB	CEBPB
-943	47	39.4412224993112	CEBPB	CEBPB
-942	36	39.54241567742721	CEBPB	CEBPB
-941	28	39.65206136387908	CEBPB	CEBPB
-940	29	39.72693897784836	CEBPB	CEBPB
-939	48	39.59765912288374	CEBPB	CEBPB
-938	42	39.51925355946746	CEBPB	CEBPB
-937	45	39.5587626494647	CEBPB	CEBPB
-936	36	39.648612871621005	CEBPB	CEBPB
-935	40	39.6476482522569	CEBPB	CEBPB
-934	40	39.59433748405303	CEBPB	CEBPB
-933	38	39.43019913482288	CEBPB	CEBPB
-932	39	39.527787894700246	CEBPB	CEBPB
-931	36	39.65278705179537	CEBPB	CEBPB
-930	52	39.676669087107825	CEBPB	CEBPB
-929	34	39.652451705522765	CEBPB	CEBPB
-928	41	39.70868360648542	CEBPB	CEBPB
-927	41	39.56354318315195	CEBPB	CEBPB
-926	65	39.648988825810505	CEBPB	CEBPB
-925	34	39.687438621972596	CEBPB	CEBPB
-924	30	39.543122683483766	CEBPB	CEBPB
-923	56	39.65458182931998	CEBPB	CEBPB
-922	33	39.85249601293156	CEBPB	CEBPB
-921	27	39.77870997840772	CEBPB	CEBPB
-920	36	39.639145522695536	CEBPB	CEBPB
-919	55	39.744248358812	CEBPB	CEBPB
-918	35	39.57956084365243	CEBPB	CEBPB
-917	37	39.674968600452594	CEBPB	CEBPB
-916	51	39.67236347351083	CEBPB	CEBPB
-915	28	39.49368606667896	CEBPB	CEBPB
-914	28	39.61902121470682	CEBPB	CEBPB
-913	40	39.72490427527133	CEBPB	CEBPB
-912	27	39.53025859088612	CEBPB	CEBPB
-911	35	39.59338075487342	CEBPB	CEBPB
-910	45	39.717036902847816	CEBPB	CEBPB
-909	37	39.56652056991278	CEBPB	CEBPB
-908	34	39.60278789789254	CEBPB	CEBPB
-907	35	39.64820767165292	CEBPB	CEBPB
-906	46	39.636310141205875	CEBPB	CEBPB
-905	41	39.66367274814909	CEBPB	CEBPB
-904	28	39.60394753814331	CEBPB	CEBPB
-903	41	39.64365792071944	CEBPB	CEBPB
-902	36	39.47003156221023	CEBPB	CEBPB
-901	30	39.63448513375196	CEBPB	CEBPB
-900	32	39.58126554410147	CEBPB	CEBPB
-899	44	39.67735522452755	CEBPB	CEBPB
-898	40	39.63546798006943	CEBPB	CEBPB
-897	35	39.59645500836366	CEBPB	CEBPB
-896	43	39.50274705061302	CEBPB	CEBPB
-895	43	39.59865806487084	CEBPB	CEBPB
-894	40	39.51793769100615	CEBPB	CEBPB
-893	42	39.52274709097985	CEBPB	CEBPB
-892	34	39.66626189778292	CEBPB	CEBPB
-891	41	39.65826890204619	CEBPB	CEBPB
-890	51	39.6449256358462	CEBPB	CEBPB
-889	46	39.72253783150389	CEBPB	CEBPB
-888	37	39.650024135601015	CEBPB	CEBPB
-887	46	39.4867762781549	CEBPB	CEBPB
-886	45	39.48997076198522	CEBPB	CEBPB
-885	35	39.554638118287876	CEBPB	CEBPB
-884	40	39.458986433770555	CEBPB	CEBPB
-883	35	39.57959536319551	CEBPB	CEBPB
-882	29	39.680949156287234	CEBPB	CEBPB
-881	33	39.66820427873381	CEBPB	CEBPB
-880	36	39.583752160724686	CEBPB	CEBPB
-879	35	39.67345716122847	CEBPB	CEBPB
-878	31	39.47525096086737	CEBPB	CEBPB
-877	44	39.50740529241189	CEBPB	CEBPB
-876	54	39.705681430791614	CEBPB	CEBPB
-875	47	39.74182333159692	CEBPB	CEBPB
-874	43	39.584472644708235	CEBPB	CEBPB
-873	35	39.44576898575062	CEBPB	CEBPB
-872	40	39.636578258485144	CEBPB	CEBPB
-871	39	39.81089906513308	CEBPB	CEBPB
-870	33	39.8443560739985	CEBPB	CEBPB
-869	33	39.60490811564865	CEBPB	CEBPB
-868	42	39.61075819000045	CEBPB	CEBPB
-867	38	39.621459928678085	CEBPB	CEBPB
-866	42	39.56040707742987	CEBPB	CEBPB
-865	36	39.56412055095146	CEBPB	CEBPB
-864	42	39.44408575699278	CEBPB	CEBPB
-863	48	39.49518148244629	CEBPB	CEBPB
-862	47	39.57391879999442	CEBPB	CEBPB
-861	39	39.70784901505733	CEBPB	CEBPB
-860	39	39.823198031807046	CEBPB	CEBPB
-859	32	39.69951970346848	CEBPB	CEBPB
-858	52	39.572738684406474	CEBPB	CEBPB
-857	33	39.80210975027193	CEBPB	CEBPB
-856	43	39.763725241224435	CEBPB	CEBPB
-855	35	39.58529137994673	CEBPB	CEBPB
-854	36	39.7294486544151	CEBPB	CEBPB
-853	40	39.62432384230536	CEBPB	CEBPB
-852	43	39.524361322179324	CEBPB	CEBPB
-851	23	39.54251580339454	CEBPB	CEBPB
-850	35	39.68417125263208	CEBPB	CEBPB
-849	39	39.63353750737978	CEBPB	CEBPB
-848	25	39.66429206928474	CEBPB	CEBPB
-847	47	39.478410770979806	CEBPB	CEBPB
-846	49	39.48189193964764	CEBPB	CEBPB
-845	41	39.567265426176256	CEBPB	CEBPB
-844	38	39.42643725276638	CEBPB	CEBPB
-843	40	39.65955124768262	CEBPB	CEBPB
-842	43	39.78191119607187	CEBPB	CEBPB
-841	34	39.568942305284835	CEBPB	CEBPB
-840	42	39.64673007264549	CEBPB	CEBPB
-839	42	39.69518575159758	CEBPB	CEBPB
-838	43	39.7382815375428	CEBPB	CEBPB
-837	46	39.652627478859976	CEBPB	CEBPB
-836	33	39.59614485741598	CEBPB	CEBPB
-835	34	39.6667930958475	CEBPB	CEBPB
-834	44	39.64557795700418	CEBPB	CEBPB
-833	35	39.642771869100955	CEBPB	CEBPB
-832	40	39.6506273899259	CEBPB	CEBPB
-831	39	39.672040986884646	CEBPB	CEBPB
-830	42	39.605625243485434	CEBPB	CEBPB
-829	33	39.654977440668056	CEBPB	CEBPB
-828	47	39.59849905828973	CEBPB	CEBPB
-827	45	39.723229894161825	CEBPB	CEBPB
-826	36	39.63239925521111	CEBPB	CEBPB
-825	36	39.57371615967467	CEBPB	CEBPB
-824	44	39.5885925174428	CEBPB	CEBPB
-823	41	39.60393626157908	CEBPB	CEBPB
-822	40	39.70498768018408	CEBPB	CEBPB
-821	46	39.592329999473584	CEBPB	CEBPB
-820	46	39.55892212412264	CEBPB	CEBPB
-819	27	39.515007905654706	CEBPB	CEBPB
-818	42	39.46039495480281	CEBPB	CEBPB
-817	28	39.417752720950666	CEBPB	CEBPB
-816	47	39.515887702336855	CEBPB	CEBPB
-815	46	39.45743497092187	CEBPB	CEBPB
-814	33	39.57922069682088	CEBPB	CEBPB
-813	38	39.526526803635434	CEBPB	CEBPB
-812	49	39.667210188417826	CEBPB	CEBPB
-811	37	39.58356850754941	CEBPB	CEBPB
-810	32	39.6236918088971	CEBPB	CEBPB
-809	38	39.47108703301759	CEBPB	CEBPB
-808	38	39.552851151949795	CEBPB	CEBPB
-807	41	39.6615008301822	CEBPB	CEBPB
-806	41	39.67710777544874	CEBPB	CEBPB
-805	38	39.56842829976061	CEBPB	CEBPB
-804	43	39.422730454364746	CEBPB	CEBPB
-803	30	39.39056230882656	CEBPB	CEBPB
-802	39	39.5505851575914	CEBPB	CEBPB
-801	41	39.51287641914457	CEBPB	CEBPB
-800	47	39.57601308728953	CEBPB	CEBPB
-799	36	39.67564134013253	CEBPB	CEBPB
-798	41	39.636753540926804	CEBPB	CEBPB
-797	46	39.60989313481734	CEBPB	CEBPB
-796	55	39.6497861854233	CEBPB	CEBPB
-795	51	39.60810630091019	CEBPB	CEBPB
-794	45	39.57748382372361	CEBPB	CEBPB
-793	43	39.496352806785666	CEBPB	CEBPB
-792	36	39.57303665490468	CEBPB	CEBPB
-791	30	39.79196140396049	CEBPB	CEBPB
-790	35	39.533427661016816	CEBPB	CEBPB
-789	33	39.58159355299007	CEBPB	CEBPB
-788	43	39.56453003975214	CEBPB	CEBPB
-787	33	39.61112908556834	CEBPB	CEBPB
-786	43	39.66278681910448	CEBPB	CEBPB
-785	46	39.55011240585305	CEBPB	CEBPB
-784	30	39.632025816366735	CEBPB	CEBPB
-783	51	39.50473831672862	CEBPB	CEBPB
-782	27	39.429725538811134	CEBPB	CEBPB
-781	34	39.39769981013781	CEBPB	CEBPB
-780	26	39.49064863030664	CEBPB	CEBPB
-779	36	39.50317363734146	CEBPB	CEBPB
-778	52	39.36717869423622	CEBPB	CEBPB
-777	42	39.53911220460039	CEBPB	CEBPB
-776	42	39.60716351367889	CEBPB	CEBPB
-775	47	39.476852966823465	CEBPB	CEBPB
-774	42	39.56318603311046	CEBPB	CEBPB
-773	45	39.56174738612947	CEBPB	CEBPB
-772	30	39.55966203143467	CEBPB	CEBPB
-771	35	39.477348503902306	CEBPB	CEBPB
-770	33	39.479112938476284	CEBPB	CEBPB
-769	36	39.7428113963547	CEBPB	CEBPB
-768	38	39.65162931287405	CEBPB	CEBPB
-767	33	39.58801088686773	CEBPB	CEBPB
-766	43	39.59148178033194	CEBPB	CEBPB
-765	36	39.642936841278946	CEBPB	CEBPB
-764	39	39.54071060696851	CEBPB	CEBPB
-763	35	39.656211853273355	CEBPB	CEBPB
-762	39	39.73321848194109	CEBPB	CEBPB
-761	38	39.62103643830083	CEBPB	CEBPB
-760	45	39.55484547254358	CEBPB	CEBPB
-759	37	39.489466054967	CEBPB	CEBPB
-758	41	39.573051510341195	CEBPB	CEBPB
-757	41	39.56931233510748	CEBPB	CEBPB
-756	44	39.57415523802461	CEBPB	CEBPB
-755	28	39.60581141185352	CEBPB	CEBPB
-754	39	39.46867103473162	CEBPB	CEBPB
-753	41	39.53287889134592	CEBPB	CEBPB
-752	32	39.56501486503542	CEBPB	CEBPB
-751	41	39.521071659546834	CEBPB	CEBPB
-750	44	39.5246485981223	CEBPB	CEBPB
-749	30	39.59736198477042	CEBPB	CEBPB
-748	41	39.64726665128359	CEBPB	CEBPB
-747	48	39.501700691700265	CEBPB	CEBPB
-746	32	39.6637384879617	CEBPB	CEBPB
-745	38	39.63205606113246	CEBPB	CEBPB
-744	54	39.576857896732335	CEBPB	CEBPB
-743	46	39.66426546354392	CEBPB	CEBPB
-742	40	39.60602581920052	CEBPB	CEBPB
-741	35	39.66653083934349	CEBPB	CEBPB
-740	35	39.66115449665884	CEBPB	CEBPB
-739	42	39.674463134317264	CEBPB	CEBPB
-738	35	39.56471866734214	CEBPB	CEBPB
-737	30	39.64688924298408	CEBPB	CEBPB
-736	43	39.751163884472426	CEBPB	CEBPB
-735	39	39.633018695521386	CEBPB	CEBPB
-734	45	39.541842023589396	CEBPB	CEBPB
-733	29	39.59392525385639	CEBPB	CEBPB
-732	48	39.758372766367025	CEBPB	CEBPB
-731	47	39.6563607724646	CEBPB	CEBPB
-730	41	39.60731749971216	CEBPB	CEBPB
-729	42	39.592015935810075	CEBPB	CEBPB
-728	42	39.59604847718567	CEBPB	CEBPB
-727	47	39.66373619819958	CEBPB	CEBPB
-726	32	39.591234249879896	CEBPB	CEBPB
-725	46	39.53619832177321	CEBPB	CEBPB
-724	44	39.61326937234153	CEBPB	CEBPB
-723	33	39.70785165023562	CEBPB	CEBPB
-722	43	39.543893565348355	CEBPB	CEBPB
-721	41	39.53509822899887	CEBPB	CEBPB
-720	32	39.52719192839586	CEBPB	CEBPB
-719	39	39.63647034291614	CEBPB	CEBPB
-718	40	39.527922617302806	CEBPB	CEBPB
-717	55	39.69661927105897	CEBPB	CEBPB
-716	36	39.74846356432582	CEBPB	CEBPB
-715	29	39.7498197058259	CEBPB	CEBPB
-714	46	39.75366837496202	CEBPB	CEBPB
-713	43	39.601493228139375	CEBPB	CEBPB
-712	37	39.556636389761195	CEBPB	CEBPB
-711	41	39.66213057908766	CEBPB	CEBPB
-710	34	39.55992842191088	CEBPB	CEBPB
-709	54	39.417347323100536	CEBPB	CEBPB
-708	53	39.51549099237804	CEBPB	CEBPB
-707	35	39.526638086454845	CEBPB	CEBPB
-706	36	39.5365032869773	CEBPB	CEBPB
-705	32	39.465031305444235	CEBPB	CEBPB
-704	38	39.74577861403466	CEBPB	CEBPB
-703	48	39.72610820006747	CEBPB	CEBPB
-702	22	39.67283340598102	CEBPB	CEBPB
-701	40	39.561416759220265	CEBPB	CEBPB
-700	32	39.64774118771103	CEBPB	CEBPB
-699	44	39.593530627447386	CEBPB	CEBPB
-698	40	39.56152994057679	CEBPB	CEBPB
-697	45	39.81877851317064	CEBPB	CEBPB
-696	33	39.742551667315134	CEBPB	CEBPB
-695	31	39.81188755808274	CEBPB	CEBPB
-694	40	39.72682410078388	CEBPB	CEBPB
-693	38	39.55262044005927	CEBPB	CEBPB
-692	50	39.574619158897164	CEBPB	CEBPB
-691	41	39.55253958240117	CEBPB	CEBPB
-690	52	39.64740992349913	CEBPB	CEBPB
-689	36	39.667846039439844	CEBPB	CEBPB
-688	35	39.58461505775233	CEBPB	CEBPB
-687	47	39.49565116735358	CEBPB	CEBPB
-686	43	39.40867842722924	CEBPB	CEBPB
-685	40	39.563164440657495	CEBPB	CEBPB
-684	31	39.50507886885284	CEBPB	CEBPB
-683	38	39.525325266284426	CEBPB	CEBPB
-682	40	39.57267345125223	CEBPB	CEBPB
-681	42	39.664333910824524	CEBPB	CEBPB
-680	59	39.606851406668866	CEBPB	CEBPB
-679	46	39.637962186655955	CEBPB	CEBPB
-678	43	39.495976307310436	CEBPB	CEBPB
-677	43	39.56502611219678	CEBPB	CEBPB
-676	39	39.52452622371479	CEBPB	CEBPB
-675	31	39.46428322214896	CEBPB	CEBPB
-674	40	39.608294016197526	CEBPB	CEBPB
-673	36	39.65476100466033	CEBPB	CEBPB
-672	41	39.77055062110401	CEBPB	CEBPB
-671	33	39.53760765876479	CEBPB	CEBPB
-670	35	39.54394442683834	CEBPB	CEBPB
-669	41	39.63278445344653	CEBPB	CEBPB
-668	38	39.65519173921302	CEBPB	CEBPB
-667	41	39.55193746234731	CEBPB	CEBPB
-666	41	39.55089610063763	CEBPB	CEBPB
-665	31	39.56651822130075	CEBPB	CEBPB
-664	39	39.571172974250125	CEBPB	CEBPB
-663	35	39.53122270857275	CEBPB	CEBPB
-662	45	39.6657869365003	CEBPB	CEBPB
-661	35	39.720762442014674	CEBPB	CEBPB
-660	35	39.578123834321836	CEBPB	CEBPB
-659	30	39.633162047041225	CEBPB	CEBPB
-658	36	39.494770117977595	CEBPB	CEBPB
-657	46	39.46280160851437	CEBPB	CEBPB
-656	36	39.628531404035975	CEBPB	CEBPB
-655	31	39.58845736781989	CEBPB	CEBPB
-654	40	39.48394144220282	CEBPB	CEBPB
-653	45	39.632292815903014	CEBPB	CEBPB
-652	38	39.51086956300231	CEBPB	CEBPB
-651	43	39.607143036901704	CEBPB	CEBPB
-650	35	39.64322791609928	CEBPB	CEBPB
-649	49	39.67560353792721	CEBPB	CEBPB
-648	35	39.5949268307452	CEBPB	CEBPB
-647	44	39.6057007170227	CEBPB	CEBPB
-646	40	39.48000105440721	CEBPB	CEBPB
-645	52	39.56434101017582	CEBPB	CEBPB
-644	41	39.5902391053467	CEBPB	CEBPB
-643	37	39.3639441174678	CEBPB	CEBPB
-642	52	39.44150702240199	CEBPB	CEBPB
-641	40	39.56403494905923	CEBPB	CEBPB
-640	41	39.628359767823845	CEBPB	CEBPB
-639	45	39.45335089517379	CEBPB	CEBPB
-638	38	39.425795852520764	CEBPB	CEBPB
-637	44	39.551417167568054	CEBPB	CEBPB
-636	41	39.619123809246574	CEBPB	CEBPB
-635	34	39.57950570106512	CEBPB	CEBPB
-634	27	39.64344733277972	CEBPB	CEBPB
-633	46	39.687254575628806	CEBPB	CEBPB
-632	41	39.52617649821379	CEBPB	CEBPB
-631	40	39.48060130765486	CEBPB	CEBPB
-630	32	39.74272995918093	CEBPB	CEBPB
-629	42	39.66089787257759	CEBPB	CEBPB
-628	36	39.44443921559917	CEBPB	CEBPB
-627	36	39.60140456504679	CEBPB	CEBPB
-626	38	39.498635525166	CEBPB	CEBPB
-625	39	39.49968559778938	CEBPB	CEBPB
-624	41	39.57941460225055	CEBPB	CEBPB
-623	36	39.680799263755056	CEBPB	CEBPB
-622	40	39.5878412068752	CEBPB	CEBPB
-621	29	39.638038947003075	CEBPB	CEBPB
-620	34	39.57451525585364	CEBPB	CEBPB
-619	42	39.42059207224341	CEBPB	CEBPB
-618	35	39.466297513378045	CEBPB	CEBPB
-617	42	39.45173469017109	CEBPB	CEBPB
-616	44	39.602496572078294	CEBPB	CEBPB
-615	46	39.51441527961988	CEBPB	CEBPB
-614	36	39.58919718886122	CEBPB	CEBPB
-613	40	39.637676271208065	CEBPB	CEBPB
-612	41	39.610728554749514	CEBPB	CEBPB
-611	21	39.4707848196994	CEBPB	CEBPB
-610	51	39.45692525379094	CEBPB	CEBPB
-609	36	39.640263446593174	CEBPB	CEBPB
-608	36	39.58765772353972	CEBPB	CEBPB
-607	28	39.64048655537362	CEBPB	CEBPB
-606	47	39.55204660370295	CEBPB	CEBPB
-605	55	39.45106278533512	CEBPB	CEBPB
-604	31	39.40026712914093	CEBPB	CEBPB
-603	44	39.45518811004129	CEBPB	CEBPB
-602	36	39.612286223108555	CEBPB	CEBPB
-601	58	39.60540942746469	CEBPB	CEBPB
-600	27	39.67287180974266	CEBPB	CEBPB
-599	40	39.63404554476851	CEBPB	CEBPB
-598	40	39.48195521501337	CEBPB	CEBPB
-597	46	39.412164356083565	CEBPB	CEBPB
-596	39	39.57345493405402	CEBPB	CEBPB
-595	39	39.54535327293671	CEBPB	CEBPB
-594	38	39.51424527464523	CEBPB	CEBPB
-593	37	39.555754149391966	CEBPB	CEBPB
-592	32	39.48367642491665	CEBPB	CEBPB
-591	46	39.4305263102945	CEBPB	CEBPB
-590	43	39.50293906131576	CEBPB	CEBPB
-589	34	39.526255145357034	CEBPB	CEBPB
-588	38	39.660580400379445	CEBPB	CEBPB
-587	48	39.65542371210984	CEBPB	CEBPB
-586	36	39.613144766196505	CEBPB	CEBPB
-585	28	39.511889517412506	CEBPB	CEBPB
-584	48	39.56334069642014	CEBPB	CEBPB
-583	35	39.52905810435756	CEBPB	CEBPB
-582	39	39.414805514774145	CEBPB	CEBPB
-581	45	39.40381076896486	CEBPB	CEBPB
-580	33	39.467494210507546	CEBPB	CEBPB
-579	46	39.59548940171668	CEBPB	CEBPB
-578	38	39.57020048094792	CEBPB	CEBPB
-577	47	39.62460739235393	CEBPB	CEBPB
-576	35	39.52953388429882	CEBPB	CEBPB
-575	32	39.55542619846101	CEBPB	CEBPB
-574	33	39.65513974708759	CEBPB	CEBPB
-573	40	39.717860214975246	CEBPB	CEBPB
-572	47	39.729261680872824	CEBPB	CEBPB
-571	48	39.713546475168634	CEBPB	CEBPB
-570	43	39.52090104186204	CEBPB	CEBPB
-569	47	39.593957795982355	CEBPB	CEBPB
-568	45	39.53795286237801	CEBPB	CEBPB
-567	54	39.48681524789041	CEBPB	CEBPB
-566	26	39.44365306702621	CEBPB	CEBPB
-565	43	39.49621611627613	CEBPB	CEBPB
-564	40	39.583845565099864	CEBPB	CEBPB
-563	50	39.64039707378812	CEBPB	CEBPB
-562	41	39.44445705838666	CEBPB	CEBPB
-561	38	39.49470048728323	CEBPB	CEBPB
-560	52	39.60255748875606	CEBPB	CEBPB
-559	32	39.66793034970711	CEBPB	CEBPB
-558	38	39.53506321320383	CEBPB	CEBPB
-557	36	39.617815644125656	CEBPB	CEBPB
-556	28	39.5823554815014	CEBPB	CEBPB
-555	43	39.55950663064639	CEBPB	CEBPB
-554	43	39.43186901458334	CEBPB	CEBPB
-553	42	39.56033188815789	CEBPB	CEBPB
-552	34	39.513465132784475	CEBPB	CEBPB
-551	39	39.57418377480897	CEBPB	CEBPB
-550	35	39.48515622935096	CEBPB	CEBPB
-549	36	39.62787642834113	CEBPB	CEBPB
-548	40	39.64640190046071	CEBPB	CEBPB
-547	44	39.46619515229756	CEBPB	CEBPB
-546	44	39.49537540993583	CEBPB	CEBPB
-545	47	39.482304970667286	CEBPB	CEBPB
-544	46	39.43105612576821	CEBPB	CEBPB
-543	29	39.50492995605921	CEBPB	CEBPB
-542	36	39.42460849537335	CEBPB	CEBPB
-541	32	39.57850365697245	CEBPB	CEBPB
-540	34	39.63193729011115	CEBPB	CEBPB
-539	33	39.67489368911245	CEBPB	CEBPB
-538	36	39.592636126613506	CEBPB	CEBPB
-537	39	39.38107575934019	CEBPB	CEBPB
-536	45	39.50062702567695	CEBPB	CEBPB
-535	33	39.558869711358504	CEBPB	CEBPB
-534	39	39.5147432075665	CEBPB	CEBPB
-533	32	39.39834822907895	CEBPB	CEBPB
-532	42	39.20222421204677	CEBPB	CEBPB
-531	31	39.35488914236351	CEBPB	CEBPB
-530	33	39.44148690067135	CEBPB	CEBPB
-529	42	39.60473196052977	CEBPB	CEBPB
-528	43	39.76193134119224	CEBPB	CEBPB
-527	44	39.672896396523306	CEBPB	CEBPB
-526	40	39.621247487468196	CEBPB	CEBPB
-525	37	39.38165095765071	CEBPB	CEBPB
-524	36	39.57321284162922	CEBPB	CEBPB
-523	51	39.61306083718163	CEBPB	CEBPB
-522	37	39.54449214639872	CEBPB	CEBPB
-521	41	39.55201446925807	CEBPB	CEBPB
-520	38	39.51031283455675	CEBPB	CEBPB
-519	44	39.52257678648222	CEBPB	CEBPB
-518	40	39.63377736087615	CEBPB	CEBPB
-517	51	39.54470288735392	CEBPB	CEBPB
-516	49	39.5425170861854	CEBPB	CEBPB
-515	36	39.49058924331333	CEBPB	CEBPB
-514	35	39.55609794012081	CEBPB	CEBPB
-513	44	39.669643847049755	CEBPB	CEBPB
-512	45	39.60546248047969	CEBPB	CEBPB
-511	41	39.4405460135857	CEBPB	CEBPB
-510	45	39.35368016910057	CEBPB	CEBPB
-509	48	39.525788900908054	CEBPB	CEBPB
-508	48	39.48839674212259	CEBPB	CEBPB
-507	31	39.60853740216206	CEBPB	CEBPB
-506	39	39.50911641817708	CEBPB	CEBPB
-505	54	39.3726855351137	CEBPB	CEBPB
-504	42	39.32866878196914	CEBPB	CEBPB
-503	43	39.60193756044166	CEBPB	CEBPB
-502	32	39.536672110857126	CEBPB	CEBPB
-501	41	39.50881749086302	CEBPB	CEBPB
-500	41	39.58388862483473	CEBPB	CEBPB
-499	34	39.71680523329389	CEBPB	CEBPB
-498	39	39.675881536811076	CEBPB	CEBPB
-497	36	39.5244459195852	CEBPB	CEBPB
-496	36	39.515150912865444	CEBPB	CEBPB
-495	37	39.50059221383433	CEBPB	CEBPB
-494	43	39.488526055309976	CEBPB	CEBPB
-493	37	39.59202095213098	CEBPB	CEBPB
-492	30	39.61424426602193	CEBPB	CEBPB
-491	41	39.503292836255206	CEBPB	CEBPB
-490	40	39.51371523087556	CEBPB	CEBPB
-489	38	39.47012665490762	CEBPB	CEBPB
-488	40	39.491376168202926	CEBPB	CEBPB
-487	44	39.389985540523924	CEBPB	CEBPB
-486	38	39.35491741499487	CEBPB	CEBPB
-485	40	39.41906168212176	CEBPB	CEBPB
-484	52	39.47635403139327	CEBPB	CEBPB
-483	41	39.68313639724891	CEBPB	CEBPB
-482	38	39.7393894623236	CEBPB	CEBPB
-481	40	39.683975862447504	CEBPB	CEBPB
-480	24	39.586306634335635	CEBPB	CEBPB
-479	34	39.633473426462906	CEBPB	CEBPB
-478	39	39.59864931608307	CEBPB	CEBPB
-477	45	39.539184692629156	CEBPB	CEBPB
-476	31	39.491282273693216	CEBPB	CEBPB
-475	33	39.460200178664635	CEBPB	CEBPB
-474	51	39.46065990174253	CEBPB	CEBPB
-473	26	39.41610334614077	CEBPB	CEBPB
-472	42	39.428690901276916	CEBPB	CEBPB
-471	24	39.40889758320885	CEBPB	CEBPB
-470	40	39.555230243952366	CEBPB	CEBPB
-469	54	39.722057301579305	CEBPB	CEBPB
-468	44	39.746221026302315	CEBPB	CEBPB
-467	37	39.70998951456196	CEBPB	CEBPB
-466	47	39.61610643113607	CEBPB	CEBPB
-465	35	39.483523676487465	CEBPB	CEBPB
-464	46	39.47623187906543	CEBPB	CEBPB
-463	54	39.524866462083864	CEBPB	CEBPB
-462	36	39.66609287890542	CEBPB	CEBPB
-461	43	39.509385549479475	CEBPB	CEBPB
-460	38	39.49724177372007	CEBPB	CEBPB
-459	51	39.52778809464366	CEBPB	CEBPB
-458	40	39.51811621798138	CEBPB	CEBPB
-457	43	39.49585746880999	CEBPB	CEBPB
-456	49	39.46782842209755	CEBPB	CEBPB
-455	53	39.43964966539839	CEBPB	CEBPB
-454	28	39.50979857907105	CEBPB	CEBPB
-453	37	39.54856180161778	CEBPB	CEBPB
-452	33	39.62186997746665	CEBPB	CEBPB
-451	40	39.599759609623256	CEBPB	CEBPB
-450	45	39.41239951244322	CEBPB	CEBPB
-449	47	39.56640654562508	CEBPB	CEBPB
-448	36	39.38782814379861	CEBPB	CEBPB
-447	46	39.4158883917302	CEBPB	CEBPB
-446	41	39.67675052003047	CEBPB	CEBPB
-445	30	39.52254418785503	CEBPB	CEBPB
-444	37	39.54256773303011	CEBPB	CEBPB
-443	34	39.72028850922278	CEBPB	CEBPB
-442	43	39.4617848846796	CEBPB	CEBPB
-441	42	39.423640360225875	CEBPB	CEBPB
-440	35	39.597182376586915	CEBPB	CEBPB
-439	42	39.41610923705872	CEBPB	CEBPB
-438	35	39.48195529189971	CEBPB	CEBPB
-437	44	39.50178950112859	CEBPB	CEBPB
-436	42	39.50738846096983	CEBPB	CEBPB
-435	45	39.62751676131099	CEBPB	CEBPB
-434	37	39.70345522882186	CEBPB	CEBPB
-433	49	39.606596312252016	CEBPB	CEBPB
-432	32	39.52668324574968	CEBPB	CEBPB
-431	41	39.43743446767423	CEBPB	CEBPB
-430	43	39.41059096653939	CEBPB	CEBPB
-429	26	39.659606181677646	CEBPB	CEBPB
-428	48	39.4991841471985	CEBPB	CEBPB
-427	29	39.50589582629565	CEBPB	CEBPB
-426	26	39.63137218154933	CEBPB	CEBPB
-425	39	39.57031742755306	CEBPB	CEBPB
-424	52	39.66363232262511	CEBPB	CEBPB
-423	42	39.63148591437493	CEBPB	CEBPB
-422	51	39.61307525136486	CEBPB	CEBPB
-421	36	39.70893899740889	CEBPB	CEBPB
-420	40	39.561105856406975	CEBPB	CEBPB
-419	38	39.44835698755343	CEBPB	CEBPB
-418	39	39.55731558060504	CEBPB	CEBPB
-417	40	39.562234027995466	CEBPB	CEBPB
-416	52	39.5324700709146	CEBPB	CEBPB
-415	36	39.73472252660683	CEBPB	CEBPB
-414	35	39.50471341433106	CEBPB	CEBPB
-413	43	39.48027352441805	CEBPB	CEBPB
-412	40	39.50494137167745	CEBPB	CEBPB
-411	40	39.51164664637389	CEBPB	CEBPB
-410	47	39.40558777657261	CEBPB	CEBPB
-409	30	39.44225759993102	CEBPB	CEBPB
-408	23	39.51820477519516	CEBPB	CEBPB
-407	34	39.583262128555525	CEBPB	CEBPB
-406	34	39.61219898843937	CEBPB	CEBPB
-405	41	39.4930099110195	CEBPB	CEBPB
-404	33	39.78700743580868	CEBPB	CEBPB
-403	36	39.73044594023185	CEBPB	CEBPB
-402	39	39.41251109889875	CEBPB	CEBPB
-401	35	39.38146084326967	CEBPB	CEBPB
-400	42	39.51868154208578	CEBPB	CEBPB
-399	42	39.53090108511656	CEBPB	CEBPB
-398	28	39.64382614395714	CEBPB	CEBPB
-397	45	39.69144886911102	CEBPB	CEBPB
-396	45	39.67246853904172	CEBPB	CEBPB
-395	40	39.517145302855056	CEBPB	CEBPB
-394	47	39.53763816824064	CEBPB	CEBPB
-393	39	39.661468667624476	CEBPB	CEBPB
-392	28	39.69396092752538	CEBPB	CEBPB
-391	37	39.448216373333594	CEBPB	CEBPB
-390	37	39.497190149461936	CEBPB	CEBPB
-389	50	39.513552555932556	CEBPB	CEBPB
-388	33	39.44792158230862	CEBPB	CEBPB
-387	42	39.55940179782507	CEBPB	CEBPB
-386	43	39.628200803581244	CEBPB	CEBPB
-385	46	39.6552215871294	CEBPB	CEBPB
-384	32	39.663047832592774	CEBPB	CEBPB
-383	31	39.52456909640726	CEBPB	CEBPB
-382	39	39.45271827106809	CEBPB	CEBPB
-381	46	39.42935989188033	CEBPB	CEBPB
-380	39	39.60403998742157	CEBPB	CEBPB
-379	36	39.47118036560366	CEBPB	CEBPB
-378	34	39.445836613580006	CEBPB	CEBPB
-377	37	39.53126624552063	CEBPB	CEBPB
-376	47	39.50156415098962	CEBPB	CEBPB
-375	31	39.35467223295899	CEBPB	CEBPB
-374	36	39.524813475805786	CEBPB	CEBPB
-373	42	39.57462734609812	CEBPB	CEBPB
-372	32	39.653805139075544	CEBPB	CEBPB
-371	30	39.6149231744843	CEBPB	CEBPB
-370	30	39.643590274994644	CEBPB	CEBPB
-369	39	39.57221132272977	CEBPB	CEBPB
-368	39	39.460004949276275	CEBPB	CEBPB
-367	28	39.63893015439797	CEBPB	CEBPB
-366	46	39.44782503510751	CEBPB	CEBPB
-365	43	39.475823812009075	CEBPB	CEBPB
-364	35	39.55127851219301	CEBPB	CEBPB
-363	27	39.685303947218884	CEBPB	CEBPB
-362	36	39.48432674620688	CEBPB	CEBPB
-361	41	39.425858921598966	CEBPB	CEBPB
-360	48	39.40046398188056	CEBPB	CEBPB
-359	46	39.46294097046608	CEBPB	CEBPB
-358	47	39.63254287908622	CEBPB	CEBPB
-357	28	39.66243168012006	CEBPB	CEBPB
-356	35	39.69774535216084	CEBPB	CEBPB
-355	35	39.57715666679975	CEBPB	CEBPB
-354	50	39.63185102186949	CEBPB	CEBPB
-353	36	39.52974144451466	CEBPB	CEBPB
-352	29	39.53927751097064	CEBPB	CEBPB
-351	54	39.52235619250538	CEBPB	CEBPB
-350	44	39.45151590671953	CEBPB	CEBPB
-349	35	39.44995850730234	CEBPB	CEBPB
-348	39	39.62439175742529	CEBPB	CEBPB
-347	38	39.47712128189979	CEBPB	CEBPB
-346	44	39.530304986573185	CEBPB	CEBPB
-345	41	39.57738178988998	CEBPB	CEBPB
-344	35	39.50978683363025	CEBPB	CEBPB
-343	33	39.63272410057978	CEBPB	CEBPB
-342	45	39.54304469322559	CEBPB	CEBPB
-341	44	39.45012396391119	CEBPB	CEBPB
-340	43	39.40611486902205	CEBPB	CEBPB
-339	49	39.58262197298288	CEBPB	CEBPB
-338	42	39.44090986565198	CEBPB	CEBPB
-337	35	39.42728741894818	CEBPB	CEBPB
-336	35	39.42871018282379	CEBPB	CEBPB
-335	30	39.5273933052939	CEBPB	CEBPB
-334	40	39.55379825848413	CEBPB	CEBPB
-333	31	39.49328697389704	CEBPB	CEBPB
-332	37	39.53850323839597	CEBPB	CEBPB
-331	44	39.6394157333472	CEBPB	CEBPB
-330	36	39.57226255580411	CEBPB	CEBPB
-329	37	39.536961073936695	CEBPB	CEBPB
-328	39	39.52198103116202	CEBPB	CEBPB
-327	30	39.325833327633724	CEBPB	CEBPB
-326	51	39.53266844080057	CEBPB	CEBPB
-325	34	39.5676201194362	CEBPB	CEBPB
-324	38	39.53965751749657	CEBPB	CEBPB
-323	34	39.51073142950452	CEBPB	CEBPB
-322	26	39.43510147113327	CEBPB	CEBPB
-321	38	39.43256060732517	CEBPB	CEBPB
-320	41	39.47309940145591	CEBPB	CEBPB
-319	36	39.46856517483869	CEBPB	CEBPB
-318	33	39.5149684140844	CEBPB	CEBPB
-317	44	39.571256391080155	CEBPB	CEBPB
-316	41	39.56717748500811	CEBPB	CEBPB
-315	42	39.622927618691904	CEBPB	CEBPB
-314	36	39.44248800251409	CEBPB	CEBPB
-313	58	39.58105297640681	CEBPB	CEBPB
-312	41	39.49896255472503	CEBPB	CEBPB
-311	41	39.36532629832092	CEBPB	CEBPB
-310	39	39.49493873499881	CEBPB	CEBPB
-309	42	39.609783485132176	CEBPB	CEBPB
-308	41	39.5441376176582	CEBPB	CEBPB
-307	36	39.56447755331049	CEBPB	CEBPB
-306	35	39.42386618683042	CEBPB	CEBPB
-305	45	39.56384405311505	CEBPB	CEBPB
-304	42	39.35336950433513	CEBPB	CEBPB
-303	31	39.55638858836246	CEBPB	CEBPB
-302	41	39.63555230557556	CEBPB	CEBPB
-301	40	39.61230456264678	CEBPB	CEBPB
-300	34	39.52726699595727	CEBPB	CEBPB
-299	57	39.39689227856086	CEBPB	CEBPB
-298	44	39.39813274461954	CEBPB	CEBPB
-297	41	39.51636961094557	CEBPB	CEBPB
-296	40	39.506549194795504	CEBPB	CEBPB
-295	46	39.604701735264584	CEBPB	CEBPB
-294	38	39.61177224781743	CEBPB	CEBPB
-293	46	39.52266581610955	CEBPB	CEBPB
-292	51	39.54206638182243	CEBPB	CEBPB
-291	46	39.54659136813371	CEBPB	CEBPB
-290	37	39.543722898238244	CEBPB	CEBPB
-289	43	39.697374185381115	CEBPB	CEBPB
-288	54	39.67132185552135	CEBPB	CEBPB
-287	35	39.522210357813165	CEBPB	CEBPB
-286	35	39.580421736517984	CEBPB	CEBPB
-285	31	39.46829192011501	CEBPB	CEBPB
-284	41	39.575388710948275	CEBPB	CEBPB
-283	37	39.612666629730406	CEBPB	CEBPB
-282	24	39.64814886740918	CEBPB	CEBPB
-281	38	39.639107083581514	CEBPB	CEBPB
-280	30	39.579617458250304	CEBPB	CEBPB
-279	48	39.58954070936037	CEBPB	CEBPB
-278	49	39.417964528229895	CEBPB	CEBPB
-277	45	39.50207194076981	CEBPB	CEBPB
-276	35	39.34758272535499	CEBPB	CEBPB
-275	44	39.48074564288058	CEBPB	CEBPB
-274	51	39.36094941434075	CEBPB	CEBPB
-273	51	39.34988992606907	CEBPB	CEBPB
-272	55	39.44190394500825	CEBPB	CEBPB
-271	38	39.51769454944824	CEBPB	CEBPB
-270	44	39.44608179481302	CEBPB	CEBPB
-269	51	39.50918474741815	CEBPB	CEBPB
-268	41	39.579080659055364	CEBPB	CEBPB
-267	43	39.42695931350067	CEBPB	CEBPB
-266	45	39.35875605097998	CEBPB	CEBPB
-265	44	39.444542348965314	CEBPB	CEBPB
-264	44	39.63579359397081	CEBPB	CEBPB
-263	36	39.56975825360277	CEBPB	CEBPB
-262	42	39.55016914458456	CEBPB	CEBPB
-261	46	39.5886583007974	CEBPB	CEBPB
-260	37	39.56616081079825	CEBPB	CEBPB
-259	45	39.5417260031721	CEBPB	CEBPB
-258	43	39.55461887700279	CEBPB	CEBPB
-257	49	39.309082514888	CEBPB	CEBPB
-256	40	39.29973484721938	CEBPB	CEBPB
-255	31	39.404764156476396	CEBPB	CEBPB
-254	38	39.51968199649886	CEBPB	CEBPB
-253	59	39.49601780358508	CEBPB	CEBPB
-252	43	39.39840999818584	CEBPB	CEBPB
-251	36	39.502029782605725	CEBPB	CEBPB
-250	41	39.485718677872946	CEBPB	CEBPB
-249	47	39.43513690541087	CEBPB	CEBPB
-248	37	39.51797387982373	CEBPB	CEBPB
-247	28	39.55425015090571	CEBPB	CEBPB
-246	37	39.3593426225154	CEBPB	CEBPB
-245	49	39.41365897240292	CEBPB	CEBPB
-244	29	39.64212837253289	CEBPB	CEBPB
-243	39	39.58834418175014	CEBPB	CEBPB
-242	41	39.53940839954565	CEBPB	CEBPB
-241	34	39.4036609428344	CEBPB	CEBPB
-240	55	39.51732421919691	CEBPB	CEBPB
-239	48	39.68498969757708	CEBPB	CEBPB
-238	43	39.89333423517634	CEBPB	CEBPB
-237	40	39.86619068028812	CEBPB	CEBPB
-236	49	39.88832223234893	CEBPB	CEBPB
-235	38	39.91139936564319	CEBPB	CEBPB
-234	39	39.98464010884814	CEBPB	CEBPB
-233	38	39.875854291428595	CEBPB	CEBPB
-232	36	39.964726756565156	CEBPB	CEBPB
-231	45	40.22018212910745	CEBPB	CEBPB
-230	49	40.357281285857155	CEBPB	CEBPB
-229	43	40.1712828263686	CEBPB	CEBPB
-228	42	39.69868864563061	CEBPB	CEBPB
-227	38	39.58005145962451	CEBPB	CEBPB
-226	42	39.6407595901001	CEBPB	CEBPB
-225	44	39.6568317108833	CEBPB	CEBPB
-224	37	39.51284742019749	CEBPB	CEBPB
-223	42	39.677385674287095	CEBPB	CEBPB
-222	37	39.69142122222898	CEBPB	CEBPB
-221	31	39.638467408337	CEBPB	CEBPB
-220	38	39.820837738703915	CEBPB	CEBPB
-219	24	40.09949541150629	CEBPB	CEBPB
-218	47	39.989539100257076	CEBPB	CEBPB
-217	32	39.92471676570637	CEBPB	CEBPB
-216	38	39.628941247376176	CEBPB	CEBPB
-215	38	39.536024273542516	CEBPB	CEBPB
-214	48	39.563222291692675	CEBPB	CEBPB
-213	38	39.53955612734912	CEBPB	CEBPB
-212	47	39.51963368554239	CEBPB	CEBPB
-211	42	39.43518318151878	CEBPB	CEBPB
-210	47	39.41121328842134	CEBPB	CEBPB
-209	45	39.51600777223819	CEBPB	CEBPB
-208	47	39.57235896430554	CEBPB	CEBPB
-207	43	39.35762470314393	CEBPB	CEBPB
-206	37	39.34564275444315	CEBPB	CEBPB
-205	27	39.61588052910309	CEBPB	CEBPB
-204	43	39.5837252862588	CEBPB	CEBPB
-203	36	39.477081378607615	CEBPB	CEBPB
-202	39	39.244361168126495	CEBPB	CEBPB
-201	25	39.09573490945024	CEBPB	CEBPB
-200	52	39.129194322327486	CEBPB	CEBPB
-199	34	39.390406518795174	CEBPB	CEBPB
-198	33	39.626086605669194	CEBPB	CEBPB
-197	34	39.58092537801445	CEBPB	CEBPB
-196	42	39.53073267003363	CEBPB	CEBPB
-195	34	39.625096102200594	CEBPB	CEBPB
-194	40	39.35628918816375	CEBPB	CEBPB
-193	55	39.614587351996434	CEBPB	CEBPB
-192	38	39.78600135514196	CEBPB	CEBPB
-191	47	39.81627022755558	CEBPB	CEBPB
-190	41	39.5888292001409	CEBPB	CEBPB
-189	34	39.68663010412455	CEBPB	CEBPB
-188	54	39.80340504562699	CEBPB	CEBPB
-187	43	39.73182468222258	CEBPB	CEBPB
-186	47	39.879186018049836	CEBPB	CEBPB
-185	46	39.755134309691506	CEBPB	CEBPB
-184	35	39.65325775095233	CEBPB	CEBPB
-183	34	39.66522962279282	CEBPB	CEBPB
-182	35	39.7159166305315	CEBPB	CEBPB
-181	39	39.81208443302271	CEBPB	CEBPB
-180	37	39.69970203166459	CEBPB	CEBPB
-179	34	39.632708326090196	CEBPB	CEBPB
-178	39	39.59163516687146	CEBPB	CEBPB
-177	42	39.52034818378694	CEBPB	CEBPB
-176	44	39.61805091942911	CEBPB	CEBPB
-175	47	39.70572392121889	CEBPB	CEBPB
-174	43	39.63013655425529	CEBPB	CEBPB
-173	36	39.69626832141121	CEBPB	CEBPB
-172	45	39.61439772501519	CEBPB	CEBPB
-171	33	39.54185807719797	CEBPB	CEBPB
-170	37	39.54210784838448	CEBPB	CEBPB
-169	39	39.665772473457665	CEBPB	CEBPB
-168	37	39.6424217901125	CEBPB	CEBPB
-167	45	39.66522461573646	CEBPB	CEBPB
-166	38	39.71019199686372	CEBPB	CEBPB
-165	47	39.566922456853796	CEBPB	CEBPB
-164	45	39.52462174769808	CEBPB	CEBPB
-163	42	39.31196304614023	CEBPB	CEBPB
-162	51	39.34420522172764	CEBPB	CEBPB
-161	40	39.60089049126775	CEBPB	CEBPB
-160	38	39.790052286967374	CEBPB	CEBPB
-159	40	39.84176471806278	CEBPB	CEBPB
-158	35	39.49868528971198	CEBPB	CEBPB
-157	44	39.54568663253373	CEBPB	CEBPB
-156	38	39.676159647075266	CEBPB	CEBPB
-155	36	39.775813666839106	CEBPB	CEBPB
-154	46	39.60448556317781	CEBPB	CEBPB
-153	35	39.41146621238728	CEBPB	CEBPB
-152	27	39.48399421046442	CEBPB	CEBPB
-151	38	39.61424231008022	CEBPB	CEBPB
-150	52	39.686108483956126	CEBPB	CEBPB
-149	27	39.65921155352132	CEBPB	CEBPB
-148	38	39.77473861239197	CEBPB	CEBPB
-147	37	39.67623571004355	CEBPB	CEBPB
-146	40	39.62155251608497	CEBPB	CEBPB
-145	41	39.616571512848196	CEBPB	CEBPB
-144	35	39.464730268630554	CEBPB	CEBPB
-143	31	39.562831777665515	CEBPB	CEBPB
-142	41	39.685230100049665	CEBPB	CEBPB
-141	42	39.68865164614074	CEBPB	CEBPB
-140	44	39.709902298767325	CEBPB	CEBPB
-139	40	39.671838478305865	CEBPB	CEBPB
-138	54	39.53708572213373	CEBPB	CEBPB
-137	41	39.463283701981396	CEBPB	CEBPB
-136	43	39.4164338070151	CEBPB	CEBPB
-135	35	39.304008566737195	CEBPB	CEBPB
-134	36	39.36648691636219	CEBPB	CEBPB
-133	43	39.4851375059786	CEBPB	CEBPB
-132	37	39.611207102510384	CEBPB	CEBPB
-131	52	39.75751777000709	CEBPB	CEBPB
-130	41	39.83544090956168	CEBPB	CEBPB
-129	36	39.93471970158696	CEBPB	CEBPB
-128	48	39.76196097380228	CEBPB	CEBPB
-127	45	39.58707481520436	CEBPB	CEBPB
-126	35	39.38677645213502	CEBPB	CEBPB
-125	36	39.47501730990479	CEBPB	CEBPB
-124	38	39.68910572645089	CEBPB	CEBPB
-123	34	39.52228788923131	CEBPB	CEBPB
-122	35	39.348194826867314	CEBPB	CEBPB
-121	32	39.3017739685625	CEBPB	CEBPB
-120	21	39.270548809561	CEBPB	CEBPB
-119	43	39.05492241994094	CEBPB	CEBPB
-118	39	38.825985428594585	CEBPB	CEBPB
-117	40	38.905123692671104	CEBPB	CEBPB
-116	48	39.12801319911143	CEBPB	CEBPB
-115	41	39.32842867831752	CEBPB	CEBPB
-114	50	39.5565590521258	CEBPB	CEBPB
-113	49	39.53516554749848	CEBPB	CEBPB
-112	33	39.230122901209555	CEBPB	CEBPB
-111	34	38.85392098003357	CEBPB	CEBPB
-110	32	38.57277735477756	CEBPB	CEBPB
-109	53	38.560737274776706	CEBPB	CEBPB
-108	44	38.7043532243741	CEBPB	CEBPB
-107	44	39.144720339262065	CEBPB	CEBPB
-106	39	39.272600994795326	CEBPB	CEBPB
-105	47	39.31956022032847	CEBPB	CEBPB
-104	43	39.49604471305443	CEBPB	CEBPB
-103	32	39.44991237897829	CEBPB	CEBPB
-102	30	39.43605899456354	CEBPB	CEBPB
-101	44	39.72239327071491	CEBPB	CEBPB
-100	39	39.802999295561676	CEBPB	CEBPB
-99	35	39.85862392783406	CEBPB	CEBPB
-98	37	39.71261185949928	CEBPB	CEBPB
-97	38	40.39969037471574	CEBPB	CEBPB
-96	40	40.49509004038845	CEBPB	CEBPB
-95	39	39.69779169619495	CEBPB	CEBPB
-94	34	39.76468593727181	CEBPB	CEBPB
-93	42	39.51661810422363	CEBPB	CEBPB
-92	31	39.19878963941344	CEBPB	CEBPB
-91	42	39.61474565863987	CEBPB	CEBPB
-90	41	39.64335030354198	CEBPB	CEBPB
-89	44	40.10320463645162	CEBPB	CEBPB
-88	33	40.021013505327126	CEBPB	CEBPB
-87	49	39.69287461696	CEBPB	CEBPB
-86	46	39.6227445447295	CEBPB	CEBPB
-85	56	40.03143044688288	CEBPB	CEBPB
-84	51	40.41446128745161	CEBPB	CEBPB
-83	32	40.09670701789566	CEBPB	CEBPB
-82	51	39.780638136816265	CEBPB	CEBPB
-81	33	39.2972627070273	CEBPB	CEBPB
-80	32	39.41242826968921	CEBPB	CEBPB
-79	38	39.77757845681508	CEBPB	CEBPB
-78	45	39.394522181828705	CEBPB	CEBPB
-77	40	39.06806846618551	CEBPB	CEBPB
-76	38	38.984055382429105	CEBPB	CEBPB
-75	35	39.61682593410963	CEBPB	CEBPB
-74	54	40.00987008778087	CEBPB	CEBPB
-73	45	39.88790847093976	CEBPB	CEBPB
-72	44	38.98806447991363	CEBPB	CEBPB
-71	31	38.96990452370928	CEBPB	CEBPB
-70	35	38.99902168915271	CEBPB	CEBPB
-69	44	39.198542958339125	CEBPB	CEBPB
-68	33	39.4947667565604	CEBPB	CEBPB
-67	32	39.078670605425955	CEBPB	CEBPB
-66	57	38.932429751897516	CEBPB	CEBPB
-65	38	39.34517634520943	CEBPB	CEBPB
-64	49	39.830936369378804	CEBPB	CEBPB
-63	36	39.7856849067331	CEBPB	CEBPB
-62	38	39.61450922789138	CEBPB	CEBPB
-61	25	39.08736606299504	CEBPB	CEBPB
-60	43	39.343692669933255	CEBPB	CEBPB
-59	23	39.35271698454834	CEBPB	CEBPB
-58	44	38.82747802439669	CEBPB	CEBPB
-57	40	38.47904166982245	CEBPB	CEBPB
-56	48	39.228944924497945	CEBPB	CEBPB
-55	41	39.05353969695365	CEBPB	CEBPB
-54	45	39.123834526140264	CEBPB	CEBPB
-53	27	39.282533207766086	CEBPB	CEBPB
-52	29	39.21672639798316	CEBPB	CEBPB
-51	46	38.95867132282516	CEBPB	CEBPB
-50	39	39.341855401813554	CEBPB	CEBPB
-49	36	39.28141485729041	CEBPB	CEBPB
-48	30	38.70854063864783	CEBPB	CEBPB
-47	35	38.93933985013766	CEBPB	CEBPB
-46	46	38.266923683639874	CEBPB	CEBPB
-45	40	38.50775614055539	CEBPB	CEBPB
-44	30	38.72668426515357	CEBPB	CEBPB
-43	48	39.76188597200885	CEBPB	CEBPB
-42	26	40.01770937903869	CEBPB	CEBPB
-41	42	39.52005004281863	CEBPB	CEBPB
-40	34	39.383591222084846	CEBPB	CEBPB
-39	38	39.419054642500335	CEBPB	CEBPB
-38	39	39.93755512448912	CEBPB	CEBPB
-37	48	39.163835288093516	CEBPB	CEBPB
-36	51	38.96632356785762	CEBPB	CEBPB
-35	38	39.3439848780597	CEBPB	CEBPB
-34	46	39.11953183187373	CEBPB	CEBPB
-33	39	39.743435569007886	CEBPB	CEBPB
-32	53	39.761953061477435	CEBPB	CEBPB
-31	30	40.01283992455887	CEBPB	CEBPB
-30	38	40.212646526957634	CEBPB	CEBPB
-29	34	39.03190083627189	CEBPB	CEBPB
-28	52	39.2727607050007	CEBPB	CEBPB
-27	36	39.2493729567884	CEBPB	CEBPB
-26	38	39.74957687790649	CEBPB	CEBPB
-25	34	39.94775637246945	CEBPB	CEBPB
-24	36	39.67246027248282	CEBPB	CEBPB
-23	33	39.62388717053089	CEBPB	CEBPB
-22	43	40.01409675963812	CEBPB	CEBPB
-21	41	39.58892406323036	CEBPB	CEBPB
-20	42	39.161252792277345	CEBPB	CEBPB
-19	45	38.88814427666479	CEBPB	CEBPB
-18	34	39.056245229147166	CEBPB	CEBPB
-17	38	39.82007033762854	CEBPB	CEBPB
-16	32	39.395393275582755	CEBPB	CEBPB
-15	42	39.105523196228766	CEBPB	CEBPB
-14	40	38.998838809380366	CEBPB	CEBPB
-13	50	39.91698822550968	CEBPB	CEBPB
-12	38	39.69749462327812	CEBPB	CEBPB
-11	36	39.180830313916374	CEBPB	CEBPB
-10	43	39.24090181538732	CEBPB	CEBPB
-9	37	40.14230446077268	CEBPB	CEBPB
-8	42	40.53547860680778	CEBPB	CEBPB
-7	43	39.32917047872226	CEBPB	CEBPB
-6	38	40.58878209086939	CEBPB	CEBPB
-5	31	43.05654778029322	CEBPB	CEBPB
-4	42	34.9938006402633	CEBPB	CEBPB
-3	28	31.97003570920722	CEBPB	CEBPB
-2	45	42.44735035566862	CEBPB	CEBPB
-1	85	50.9505126519412	CEBPB	CEBPB
0	83	50.93402705230932	CEBPB	CEBPB
1	36	42.63411037148996	CEBPB	CEBPB
2	20	31.990057316533473	CEBPB	CEBPB
3	44	35.08808899114229	CEBPB	CEBPB
4	26	43.181566955485344	CEBPB	CEBPB
5	44	40.585120232718936	CEBPB	CEBPB
6	41	39.21848587950991	CEBPB	CEBPB
7	44	40.38765375933123	CEBPB	CEBPB
8	44	40.04042015483574	CEBPB	CEBPB
9	39	39.21179587573857	CEBPB	CEBPB
10	46	39.1753811188393	CEBPB	CEBPB
11	34	39.54319245300159	CEBPB	CEBPB
12	33	39.71011800807455	CEBPB	CEBPB
13	31	38.9267941168474	CEBPB	CEBPB
14	42	39.11870961203652	CEBPB	CEBPB
15	46	39.58441431084476	CEBPB	CEBPB
16	44	40.13569440809175	CEBPB	CEBPB
17	37	39.221386215240784	CEBPB	CEBPB
18	46	39.02309138681869	CEBPB	CEBPB
19	40	39.26497815902838	CEBPB	CEBPB
20	43	39.60060113232145	CEBPB	CEBPB
21	39	40.157633665727076	CEBPB	CEBPB
22	31	39.390613122931704	CEBPB	CEBPB
23	39	39.454730333033304	CEBPB	CEBPB
24	34	39.928198842054016	CEBPB	CEBPB
25	42	39.88595043103738	CEBPB	CEBPB
26	29	39.349934936864564	CEBPB	CEBPB
27	31	39.25127416478573	CEBPB	CEBPB
28	38	38.85413116012597	CEBPB	CEBPB
29	48	39.96926894799797	CEBPB	CEBPB
30	51	39.82748281966939	CEBPB	CEBPB
31	48	39.70355337833371	CEBPB	CEBPB
32	39	39.742587507117626	CEBPB	CEBPB
33	42	39.25781630554095	CEBPB	CEBPB
34	47	39.362578054311214	CEBPB	CEBPB
35	42	39.02947464059493	CEBPB	CEBPB
36	35	39.09380396569649	CEBPB	CEBPB
37	42	39.64647419989516	CEBPB	CEBPB
38	34	39.26120118011849	CEBPB	CEBPB
39	43	39.34454116428717	CEBPB	CEBPB
40	43	39.44921723475132	CEBPB	CEBPB
41	40	39.95190980496574	CEBPB	CEBPB
42	38	39.72664917100395	CEBPB	CEBPB
43	29	38.69003104454776	CEBPB	CEBPB
44	40	38.459674015234306	CEBPB	CEBPB
45	38	38.26050666154777	CEBPB	CEBPB
46	37	38.9740682674378	CEBPB	CEBPB
47	48	38.89000438579955	CEBPB	CEBPB
48	27	39.376344875774585	CEBPB	CEBPB
49	41	39.5282816265961	CEBPB	CEBPB
50	37	38.90160303977275	CEBPB	CEBPB
51	24	38.95946428445751	CEBPB	CEBPB
52	33	39.202787122893206	CEBPB	CEBPB
53	37	39.2789772454283	CEBPB	CEBPB
54	40	38.98444848225265	CEBPB	CEBPB
55	38	39.11098569853663	CEBPB	CEBPB
56	39	38.66010337557237	CEBPB	CEBPB
57	39	38.87893221509842	CEBPB	CEBPB
58	49	39.42438614693077	CEBPB	CEBPB
59	42	39.31135837693616	CEBPB	CEBPB
60	48	38.879294531286526	CEBPB	CEBPB
61	40	39.605803845588504	CEBPB	CEBPB
62	45	39.64734944843984	CEBPB	CEBPB
63	47	39.639474086589566	CEBPB	CEBPB
64	44	39.554499114798475	CEBPB	CEBPB
65	36	38.950043964256864	CEBPB	CEBPB
66	34	38.958319493806535	CEBPB	CEBPB
67	29	39.53322641347571	CEBPB	CEBPB
68	46	39.3506025996313	CEBPB	CEBPB
69	48	39.083732074615305	CEBPB	CEBPB
70	39	39.062922747257986	CEBPB	CEBPB
71	36	39.02071234000262	CEBPB	CEBPB
72	45	39.729350194479906	CEBPB	CEBPB
73	29	39.86354913181836	CEBPB	CEBPB
74	23	39.67573390831602	CEBPB	CEBPB
75	31	38.95373347732229	CEBPB	CEBPB
76	44	39.11907221649083	CEBPB	CEBPB
77	32	39.43369108466532	CEBPB	CEBPB
78	34	39.726348193401186	CEBPB	CEBPB
79	40	39.33609464906513	CEBPB	CEBPB
80	42	39.19977020119443	CEBPB	CEBPB
81	45	39.813158327822805	CEBPB	CEBPB
82	35	39.9649272107805	CEBPB	CEBPB
83	46	40.15780215142339	CEBPB	CEBPB
84	36	39.97563122974279	CEBPB	CEBPB
85	40	39.66505956853603	CEBPB	CEBPB
86	33	39.83140976485158	CEBPB	CEBPB
87	50	40.003440189173276	CEBPB	CEBPB
88	30	40.099369526267616	CEBPB	CEBPB
89	33	39.67045078336205	CEBPB	CEBPB
90	37	39.575992168018715	CEBPB	CEBPB
91	52	39.25420333848511	CEBPB	CEBPB
92	40	39.52846973718727	CEBPB	CEBPB
93	37	39.94268310475754	CEBPB	CEBPB
94	36	39.77973825097951	CEBPB	CEBPB
95	37	40.52842103794394	CEBPB	CEBPB
96	37	40.53280183867978	CEBPB	CEBPB
97	52	39.796542078543226	CEBPB	CEBPB
98	39	39.64921814129001	CEBPB	CEBPB
99	48	39.73319039020235	CEBPB	CEBPB
100	53	39.88449093492746	CEBPB	CEBPB
101	31	39.80805504761062	CEBPB	CEBPB
102	44	39.54265997989066	CEBPB	CEBPB
103	37	39.584994618879904	CEBPB	CEBPB
104	60	39.311765694000634	CEBPB	CEBPB
105	40	39.07053624842043	CEBPB	CEBPB
106	38	39.01009207762334	CEBPB	CEBPB
107	44	38.63356722391468	CEBPB	CEBPB
108	38	38.66538422383179	CEBPB	CEBPB
109	40	38.75654462089432	CEBPB	CEBPB
110	34	38.912016402196464	CEBPB	CEBPB
111	40	39.34126251384114	CEBPB	CEBPB
112	39	39.434892019775944	CEBPB	CEBPB
113	36	39.55558976644578	CEBPB	CEBPB
114	34	39.39536966851574	CEBPB	CEBPB
115	44	39.06141688008888	CEBPB	CEBPB
116	36	38.84655046659709	CEBPB	CEBPB
117	37	38.82231704207418	CEBPB	CEBPB
118	24	39.02183896952939	CEBPB	CEBPB
119	49	39.287483781269295	CEBPB	CEBPB
120	38	39.344183977337536	CEBPB	CEBPB
121	48	39.44993034485634	CEBPB	CEBPB
122	37	39.42061311297386	CEBPB	CEBPB
123	37	39.61805736495483	CEBPB	CEBPB
124	33	39.59535319990922	CEBPB	CEBPB
125	32	39.45098534632308	CEBPB	CEBPB
126	39	39.399908472129276	CEBPB	CEBPB
127	45	39.61219216157054	CEBPB	CEBPB
128	36	39.85252666593314	CEBPB	CEBPB
129	48	39.94069026530329	CEBPB	CEBPB
130	42	39.82852511191629	CEBPB	CEBPB
131	39	39.35729134845148	CEBPB	CEBPB
132	52	39.100058325716525	CEBPB	CEBPB
133	32	39.1090323361987	CEBPB	CEBPB
134	37	39.2059647345243	CEBPB	CEBPB
135	33	39.42121889982579	CEBPB	CEBPB
136	49	39.558116674140216	CEBPB	CEBPB
137	25	39.63140954658394	CEBPB	CEBPB
138	39	39.76989754779089	CEBPB	CEBPB
139	31	39.586773872883825	CEBPB	CEBPB
140	39	39.739332698691	CEBPB	CEBPB
141	47	39.526735501623726	CEBPB	CEBPB
142	47	39.30725047657662	CEBPB	CEBPB
143	33	39.26281353601263	CEBPB	CEBPB
144	33	39.5145545183671	CEBPB	CEBPB
145	47	39.53189440013427	CEBPB	CEBPB
146	41	39.45903778607647	CEBPB	CEBPB
147	34	39.66238360981849	CEBPB	CEBPB
148	38	39.566345807905805	CEBPB	CEBPB
149	39	39.63132843766714	CEBPB	CEBPB
150	40	39.769958979644564	CEBPB	CEBPB
151	35	39.516366548757745	CEBPB	CEBPB
152	35	39.539610743927746	CEBPB	CEBPB
153	29	39.65684040203475	CEBPB	CEBPB
154	47	39.587090647989776	CEBPB	CEBPB
155	40	39.525295799495716	CEBPB	CEBPB
156	46	39.60438700615976	CEBPB	CEBPB
157	48	39.64022947555975	CEBPB	CEBPB
158	39	39.902161427550325	CEBPB	CEBPB
159	32	39.84058702589488	CEBPB	CEBPB
160	37	39.47467141479628	CEBPB	CEBPB
161	40	39.37432142829071	CEBPB	CEBPB
162	39	39.31287944614723	CEBPB	CEBPB
163	49	39.46259306587813	CEBPB	CEBPB
164	42	39.56699870480265	CEBPB	CEBPB
165	50	39.62333035092389	CEBPB	CEBPB
166	39	39.62040334773675	CEBPB	CEBPB
167	32	39.50890191357338	CEBPB	CEBPB
168	36	39.389010144840256	CEBPB	CEBPB
169	38	39.46624486737986	CEBPB	CEBPB
170	40	39.60525416827238	CEBPB	CEBPB
171	51	39.538294046010776	CEBPB	CEBPB
172	37	39.56721907112661	CEBPB	CEBPB
173	42	39.71739746652235	CEBPB	CEBPB
174	44	39.731026070151856	CEBPB	CEBPB
175	37	39.5583431103839	CEBPB	CEBPB
176	44	39.39008196623908	CEBPB	CEBPB
177	35	39.50165044241157	CEBPB	CEBPB
178	36	39.53005265459048	CEBPB	CEBPB
179	42	39.64335733800552	CEBPB	CEBPB
180	42	39.801398535910764	CEBPB	CEBPB
181	31	39.71266737948767	CEBPB	CEBPB
182	47	39.76839838375864	CEBPB	CEBPB
183	34	39.82578939076457	CEBPB	CEBPB
184	47	39.821550498950664	CEBPB	CEBPB
185	41	39.86746805507215	CEBPB	CEBPB
186	36	39.913654298214546	CEBPB	CEBPB
187	36	39.568296224850876	CEBPB	CEBPB
188	32	39.46043602741927	CEBPB	CEBPB
189	39	39.644517554131454	CEBPB	CEBPB
190	38	39.9548451501732	CEBPB	CEBPB
191	49	39.81597224173945	CEBPB	CEBPB
192	44	39.598163429911956	CEBPB	CEBPB
193	34	39.42410108194382	CEBPB	CEBPB
194	39	39.51960196413287	CEBPB	CEBPB
195	36	39.49532824653996	CEBPB	CEBPB
196	29	39.65610388885818	CEBPB	CEBPB
197	44	39.64148915113624	CEBPB	CEBPB
198	37	39.408334667257236	CEBPB	CEBPB
199	34	39.29249296136319	CEBPB	CEBPB
200	31	39.2420861686545	CEBPB	CEBPB
201	31	39.465139848012164	CEBPB	CEBPB
202	51	39.49867670958863	CEBPB	CEBPB
203	47	39.48085112907346	CEBPB	CEBPB
204	30	39.555869110246675	CEBPB	CEBPB
205	44	39.44487662856623	CEBPB	CEBPB
206	46	39.47473184961774	CEBPB	CEBPB
207	36	39.71797979753069	CEBPB	CEBPB
208	28	39.662732411115236	CEBPB	CEBPB
209	44	39.592460112134326	CEBPB	CEBPB
210	48	39.32950454418594	CEBPB	CEBPB
211	45	39.42179770136633	CEBPB	CEBPB
212	41	39.52504262858548	CEBPB	CEBPB
213	49	39.59458470621157	CEBPB	CEBPB
214	35	39.736462700505	CEBPB	CEBPB
215	42	39.80767171178729	CEBPB	CEBPB
216	43	39.87915846101693	CEBPB	CEBPB
217	41	40.19699015373448	CEBPB	CEBPB
218	41	40.146608153144264	CEBPB	CEBPB
219	36	39.97401896661569	CEBPB	CEBPB
220	32	39.729906845194	CEBPB	CEBPB
221	38	39.72787167301612	CEBPB	CEBPB
222	28	39.69441704169448	CEBPB	CEBPB
223	35	39.73976638258466	CEBPB	CEBPB
224	40	39.84064168574919	CEBPB	CEBPB
225	35	39.78902170191035	CEBPB	CEBPB
226	40	39.80892238064885	CEBPB	CEBPB
227	35	39.878316490515566	CEBPB	CEBPB
228	34	40.02082246439333	CEBPB	CEBPB
229	33	40.08122144981756	CEBPB	CEBPB
230	38	40.17673882622436	CEBPB	CEBPB
231	40	40.05384699308446	CEBPB	CEBPB
232	45	39.85603383771589	CEBPB	CEBPB
233	42	39.907944951113436	CEBPB	CEBPB
234	43	39.85136277599828	CEBPB	CEBPB
235	28	39.89467820602022	CEBPB	CEBPB
236	47	39.76148500310949	CEBPB	CEBPB
237	36	39.81155244279719	CEBPB	CEBPB
238	29	39.846668068411525	CEBPB	CEBPB
239	38	39.65593121110611	CEBPB	CEBPB
240	35	39.33248722748275	CEBPB	CEBPB
241	46	39.38818482453834	CEBPB	CEBPB
242	35	39.547328521388685	CEBPB	CEBPB
243	35	39.571999331121816	CEBPB	CEBPB
244	40	39.48318246125645	CEBPB	CEBPB
245	39	39.43216490667862	CEBPB	CEBPB
246	34	39.48154438662597	CEBPB	CEBPB
247	33	39.594905865240314	CEBPB	CEBPB
248	35	39.465080377704716	CEBPB	CEBPB
249	41	39.37973784985906	CEBPB	CEBPB
250	41	39.19422731490595	CEBPB	CEBPB
251	36	39.2926140801231	CEBPB	CEBPB
252	39	39.49137987082317	CEBPB	CEBPB
253	34	39.64317312917792	CEBPB	CEBPB
254	43	39.55507080292535	CEBPB	CEBPB
255	43	39.41166657619226	CEBPB	CEBPB
256	41	39.447449544981176	CEBPB	CEBPB
257	33	39.50174550012437	CEBPB	CEBPB
258	31	39.469478062631616	CEBPB	CEBPB
259	42	39.4336638453216	CEBPB	CEBPB
260	40	39.542388527389726	CEBPB	CEBPB
261	43	39.3500114679074	CEBPB	CEBPB
262	33	39.387751176916716	CEBPB	CEBPB
263	40	39.53021710868183	CEBPB	CEBPB
264	35	39.315708701235366	CEBPB	CEBPB
265	40	39.370309984756204	CEBPB	CEBPB
266	35	39.36277631100444	CEBPB	CEBPB
267	28	39.306397942347914	CEBPB	CEBPB
268	41	39.419994569454744	CEBPB	CEBPB
269	35	39.463320087032194	CEBPB	CEBPB
270	42	39.506385887200786	CEBPB	CEBPB
271	39	39.58711712045452	CEBPB	CEBPB
272	40	39.49330409432681	CEBPB	CEBPB
273	44	39.43210234807655	CEBPB	CEBPB
274	50	39.419868672935955	CEBPB	CEBPB
275	35	39.34333474552391	CEBPB	CEBPB
276	39	39.3142857262643	CEBPB	CEBPB
277	37	39.53245907844786	CEBPB	CEBPB
278	52	39.63934643133447	CEBPB	CEBPB
279	34	39.528803689541	CEBPB	CEBPB
280	30	39.433060214776134	CEBPB	CEBPB
281	37	39.627249936760016	CEBPB	CEBPB
282	49	39.54729739838516	CEBPB	CEBPB
283	33	39.531776340566736	CEBPB	CEBPB
284	32	39.58682048349499	CEBPB	CEBPB
285	45	39.5098425689683	CEBPB	CEBPB
286	39	39.51910054075383	CEBPB	CEBPB
287	38	39.510853764542766	CEBPB	CEBPB
288	40	39.497020023088304	CEBPB	CEBPB
289	36	39.600923161728744	CEBPB	CEBPB
290	43	39.63521637533954	CEBPB	CEBPB
291	27	39.67931334161481	CEBPB	CEBPB
292	38	39.7033358590933	CEBPB	CEBPB
293	40	39.41317504221012	CEBPB	CEBPB
294	36	39.50961453339413	CEBPB	CEBPB
295	41	39.62115348585762	CEBPB	CEBPB
296	38	39.502776320884216	CEBPB	CEBPB
297	36	39.56006390389381	CEBPB	CEBPB
298	34	39.659110302402546	CEBPB	CEBPB
299	35	39.62877958461893	CEBPB	CEBPB
300	46	39.595413213061704	CEBPB	CEBPB
301	43	39.52669857627003	CEBPB	CEBPB
302	33	39.55115368711427	CEBPB	CEBPB
303	52	39.61654772531719	CEBPB	CEBPB
304	41	39.58154402212681	CEBPB	CEBPB
305	47	39.39633072161254	CEBPB	CEBPB
306	38	39.46060440986558	CEBPB	CEBPB
307	29	39.70698256939698	CEBPB	CEBPB
308	34	39.7132158247698	CEBPB	CEBPB
309	36	39.68483647339211	CEBPB	CEBPB
310	36	39.463601148619034	CEBPB	CEBPB
311	35	39.368340216539984	CEBPB	CEBPB
312	40	39.51915827844431	CEBPB	CEBPB
313	45	39.663388317715636	CEBPB	CEBPB
314	45	39.53806354738549	CEBPB	CEBPB
315	31	39.38613080100069	CEBPB	CEBPB
316	34	39.436792185775964	CEBPB	CEBPB
317	41	39.46337233324	CEBPB	CEBPB
318	35	39.58510794098123	CEBPB	CEBPB
319	25	39.58880020345494	CEBPB	CEBPB
320	44	39.48518697867281	CEBPB	CEBPB
321	41	39.487064890911235	CEBPB	CEBPB
322	33	39.53525367945404	CEBPB	CEBPB
323	29	39.56769706444294	CEBPB	CEBPB
324	55	39.62752849073342	CEBPB	CEBPB
325	40	39.582052432229055	CEBPB	CEBPB
326	51	39.47014875551041	CEBPB	CEBPB
327	41	39.583396300940485	CEBPB	CEBPB
328	34	39.52664878958492	CEBPB	CEBPB
329	42	39.50554735008568	CEBPB	CEBPB
330	37	39.482116264253584	CEBPB	CEBPB
331	31	39.627911391521735	CEBPB	CEBPB
332	48	39.584156932135386	CEBPB	CEBPB
333	41	39.537147325763854	CEBPB	CEBPB
334	37	39.52031577038433	CEBPB	CEBPB
335	49	39.41223939588633	CEBPB	CEBPB
336	45	39.498834216000326	CEBPB	CEBPB
337	42	39.509982001204335	CEBPB	CEBPB
338	40	39.4262069459883	CEBPB	CEBPB
339	34	39.47807518680029	CEBPB	CEBPB
340	40	39.43701058635697	CEBPB	CEBPB
341	41	39.424907033834714	CEBPB	CEBPB
342	50	39.34896092696271	CEBPB	CEBPB
343	44	39.359840148741505	CEBPB	CEBPB
344	45	39.39134775196295	CEBPB	CEBPB
345	33	39.34111108166086	CEBPB	CEBPB
346	29	39.542679231011135	CEBPB	CEBPB
347	39	39.49496853032468	CEBPB	CEBPB
348	50	39.45666081157892	CEBPB	CEBPB
349	41	39.504493537452724	CEBPB	CEBPB
350	31	39.43188253924134	CEBPB	CEBPB
351	50	39.42648665627169	CEBPB	CEBPB
352	42	39.438325872335525	CEBPB	CEBPB
353	48	39.478427924992225	CEBPB	CEBPB
354	48	39.4497902070857	CEBPB	CEBPB
355	40	39.47807977977396	CEBPB	CEBPB
356	39	39.570429318159626	CEBPB	CEBPB
357	44	39.48708043445769	CEBPB	CEBPB
358	49	39.381049079485265	CEBPB	CEBPB
359	39	39.41818796669378	CEBPB	CEBPB
360	36	39.365602349465796	CEBPB	CEBPB
361	45	39.37583566108487	CEBPB	CEBPB
362	42	39.4769585193672	CEBPB	CEBPB
363	40	39.583040262564886	CEBPB	CEBPB
364	39	39.75574934237734	CEBPB	CEBPB
365	41	39.58895126520465	CEBPB	CEBPB
366	39	39.49269953049651	CEBPB	CEBPB
367	42	39.47877684271474	CEBPB	CEBPB
368	45	39.46550073560349	CEBPB	CEBPB
369	38	39.406436362930485	CEBPB	CEBPB
370	42	39.44631001536671	CEBPB	CEBPB
371	43	39.49138351018377	CEBPB	CEBPB
372	37	39.507035143641346	CEBPB	CEBPB
373	37	39.50664097628854	CEBPB	CEBPB
374	30	39.51393550680089	CEBPB	CEBPB
375	54	39.68303269599852	CEBPB	CEBPB
376	48	39.437740440737585	CEBPB	CEBPB
377	40	39.578330951784956	CEBPB	CEBPB
378	42	39.602060177463336	CEBPB	CEBPB
379	43	39.54869332702758	CEBPB	CEBPB
380	31	39.594747032624795	CEBPB	CEBPB
381	36	39.64168531184669	CEBPB	CEBPB
382	44	39.563390336861424	CEBPB	CEBPB
383	31	39.529884624926495	CEBPB	CEBPB
384	40	39.662074135531725	CEBPB	CEBPB
385	43	39.48111290052127	CEBPB	CEBPB
386	41	39.387695090849974	CEBPB	CEBPB
387	46	39.427553032922404	CEBPB	CEBPB
388	39	39.494166091561894	CEBPB	CEBPB
389	31	39.688864202312566	CEBPB	CEBPB
390	39	39.764098081543835	CEBPB	CEBPB
391	45	39.55198449488193	CEBPB	CEBPB
392	37	39.58315267838756	CEBPB	CEBPB
393	49	39.56860926432816	CEBPB	CEBPB
394	44	39.49866548734437	CEBPB	CEBPB
395	55	39.373525217546494	CEBPB	CEBPB
396	42	39.491410102424986	CEBPB	CEBPB
397	45	39.502493854341424	CEBPB	CEBPB
398	40	39.47277427659506	CEBPB	CEBPB
399	42	39.5200491671589	CEBPB	CEBPB
400	44	39.484149162176124	CEBPB	CEBPB
401	44	39.53510271839411	CEBPB	CEBPB
402	27	39.54218594587171	CEBPB	CEBPB
403	40	39.49978567105892	CEBPB	CEBPB
404	40	39.410148877514125	CEBPB	CEBPB
405	39	39.54089859623567	CEBPB	CEBPB
406	30	39.3264158313363	CEBPB	CEBPB
407	42	39.48938252248193	CEBPB	CEBPB
408	49	39.585686922112394	CEBPB	CEBPB
409	32	39.62035853826193	CEBPB	CEBPB
410	45	39.634417366714445	CEBPB	CEBPB
411	20	39.61304938201773	CEBPB	CEBPB
412	39	39.53758980493398	CEBPB	CEBPB
413	28	39.55871462745466	CEBPB	CEBPB
414	40	39.5882041981387	CEBPB	CEBPB
415	54	39.482578021760155	CEBPB	CEBPB
416	36	39.37706308934013	CEBPB	CEBPB
417	43	39.44470332037331	CEBPB	CEBPB
418	39	39.58203004815436	CEBPB	CEBPB
419	39	39.41568944065959	CEBPB	CEBPB
420	46	39.37102396575062	CEBPB	CEBPB
421	38	39.400938832642396	CEBPB	CEBPB
422	41	39.52338424212944	CEBPB	CEBPB
423	44	39.59243979865843	CEBPB	CEBPB
424	50	39.63640010311155	CEBPB	CEBPB
425	36	39.66695313177259	CEBPB	CEBPB
426	39	39.55474741923121	CEBPB	CEBPB
427	40	39.51759361693146	CEBPB	CEBPB
428	44	39.51539709226931	CEBPB	CEBPB
429	37	39.49625914297711	CEBPB	CEBPB
430	47	39.46275655179202	CEBPB	CEBPB
431	40	39.63070408989723	CEBPB	CEBPB
432	32	39.630775472022016	CEBPB	CEBPB
433	49	39.62250692791661	CEBPB	CEBPB
434	44	39.639381789862874	CEBPB	CEBPB
435	40	39.63771187108181	CEBPB	CEBPB
436	34	39.4662899013445	CEBPB	CEBPB
437	38	39.469481108466155	CEBPB	CEBPB
438	35	39.652558308778644	CEBPB	CEBPB
439	42	39.68241971576869	CEBPB	CEBPB
440	47	39.49354070098219	CEBPB	CEBPB
441	52	39.4860792965765	CEBPB	CEBPB
442	36	39.43606731015165	CEBPB	CEBPB
443	40	39.52241352599211	CEBPB	CEBPB
444	46	39.676014603667014	CEBPB	CEBPB
445	41	39.65420217390449	CEBPB	CEBPB
446	40	39.63075566786505	CEBPB	CEBPB
447	44	39.55064018489352	CEBPB	CEBPB
448	36	39.567869566415034	CEBPB	CEBPB
449	29	39.36974636897688	CEBPB	CEBPB
450	27	39.50636032140453	CEBPB	CEBPB
451	44	39.489080111813585	CEBPB	CEBPB
452	41	39.44387187189896	CEBPB	CEBPB
453	44	39.555446552005975	CEBPB	CEBPB
454	53	39.55518245492006	CEBPB	CEBPB
455	30	39.46831355489329	CEBPB	CEBPB
456	39	39.503396976980035	CEBPB	CEBPB
457	48	39.64937000093015	CEBPB	CEBPB
458	35	39.59843422257635	CEBPB	CEBPB
459	41	39.49908465875019	CEBPB	CEBPB
460	55	39.5166032802108	CEBPB	CEBPB
461	35	39.55789176197833	CEBPB	CEBPB
462	34	39.499805070078416	CEBPB	CEBPB
463	37	39.39144050576831	CEBPB	CEBPB
464	35	39.367089013860046	CEBPB	CEBPB
465	32	39.49168051156368	CEBPB	CEBPB
466	54	39.586965656239826	CEBPB	CEBPB
467	47	39.4854832777792	CEBPB	CEBPB
468	33	39.61376086539122	CEBPB	CEBPB
469	43	39.610935111973845	CEBPB	CEBPB
470	29	39.54929222168772	CEBPB	CEBPB
471	45	39.468331760362595	CEBPB	CEBPB
472	38	39.42176966576024	CEBPB	CEBPB
473	38	39.48239547527643	CEBPB	CEBPB
474	37	39.538055155782	CEBPB	CEBPB
475	35	39.604147374209866	CEBPB	CEBPB
476	44	39.650268394069705	CEBPB	CEBPB
477	36	39.478623458206364	CEBPB	CEBPB
478	41	39.40160811662825	CEBPB	CEBPB
479	42	39.449588299656774	CEBPB	CEBPB
480	40	39.48476031968264	CEBPB	CEBPB
481	32	39.58911130128437	CEBPB	CEBPB
482	39	39.48549889210967	CEBPB	CEBPB
483	34	39.529578577958695	CEBPB	CEBPB
484	34	39.50871162296185	CEBPB	CEBPB
485	43	39.55975821390447	CEBPB	CEBPB
486	43	39.53136081264487	CEBPB	CEBPB
487	41	39.4388585439675	CEBPB	CEBPB
488	39	39.52496875881975	CEBPB	CEBPB
489	29	39.40166199613518	CEBPB	CEBPB
490	36	39.40078192875679	CEBPB	CEBPB
491	41	39.62032178283349	CEBPB	CEBPB
492	41	39.559736141897474	CEBPB	CEBPB
493	37	39.657597225370345	CEBPB	CEBPB
494	33	39.662529564079236	CEBPB	CEBPB
495	33	39.52515255880228	CEBPB	CEBPB
496	36	39.45434030115526	CEBPB	CEBPB
497	58	39.50510314418344	CEBPB	CEBPB
498	54	39.51982469024073	CEBPB	CEBPB
499	40	39.551813936064086	CEBPB	CEBPB
500	27	39.66570708247917	CEBPB	CEBPB
501	28	39.66589305649302	CEBPB	CEBPB
502	33	39.5820512707317	CEBPB	CEBPB
503	47	39.58084510774778	CEBPB	CEBPB
504	49	39.64938779050231	CEBPB	CEBPB
505	44	39.682249524644526	CEBPB	CEBPB
506	31	39.53366483031601	CEBPB	CEBPB
507	50	39.65298436206288	CEBPB	CEBPB
508	36	39.519541774088076	CEBPB	CEBPB
509	40	39.3546903221623	CEBPB	CEBPB
510	43	39.63466741717599	CEBPB	CEBPB
511	41	39.683413708894946	CEBPB	CEBPB
512	45	39.56015826218134	CEBPB	CEBPB
513	35	39.47326580858058	CEBPB	CEBPB
514	38	39.49441927851232	CEBPB	CEBPB
515	38	39.50663087091247	CEBPB	CEBPB
516	37	39.30808805507667	CEBPB	CEBPB
517	42	39.38778326937598	CEBPB	CEBPB
518	33	39.40107026149177	CEBPB	CEBPB
519	42	39.52506122760498	CEBPB	CEBPB
520	36	39.44819639478047	CEBPB	CEBPB
521	59	39.4391961515694	CEBPB	CEBPB
522	31	39.48660832300265	CEBPB	CEBPB
523	33	39.53360416021192	CEBPB	CEBPB
524	35	39.53714557184308	CEBPB	CEBPB
525	43	39.57980142850721	CEBPB	CEBPB
526	39	39.594092120525545	CEBPB	CEBPB
527	37	39.564493781440554	CEBPB	CEBPB
528	29	39.61749257310978	CEBPB	CEBPB
529	43	39.545417333093944	CEBPB	CEBPB
530	39	39.422799988058884	CEBPB	CEBPB
531	45	39.470574579164825	CEBPB	CEBPB
532	45	39.60271830711901	CEBPB	CEBPB
533	31	39.452679528349016	CEBPB	CEBPB
534	36	39.40514530873149	CEBPB	CEBPB
535	43	39.48902809856062	CEBPB	CEBPB
536	41	39.51154147962521	CEBPB	CEBPB
537	43	39.53910993223402	CEBPB	CEBPB
538	34	39.5564278663401	CEBPB	CEBPB
539	33	39.55834106139927	CEBPB	CEBPB
540	40	39.543127852701964	CEBPB	CEBPB
541	47	39.44553797513579	CEBPB	CEBPB
542	35	39.67315266580225	CEBPB	CEBPB
543	30	39.55871600847254	CEBPB	CEBPB
544	36	39.477219192426794	CEBPB	CEBPB
545	39	39.57559508268315	CEBPB	CEBPB
546	44	39.50565182760459	CEBPB	CEBPB
547	44	39.382279331990354	CEBPB	CEBPB
548	31	39.59721907598273	CEBPB	CEBPB
549	41	39.52667985950348	CEBPB	CEBPB
550	42	39.41318011982641	CEBPB	CEBPB
551	49	39.43194765704571	CEBPB	CEBPB
552	47	39.50477681095512	CEBPB	CEBPB
553	39	39.52373192935717	CEBPB	CEBPB
554	42	39.61874202637387	CEBPB	CEBPB
555	30	39.64993299640269	CEBPB	CEBPB
556	44	39.40482344372495	CEBPB	CEBPB
557	38	39.42060684763405	CEBPB	CEBPB
558	43	39.54305343783163	CEBPB	CEBPB
559	53	39.5187339057094	CEBPB	CEBPB
560	55	39.535194025109945	CEBPB	CEBPB
561	41	39.54958171636127	CEBPB	CEBPB
562	36	39.44092981733093	CEBPB	CEBPB
563	31	39.60020538368912	CEBPB	CEBPB
564	39	39.58077045946371	CEBPB	CEBPB
565	44	39.52873419188222	CEBPB	CEBPB
566	49	39.61962890726045	CEBPB	CEBPB
567	37	39.61623061774899	CEBPB	CEBPB
568	35	39.36896582547623	CEBPB	CEBPB
569	41	39.66077888680991	CEBPB	CEBPB
570	35	39.67974778569883	CEBPB	CEBPB
571	34	39.464074741434786	CEBPB	CEBPB
572	30	39.36951728904702	CEBPB	CEBPB
573	30	39.45839828501015	CEBPB	CEBPB
574	51	39.50547320399117	CEBPB	CEBPB
575	30	39.52697804195217	CEBPB	CEBPB
576	49	39.41317967661814	CEBPB	CEBPB
577	48	39.55330468705446	CEBPB	CEBPB
578	43	39.621748807853415	CEBPB	CEBPB
579	45	39.70529532815434	CEBPB	CEBPB
580	38	39.464414813884986	CEBPB	CEBPB
581	35	39.416771786817655	CEBPB	CEBPB
582	36	39.45444712773751	CEBPB	CEBPB
583	27	39.572554894992	CEBPB	CEBPB
584	36	39.447141007872034	CEBPB	CEBPB
585	28	39.47381231257137	CEBPB	CEBPB
586	38	39.57377491718092	CEBPB	CEBPB
587	42	39.67408913662419	CEBPB	CEBPB
588	40	39.47864142595549	CEBPB	CEBPB
589	47	39.52505731813964	CEBPB	CEBPB
590	47	39.63907736911224	CEBPB	CEBPB
591	36	39.47036078639867	CEBPB	CEBPB
592	47	39.3956408409908	CEBPB	CEBPB
593	22	39.418867624093316	CEBPB	CEBPB
594	38	39.54928500065882	CEBPB	CEBPB
595	36	39.50266254540847	CEBPB	CEBPB
596	35	39.48979304724215	CEBPB	CEBPB
597	30	39.47046174488231	CEBPB	CEBPB
598	26	39.57623675464928	CEBPB	CEBPB
599	31	39.73012807102643	CEBPB	CEBPB
600	35	39.56707674381586	CEBPB	CEBPB
601	52	39.426817672604955	CEBPB	CEBPB
602	45	39.51282093138035	CEBPB	CEBPB
603	31	39.59959719155157	CEBPB	CEBPB
604	36	39.47589729885083	CEBPB	CEBPB
605	36	39.480185153704404	CEBPB	CEBPB
606	31	39.47303526967229	CEBPB	CEBPB
607	52	39.55388110141924	CEBPB	CEBPB
608	37	39.42528467674002	CEBPB	CEBPB
609	62	39.42989967199519	CEBPB	CEBPB
610	30	39.493558298410235	CEBPB	CEBPB
611	42	39.544847791180565	CEBPB	CEBPB
612	45	39.64283289868228	CEBPB	CEBPB
613	33	39.61446622025616	CEBPB	CEBPB
614	34	39.609878693482855	CEBPB	CEBPB
615	47	39.60908213257487	CEBPB	CEBPB
616	31	39.59163894188026	CEBPB	CEBPB
617	41	39.68603003742808	CEBPB	CEBPB
618	34	39.838394958201434	CEBPB	CEBPB
619	31	39.63820709582981	CEBPB	CEBPB
620	46	39.609726406114156	CEBPB	CEBPB
621	37	39.57371244121917	CEBPB	CEBPB
622	50	39.54363638651501	CEBPB	CEBPB
623	29	39.49570716803398	CEBPB	CEBPB
624	51	39.47594905452075	CEBPB	CEBPB
625	41	39.60327736215212	CEBPB	CEBPB
626	50	39.53942461284798	CEBPB	CEBPB
627	54	39.52568652697928	CEBPB	CEBPB
628	48	39.62532829898797	CEBPB	CEBPB
629	40	39.54115739857292	CEBPB	CEBPB
630	43	39.422615788748075	CEBPB	CEBPB
631	39	39.40499287519754	CEBPB	CEBPB
632	37	39.48562807893529	CEBPB	CEBPB
633	43	39.63468467956137	CEBPB	CEBPB
634	43	39.58576271310358	CEBPB	CEBPB
635	41	39.45492146904336	CEBPB	CEBPB
636	42	39.6601650586879	CEBPB	CEBPB
637	44	39.7007120541827	CEBPB	CEBPB
638	38	39.5432910243634	CEBPB	CEBPB
639	50	39.43334844085114	CEBPB	CEBPB
640	28	39.47243472710153	CEBPB	CEBPB
641	38	39.46094845482312	CEBPB	CEBPB
642	43	39.46757025756824	CEBPB	CEBPB
643	28	39.570072923977186	CEBPB	CEBPB
644	32	39.51814739439385	CEBPB	CEBPB
645	36	39.6636411944828	CEBPB	CEBPB
646	56	39.67183364625484	CEBPB	CEBPB
647	39	39.53719088044348	CEBPB	CEBPB
648	47	39.53712415866243	CEBPB	CEBPB
649	39	39.56174018226081	CEBPB	CEBPB
650	37	39.57276471051159	CEBPB	CEBPB
651	30	39.65847123715742	CEBPB	CEBPB
652	31	39.682386520802964	CEBPB	CEBPB
653	31	39.57358971023571	CEBPB	CEBPB
654	25	39.462958361039014	CEBPB	CEBPB
655	28	39.59027530869719	CEBPB	CEBPB
656	41	39.721042248615824	CEBPB	CEBPB
657	34	39.48407656063865	CEBPB	CEBPB
658	45	39.44608920336445	CEBPB	CEBPB
659	31	39.40085743850609	CEBPB	CEBPB
660	51	39.49910136785504	CEBPB	CEBPB
661	47	39.58789498556676	CEBPB	CEBPB
662	40	39.638557837693604	CEBPB	CEBPB
663	45	39.583760589491774	CEBPB	CEBPB
664	29	39.46294519612921	CEBPB	CEBPB
665	33	39.450131269152024	CEBPB	CEBPB
666	43	39.629212891121995	CEBPB	CEBPB
667	42	39.69239366114617	CEBPB	CEBPB
668	30	39.52613929458626	CEBPB	CEBPB
669	40	39.55537732036298	CEBPB	CEBPB
670	37	39.674266669384444	CEBPB	CEBPB
671	36	39.608819190081874	CEBPB	CEBPB
672	48	39.64293789789667	CEBPB	CEBPB
673	53	39.683430580107775	CEBPB	CEBPB
674	35	39.59545464010375	CEBPB	CEBPB
675	37	39.58085702062939	CEBPB	CEBPB
676	58	39.53736543191894	CEBPB	CEBPB
677	35	39.77633320113019	CEBPB	CEBPB
678	36	39.69470724619185	CEBPB	CEBPB
679	33	39.57495430425416	CEBPB	CEBPB
680	27	39.54688878383325	CEBPB	CEBPB
681	47	39.603803181334804	CEBPB	CEBPB
682	41	39.67308278419917	CEBPB	CEBPB
683	31	39.658500288184484	CEBPB	CEBPB
684	40	39.65287399723969	CEBPB	CEBPB
685	48	39.601635732134575	CEBPB	CEBPB
686	38	39.68066923860864	CEBPB	CEBPB
687	52	39.54341900502794	CEBPB	CEBPB
688	44	39.53608172026375	CEBPB	CEBPB
689	46	39.47598002313786	CEBPB	CEBPB
690	44	39.417809339854365	CEBPB	CEBPB
691	40	39.47047961876464	CEBPB	CEBPB
692	49	39.64767139888618	CEBPB	CEBPB
693	42	39.680654710506715	CEBPB	CEBPB
694	42	39.66130296428782	CEBPB	CEBPB
695	47	39.70627332196898	CEBPB	CEBPB
696	49	39.556705088361426	CEBPB	CEBPB
697	39	39.48165575124021	CEBPB	CEBPB
698	38	39.58912545140165	CEBPB	CEBPB
699	31	39.61917598839586	CEBPB	CEBPB
700	36	39.61305999924741	CEBPB	CEBPB
701	40	39.62986705353055	CEBPB	CEBPB
702	38	39.75907747365174	CEBPB	CEBPB
703	45	39.61104687373196	CEBPB	CEBPB
704	36	39.5559518834849	CEBPB	CEBPB
705	44	39.491432912503264	CEBPB	CEBPB
706	40	39.479249604647755	CEBPB	CEBPB
707	27	39.561478999952	CEBPB	CEBPB
708	35	39.52555568705001	CEBPB	CEBPB
709	39	39.583461034727705	CEBPB	CEBPB
710	40	39.60485938146831	CEBPB	CEBPB
711	30	39.6441721548302	CEBPB	CEBPB
712	36	39.62235732852912	CEBPB	CEBPB
713	52	39.6738590064412	CEBPB	CEBPB
714	44	39.53866017525615	CEBPB	CEBPB
715	44	39.7118491182779	CEBPB	CEBPB
716	29	39.6016773591702	CEBPB	CEBPB
717	27	39.6041347807483	CEBPB	CEBPB
718	41	39.6844474034275	CEBPB	CEBPB
719	33	39.523589194356134	CEBPB	CEBPB
720	43	39.54344737143688	CEBPB	CEBPB
721	47	39.566085195500335	CEBPB	CEBPB
722	44	39.56320485096572	CEBPB	CEBPB
723	47	39.45037803357788	CEBPB	CEBPB
724	44	39.46770029795872	CEBPB	CEBPB
725	39	39.58969514078276	CEBPB	CEBPB
726	32	39.58732764196358	CEBPB	CEBPB
727	35	39.60927229544216	CEBPB	CEBPB
728	40	39.592344394039756	CEBPB	CEBPB
729	39	39.56271769503981	CEBPB	CEBPB
730	47	39.41097768302881	CEBPB	CEBPB
731	46	39.52267127091109	CEBPB	CEBPB
732	52	39.43385739663894	CEBPB	CEBPB
733	36	39.55350225398819	CEBPB	CEBPB
734	32	39.7086051898981	CEBPB	CEBPB
735	36	39.46910214495792	CEBPB	CEBPB
736	41	39.441749701978026	CEBPB	CEBPB
737	29	39.562502099519456	CEBPB	CEBPB
738	43	39.492864412454686	CEBPB	CEBPB
739	30	39.68158443531227	CEBPB	CEBPB
740	44	39.55402720606486	CEBPB	CEBPB
741	47	39.55063581089853	CEBPB	CEBPB
742	25	39.584973746578676	CEBPB	CEBPB
743	39	39.47911491164871	CEBPB	CEBPB
744	46	39.51863367568178	CEBPB	CEBPB
745	41	39.561999661566	CEBPB	CEBPB
746	40	39.63176398966796	CEBPB	CEBPB
747	37	39.62329978304739	CEBPB	CEBPB
748	32	39.652749260972435	CEBPB	CEBPB
749	29	39.74796232944377	CEBPB	CEBPB
750	37	39.61589397048418	CEBPB	CEBPB
751	32	39.57654048805166	CEBPB	CEBPB
752	52	39.656979587249964	CEBPB	CEBPB
753	28	39.58964321573804	CEBPB	CEBPB
754	52	39.62554512834338	CEBPB	CEBPB
755	34	39.638174254197814	CEBPB	CEBPB
756	41	39.71379831221405	CEBPB	CEBPB
757	47	39.63215819671864	CEBPB	CEBPB
758	46	39.51881919576484	CEBPB	CEBPB
759	43	39.56687484120648	CEBPB	CEBPB
760	34	39.628861279748705	CEBPB	CEBPB
761	51	39.55960500228341	CEBPB	CEBPB
762	38	39.54890569801812	CEBPB	CEBPB
763	39	39.538204703104135	CEBPB	CEBPB
764	34	39.64576605192066	CEBPB	CEBPB
765	34	39.41377538908988	CEBPB	CEBPB
766	40	39.37159711737397	CEBPB	CEBPB
767	41	39.43527523801947	CEBPB	CEBPB
768	46	39.41588091180323	CEBPB	CEBPB
769	45	39.61495202262887	CEBPB	CEBPB
770	42	39.691008859503945	CEBPB	CEBPB
771	32	39.71660062893227	CEBPB	CEBPB
772	27	39.619435602762955	CEBPB	CEBPB
773	31	39.364623349266964	CEBPB	CEBPB
774	36	39.40100168928569	CEBPB	CEBPB
775	33	39.429800164907526	CEBPB	CEBPB
776	45	39.55266475990335	CEBPB	CEBPB
777	23	39.52019861364417	CEBPB	CEBPB
778	36	39.4540686660125	CEBPB	CEBPB
779	28	39.49874655048135	CEBPB	CEBPB
780	43	39.49436593720232	CEBPB	CEBPB
781	38	39.53620401513428	CEBPB	CEBPB
782	48	39.55343750141189	CEBPB	CEBPB
783	41	39.554638288429935	CEBPB	CEBPB
784	38	39.490458713228506	CEBPB	CEBPB
785	31	39.607337060192435	CEBPB	CEBPB
786	40	39.657082650104684	CEBPB	CEBPB
787	33	39.54530923744638	CEBPB	CEBPB
788	38	39.57490776939719	CEBPB	CEBPB
789	51	39.63818737966221	CEBPB	CEBPB
790	39	39.60177300636555	CEBPB	CEBPB
791	41	39.48870285159618	CEBPB	CEBPB
792	38	39.6857752752178	CEBPB	CEBPB
793	37	39.6199496108496	CEBPB	CEBPB
794	37	39.55482706501604	CEBPB	CEBPB
795	47	39.6430136139529	CEBPB	CEBPB
796	33	39.48000115463767	CEBPB	CEBPB
797	48	39.611637138313334	CEBPB	CEBPB
798	47	39.55256139205279	CEBPB	CEBPB
799	36	39.507179808261384	CEBPB	CEBPB
800	34	39.44201036100459	CEBPB	CEBPB
801	36	39.40686112273688	CEBPB	CEBPB
802	38	39.44412501167606	CEBPB	CEBPB
803	45	39.64093145311701	CEBPB	CEBPB
804	25	39.58918406017283	CEBPB	CEBPB
805	41	39.60593800859583	CEBPB	CEBPB
806	33	39.593044220393786	CEBPB	CEBPB
807	37	39.732749964686676	CEBPB	CEBPB
808	42	39.65487218050981	CEBPB	CEBPB
809	45	39.54320597489444	CEBPB	CEBPB
810	44	39.55956206863414	CEBPB	CEBPB
811	40	39.55653043789335	CEBPB	CEBPB
812	41	39.66275045685135	CEBPB	CEBPB
813	34	39.70356902004966	CEBPB	CEBPB
814	25	39.74687346255756	CEBPB	CEBPB
815	42	39.53600257734897	CEBPB	CEBPB
816	38	39.62361888648573	CEBPB	CEBPB
817	36	39.68021947619398	CEBPB	CEBPB
818	43	39.571761468846795	CEBPB	CEBPB
819	37	39.60345050906218	CEBPB	CEBPB
820	39	39.69344209603326	CEBPB	CEBPB
821	38	39.55620385043536	CEBPB	CEBPB
822	36	39.4890359759029	CEBPB	CEBPB
823	47	39.60806324292111	CEBPB	CEBPB
824	33	39.632520722721324	CEBPB	CEBPB
825	33	39.5756560108375	CEBPB	CEBPB
826	37	39.48627599994582	CEBPB	CEBPB
827	42	39.35043881914457	CEBPB	CEBPB
828	33	39.60497565024556	CEBPB	CEBPB
829	37	39.63575900518616	CEBPB	CEBPB
830	28	39.668045263930274	CEBPB	CEBPB
831	33	39.64694341610501	CEBPB	CEBPB
832	44	39.3965553056463	CEBPB	CEBPB
833	42	39.50518126115236	CEBPB	CEBPB
834	27	39.452718112664805	CEBPB	CEBPB
835	56	39.57453371266929	CEBPB	CEBPB
836	30	39.57106684516375	CEBPB	CEBPB
837	45	39.70937318026919	CEBPB	CEBPB
838	43	39.623560632752515	CEBPB	CEBPB
839	41	39.45454395250709	CEBPB	CEBPB
840	32	39.496228453223964	CEBPB	CEBPB
841	31	39.54441146152931	CEBPB	CEBPB
842	39	39.50883426296664	CEBPB	CEBPB
843	48	39.51328673937377	CEBPB	CEBPB
844	39	39.44506170383824	CEBPB	CEBPB
845	41	39.3736523238054	CEBPB	CEBPB
846	38	39.384764179322296	CEBPB	CEBPB
847	27	39.52634933397907	CEBPB	CEBPB
848	37	39.60357927055126	CEBPB	CEBPB
849	39	39.74833578103592	CEBPB	CEBPB
850	44	39.608056231325726	CEBPB	CEBPB
851	37	39.613301503219674	CEBPB	CEBPB
852	39	39.498367698876436	CEBPB	CEBPB
853	35	39.506468864201366	CEBPB	CEBPB
854	52	39.57089371287746	CEBPB	CEBPB
855	34	39.61423367322365	CEBPB	CEBPB
856	39	39.633885930325675	CEBPB	CEBPB
857	44	39.51635522253329	CEBPB	CEBPB
858	34	39.549335161375026	CEBPB	CEBPB
859	50	39.629154771717374	CEBPB	CEBPB
860	37	39.56616141435384	CEBPB	CEBPB
861	36	39.734442117268024	CEBPB	CEBPB
862	48	39.69585612911889	CEBPB	CEBPB
863	48	39.59250403156012	CEBPB	CEBPB
864	42	39.628985511840526	CEBPB	CEBPB
865	52	39.53892611273206	CEBPB	CEBPB
866	34	39.54000876286796	CEBPB	CEBPB
867	37	39.530229126033	CEBPB	CEBPB
868	50	39.520683272708816	CEBPB	CEBPB
869	40	39.53851319350929	CEBPB	CEBPB
870	41	39.60798440883442	CEBPB	CEBPB
871	61	39.63671903993076	CEBPB	CEBPB
872	46	39.49836815261095	CEBPB	CEBPB
873	37	39.527549039468056	CEBPB	CEBPB
874	44	39.61995677533104	CEBPB	CEBPB
875	49	39.57485936989333	CEBPB	CEBPB
876	43	39.51763645138893	CEBPB	CEBPB
877	33	39.537769592600156	CEBPB	CEBPB
878	42	39.49976353616097	CEBPB	CEBPB
879	35	39.573893876977884	CEBPB	CEBPB
880	43	39.65466935354091	CEBPB	CEBPB
881	38	39.65125028576258	CEBPB	CEBPB
882	36	39.51351157456394	CEBPB	CEBPB
883	40	39.59503960251372	CEBPB	CEBPB
884	37	39.596497004188116	CEBPB	CEBPB
885	44	39.48530378810603	CEBPB	CEBPB
886	37	39.65756702293495	CEBPB	CEBPB
887	35	39.551558658229084	CEBPB	CEBPB
888	43	39.434694343623676	CEBPB	CEBPB
889	31	39.52572543374287	CEBPB	CEBPB
890	40	39.51667421917855	CEBPB	CEBPB
891	43	39.55002180726317	CEBPB	CEBPB
892	44	39.54842976928052	CEBPB	CEBPB
893	38	39.491848448194624	CEBPB	CEBPB
894	33	39.60919603889047	CEBPB	CEBPB
895	39	39.68632530619474	CEBPB	CEBPB
896	46	39.70713364040426	CEBPB	CEBPB
897	29	39.49950017300875	CEBPB	CEBPB
898	34	39.50558842858988	CEBPB	CEBPB
899	34	39.44172618230778	CEBPB	CEBPB
900	38	39.685754802650195	CEBPB	CEBPB
901	28	39.56425671323546	CEBPB	CEBPB
902	43	39.67427256816965	CEBPB	CEBPB
903	45	39.730589331849245	CEBPB	CEBPB
904	38	39.55874944197411	CEBPB	CEBPB
905	40	39.61466331052124	CEBPB	CEBPB
906	52	39.75292616373475	CEBPB	CEBPB
907	43	39.747822976318425	CEBPB	CEBPB
908	37	39.665588498722244	CEBPB	CEBPB
909	50	39.54959870645453	CEBPB	CEBPB
910	54	39.56106625404856	CEBPB	CEBPB
911	39	39.48819382035305	CEBPB	CEBPB
912	45	39.55868426346215	CEBPB	CEBPB
913	42	39.53882438751152	CEBPB	CEBPB
914	34	39.357913809474184	CEBPB	CEBPB
915	49	39.421180818648104	CEBPB	CEBPB
916	34	39.57056787848756	CEBPB	CEBPB
917	33	39.59594840976607	CEBPB	CEBPB
918	34	39.56956933758278	CEBPB	CEBPB
919	40	39.64128476377383	CEBPB	CEBPB
920	34	39.64500624101508	CEBPB	CEBPB
921	46	39.68099412160512	CEBPB	CEBPB
922	32	39.60528916639214	CEBPB	CEBPB
923	35	39.64823107544772	CEBPB	CEBPB
924	37	39.63177784580697	CEBPB	CEBPB
925	39	39.63571368512227	CEBPB	CEBPB
926	40	39.49582108880361	CEBPB	CEBPB
927	53	39.670045497658776	CEBPB	CEBPB
928	44	39.615041389923	CEBPB	CEBPB
929	38	39.50796456944627	CEBPB	CEBPB
930	33	39.45996416742323	CEBPB	CEBPB
931	56	39.60297126180106	CEBPB	CEBPB
932	32	39.607257361752986	CEBPB	CEBPB
933	33	39.51263332986784	CEBPB	CEBPB
934	39	39.56773454684431	CEBPB	CEBPB
935	50	39.619114274238875	CEBPB	CEBPB
936	45	39.440166868791906	CEBPB	CEBPB
937	30	39.37300858001377	CEBPB	CEBPB
938	31	39.50888649626403	CEBPB	CEBPB
939	42	39.73944029534007	CEBPB	CEBPB
940	37	39.58779355249392	CEBPB	CEBPB
941	51	39.54489195026391	CEBPB	CEBPB
942	34	39.490640143351634	CEBPB	CEBPB
943	42	39.63004786784063	CEBPB	CEBPB
944	41	39.706810893240224	CEBPB	CEBPB
945	37	39.5995276510744	CEBPB	CEBPB
946	36	39.54948811763699	CEBPB	CEBPB
947	41	39.394151595330946	CEBPB	CEBPB
948	40	39.45803062286048	CEBPB	CEBPB
949	46	39.37455051387656	CEBPB	CEBPB
950	36	39.3842117795475	CEBPB	CEBPB
951	42	39.63791738300795	CEBPB	CEBPB
952	51	39.623757950528116	CEBPB	CEBPB
953	39	39.5788767511638	CEBPB	CEBPB
954	28	39.488448803136826	CEBPB	CEBPB
955	30	39.4290373063121	CEBPB	CEBPB
956	40	39.47193481766501	CEBPB	CEBPB
957	29	39.58042221242972	CEBPB	CEBPB
958	40	39.5587606223192	CEBPB	CEBPB
959	46	39.503223364063146	CEBPB	CEBPB
960	34	39.51708964220589	CEBPB	CEBPB
961	53	39.541113096160686	CEBPB	CEBPB
962	26	39.48301091541458	CEBPB	CEBPB
963	39	39.41200853393944	CEBPB	CEBPB
964	33	39.52815384128317	CEBPB	CEBPB
965	42	39.42462464974545	CEBPB	CEBPB
966	46	39.41434583715687	CEBPB	CEBPB
967	44	39.511760469801914	CEBPB	CEBPB
968	35	39.58999136813453	CEBPB	CEBPB
969	27	39.520101462145604	CEBPB	CEBPB
970	44	39.62908290884121	CEBPB	CEBPB
971	37	39.66938499693351	CEBPB	CEBPB
972	32	39.51237119029562	CEBPB	CEBPB
973	33	39.46252237379727	CEBPB	CEBPB
974	46	39.751801908627215	CEBPB	CEBPB
975	41	39.69633163348607	CEBPB	CEBPB
976	32	39.586422886559546	CEBPB	CEBPB
977	45	39.58584877456712	CEBPB	CEBPB
978	33	39.59314848405205	CEBPB	CEBPB
979	36	39.66948155585533	CEBPB	CEBPB
980	43	39.59339832886052	CEBPB	CEBPB
981	44	39.48070942695872	CEBPB	CEBPB
982	38	39.68667530345676	CEBPB	CEBPB
983	37	39.68796751042444	CEBPB	CEBPB
984	30	39.590132504969645	CEBPB	CEBPB
985	41	39.61580589902582	CEBPB	CEBPB
986	42	39.586946816220475	CEBPB	CEBPB
987	40	39.58717048445601	CEBPB	CEBPB
988	38	39.57922755352611	CEBPB	CEBPB
989	25	39.72594510874681	CEBPB	CEBPB
990	47	39.73973238176428	CEBPB	CEBPB
991	44	39.55978746673451	CEBPB	CEBPB
992	33	39.5102222322204	CEBPB	CEBPB
993	34	39.62351023279274	CEBPB	CEBPB
994	35	39.550427199583474	CEBPB	CEBPB
995	44	39.737157173640774	CEBPB	CEBPB
996	45	39.80252935152051	CEBPB	CEBPB
997	48	39.686738663321066	CEBPB	CEBPB
998	38	39.55786585239429	CEBPB	CEBPB
999	35	39.59844907116193	CEBPB	CEBPB
1000	49	39.63056691513839	CEBPB	CEBPB
-1000	40	47.94694422457872	CEBPG	CEBPG
-999	41	47.75008068918651	CEBPG	CEBPG
-998	58	47.68527520337936	CEBPG	CEBPG
-997	43	47.728719310944605	CEBPG	CEBPG
-996	30	47.58553898929777	CEBPG	CEBPG
-995	35	47.63827520115821	CEBPG	CEBPG
-994	49	47.83338190885395	CEBPG	CEBPG
-993	32	47.70460651487942	CEBPG	CEBPG
-992	44	47.68377159562843	CEBPG	CEBPG
-991	46	47.7332332893124	CEBPG	CEBPG
-990	44	47.777991128510216	CEBPG	CEBPG
-989	45	47.87300774821625	CEBPG	CEBPG
-988	48	47.78473771059262	CEBPG	CEBPG
-987	42	47.66079585404636	CEBPG	CEBPG
-986	52	47.72273024548721	CEBPG	CEBPG
-985	44	47.5707149421431	CEBPG	CEBPG
-984	50	47.6039738910966	CEBPG	CEBPG
-983	63	47.62061394800878	CEBPG	CEBPG
-982	50	47.585874318963285	CEBPG	CEBPG
-981	46	47.7888024938581	CEBPG	CEBPG
-980	37	47.74672018350653	CEBPG	CEBPG
-979	48	47.5992244364715	CEBPG	CEBPG
-978	53	47.64730123765158	CEBPG	CEBPG
-977	42	47.69100541507661	CEBPG	CEBPG
-976	49	47.68893498738475	CEBPG	CEBPG
-975	42	47.55634484318824	CEBPG	CEBPG
-974	37	47.75636076116725	CEBPG	CEBPG
-973	58	47.718830531733744	CEBPG	CEBPG
-972	48	47.66109092069013	CEBPG	CEBPG
-971	44	47.62691401108523	CEBPG	CEBPG
-970	45	47.697559829481435	CEBPG	CEBPG
-969	44	47.486281305856586	CEBPG	CEBPG
-968	47	47.62598047094219	CEBPG	CEBPG
-967	49	47.77621168921682	CEBPG	CEBPG
-966	61	47.628691116861795	CEBPG	CEBPG
-965	44	47.58607224527578	CEBPG	CEBPG
-964	56	47.55656286954374	CEBPG	CEBPG
-963	48	47.76854379152484	CEBPG	CEBPG
-962	46	47.880114915682	CEBPG	CEBPG
-961	54	47.8098456703308	CEBPG	CEBPG
-960	40	47.78338492836676	CEBPG	CEBPG
-959	58	47.58404196740165	CEBPG	CEBPG
-958	49	47.65190299583189	CEBPG	CEBPG
-957	48	47.71274648453221	CEBPG	CEBPG
-956	40	47.68876130795281	CEBPG	CEBPG
-955	39	47.57382478579193	CEBPG	CEBPG
-954	39	47.53523495332217	CEBPG	CEBPG
-953	46	47.741082528744066	CEBPG	CEBPG
-952	54	47.914857028094936	CEBPG	CEBPG
-951	44	47.65720098302337	CEBPG	CEBPG
-950	41	47.66310817776178	CEBPG	CEBPG
-949	41	47.646854409346126	CEBPG	CEBPG
-948	60	47.54850015403744	CEBPG	CEBPG
-947	38	47.66004068712608	CEBPG	CEBPG
-946	42	47.683532739652286	CEBPG	CEBPG
-945	44	47.76733410402771	CEBPG	CEBPG
-944	48	47.82982030163567	CEBPG	CEBPG
-943	37	47.787625933351755	CEBPG	CEBPG
-942	56	47.92000785174135	CEBPG	CEBPG
-941	46	47.67347485822423	CEBPG	CEBPG
-940	50	47.59119403153902	CEBPG	CEBPG
-939	44	47.59146168969097	CEBPG	CEBPG
-938	51	47.58794374928244	CEBPG	CEBPG
-937	49	47.60041053239267	CEBPG	CEBPG
-936	63	47.60873612086289	CEBPG	CEBPG
-935	46	47.664916547765564	CEBPG	CEBPG
-934	50	47.477635449506764	CEBPG	CEBPG
-933	44	47.59236663536765	CEBPG	CEBPG
-932	39	47.64588141800798	CEBPG	CEBPG
-931	46	47.8551790926715	CEBPG	CEBPG
-930	50	47.972885915797235	CEBPG	CEBPG
-929	47	47.77036698566544	CEBPG	CEBPG
-928	53	47.46822583883483	CEBPG	CEBPG
-927	48	47.621001788707304	CEBPG	CEBPG
-926	55	47.65187469070444	CEBPG	CEBPG
-925	45	47.71242316221789	CEBPG	CEBPG
-924	45	47.76833689477986	CEBPG	CEBPG
-923	43	47.98092913452344	CEBPG	CEBPG
-922	48	47.75388113988109	CEBPG	CEBPG
-921	54	47.53528342952778	CEBPG	CEBPG
-920	42	47.690641564794916	CEBPG	CEBPG
-919	47	47.74439733203564	CEBPG	CEBPG
-918	49	47.81853258205381	CEBPG	CEBPG
-917	49	47.7005297925452	CEBPG	CEBPG
-916	47	47.70187841893079	CEBPG	CEBPG
-915	36	47.8416915885275	CEBPG	CEBPG
-914	41	47.80431749241049	CEBPG	CEBPG
-913	46	47.60631665592546	CEBPG	CEBPG
-912	47	47.57668845209204	CEBPG	CEBPG
-911	43	47.686756440228585	CEBPG	CEBPG
-910	46	47.81865611585268	CEBPG	CEBPG
-909	53	47.59935625374129	CEBPG	CEBPG
-908	54	47.456840479351996	CEBPG	CEBPG
-907	53	47.56020516209834	CEBPG	CEBPG
-906	49	47.68193387857577	CEBPG	CEBPG
-905	37	47.54368833788443	CEBPG	CEBPG
-904	57	47.5993549311791	CEBPG	CEBPG
-903	40	47.6075162969445	CEBPG	CEBPG
-902	44	47.57571680860781	CEBPG	CEBPG
-901	43	47.62783117236368	CEBPG	CEBPG
-900	51	47.8648512507805	CEBPG	CEBPG
-899	46	48.01002528511818	CEBPG	CEBPG
-898	46	47.66356871198339	CEBPG	CEBPG
-897	52	47.58884927266499	CEBPG	CEBPG
-896	47	47.63400517285378	CEBPG	CEBPG
-895	52	47.8163056980919	CEBPG	CEBPG
-894	49	47.85933959549134	CEBPG	CEBPG
-893	45	47.6690154335101	CEBPG	CEBPG
-892	40	47.58437078000303	CEBPG	CEBPG
-891	54	47.56707664778689	CEBPG	CEBPG
-890	47	47.78213820616799	CEBPG	CEBPG
-889	52	47.76338787018276	CEBPG	CEBPG
-888	39	47.73467006262895	CEBPG	CEBPG
-887	49	47.70621401485678	CEBPG	CEBPG
-886	40	47.64665876585504	CEBPG	CEBPG
-885	51	47.723253418897656	CEBPG	CEBPG
-884	52	47.56230883414492	CEBPG	CEBPG
-883	53	47.55012492331147	CEBPG	CEBPG
-882	47	47.68731939033226	CEBPG	CEBPG
-881	50	47.65455187622961	CEBPG	CEBPG
-880	32	47.65044845813619	CEBPG	CEBPG
-879	56	47.61154814799002	CEBPG	CEBPG
-878	43	47.789275485108035	CEBPG	CEBPG
-877	41	47.72281788449599	CEBPG	CEBPG
-876	40	47.56527095029336	CEBPG	CEBPG
-875	39	47.55955093915442	CEBPG	CEBPG
-874	51	47.75765864966618	CEBPG	CEBPG
-873	45	47.66397477508996	CEBPG	CEBPG
-872	47	47.694456365199606	CEBPG	CEBPG
-871	57	47.78752943338153	CEBPG	CEBPG
-870	59	47.77587195127394	CEBPG	CEBPG
-869	38	47.82580008194256	CEBPG	CEBPG
-868	53	47.86276672011525	CEBPG	CEBPG
-867	57	47.88423823737275	CEBPG	CEBPG
-866	41	47.96161485118198	CEBPG	CEBPG
-865	51	47.81762423391647	CEBPG	CEBPG
-864	56	47.665698110859935	CEBPG	CEBPG
-863	45	47.70561356413751	CEBPG	CEBPG
-862	47	47.59204135164317	CEBPG	CEBPG
-861	46	47.557562653160744	CEBPG	CEBPG
-860	42	47.84821748385317	CEBPG	CEBPG
-859	47	47.69899496200768	CEBPG	CEBPG
-858	51	47.62459645047951	CEBPG	CEBPG
-857	46	47.71348616620802	CEBPG	CEBPG
-856	42	47.81060234019452	CEBPG	CEBPG
-855	45	47.72369699606981	CEBPG	CEBPG
-854	45	47.81556738358838	CEBPG	CEBPG
-853	52	47.7354949299291	CEBPG	CEBPG
-852	31	47.751039828113335	CEBPG	CEBPG
-851	52	47.72300098705682	CEBPG	CEBPG
-850	63	47.76740860043893	CEBPG	CEBPG
-849	49	47.600404384887554	CEBPG	CEBPG
-848	51	47.767413709889766	CEBPG	CEBPG
-847	37	47.827378522026976	CEBPG	CEBPG
-846	53	47.733043010049094	CEBPG	CEBPG
-845	42	47.59685569795442	CEBPG	CEBPG
-844	49	47.58466210361738	CEBPG	CEBPG
-843	45	47.702769732599954	CEBPG	CEBPG
-842	56	47.786800833726886	CEBPG	CEBPG
-841	50	47.6488519056336	CEBPG	CEBPG
-840	40	47.776642398630955	CEBPG	CEBPG
-839	38	47.75712413595729	CEBPG	CEBPG
-838	51	47.93952335169058	CEBPG	CEBPG
-837	46	47.859016696433976	CEBPG	CEBPG
-836	45	47.812538516307555	CEBPG	CEBPG
-835	41	47.62800820828093	CEBPG	CEBPG
-834	51	47.64862992646268	CEBPG	CEBPG
-833	50	47.8017507683096	CEBPG	CEBPG
-832	47	47.825968802729044	CEBPG	CEBPG
-831	52	47.80754118276509	CEBPG	CEBPG
-830	39	47.79298933114521	CEBPG	CEBPG
-829	50	47.596503113278715	CEBPG	CEBPG
-828	48	47.62223906187557	CEBPG	CEBPG
-827	51	47.72843223121985	CEBPG	CEBPG
-826	53	47.85677365811553	CEBPG	CEBPG
-825	46	47.84540190609865	CEBPG	CEBPG
-824	58	47.725619157122594	CEBPG	CEBPG
-823	55	47.73503943675392	CEBPG	CEBPG
-822	44	47.715234938340444	CEBPG	CEBPG
-821	50	47.91839595427499	CEBPG	CEBPG
-820	49	47.87779130474346	CEBPG	CEBPG
-819	59	47.71143044915292	CEBPG	CEBPG
-818	40	47.68852033763237	CEBPG	CEBPG
-817	55	47.610150401569285	CEBPG	CEBPG
-816	50	47.67466946570423	CEBPG	CEBPG
-815	41	47.87510645825485	CEBPG	CEBPG
-814	42	47.7238047351209	CEBPG	CEBPG
-813	40	47.77886802593076	CEBPG	CEBPG
-812	39	47.64358983614014	CEBPG	CEBPG
-811	47	47.62574729395081	CEBPG	CEBPG
-810	49	47.68443417320557	CEBPG	CEBPG
-809	50	47.758408492205035	CEBPG	CEBPG
-808	47	47.721678456626265	CEBPG	CEBPG
-807	31	47.723585881011594	CEBPG	CEBPG
-806	43	47.82101360294885	CEBPG	CEBPG
-805	49	47.80916339043486	CEBPG	CEBPG
-804	54	47.80987931650868	CEBPG	CEBPG
-803	53	47.89125219330194	CEBPG	CEBPG
-802	33	47.721615777739494	CEBPG	CEBPG
-801	55	47.68603908905861	CEBPG	CEBPG
-800	45	47.70063719947883	CEBPG	CEBPG
-799	47	47.77448771535687	CEBPG	CEBPG
-798	45	47.726074047036256	CEBPG	CEBPG
-797	47	47.785650907424724	CEBPG	CEBPG
-796	55	47.706865907921284	CEBPG	CEBPG
-795	48	47.6206089034167	CEBPG	CEBPG
-794	54	47.69817555213107	CEBPG	CEBPG
-793	43	47.75573176982363	CEBPG	CEBPG
-792	46	47.73776871558318	CEBPG	CEBPG
-791	43	47.826497611673624	CEBPG	CEBPG
-790	50	47.68438825351854	CEBPG	CEBPG
-789	43	47.464316754795256	CEBPG	CEBPG
-788	46	47.59724561992747	CEBPG	CEBPG
-787	32	47.922551432155764	CEBPG	CEBPG
-786	45	47.91406433768431	CEBPG	CEBPG
-785	43	47.8003333620918	CEBPG	CEBPG
-784	47	47.64677664969212	CEBPG	CEBPG
-783	49	47.58253015479631	CEBPG	CEBPG
-782	50	47.60585579644377	CEBPG	CEBPG
-781	50	47.78212062626546	CEBPG	CEBPG
-780	44	47.70705643884284	CEBPG	CEBPG
-779	48	47.65475130414605	CEBPG	CEBPG
-778	53	47.60831654561807	CEBPG	CEBPG
-777	44	47.883079375021715	CEBPG	CEBPG
-776	55	47.64425275428395	CEBPG	CEBPG
-775	58	47.66463947220838	CEBPG	CEBPG
-774	40	47.77832795079654	CEBPG	CEBPG
-773	45	47.75931693278497	CEBPG	CEBPG
-772	55	47.77151552560422	CEBPG	CEBPG
-771	44	47.94019631310638	CEBPG	CEBPG
-770	53	47.786327822227946	CEBPG	CEBPG
-769	50	47.79084921579181	CEBPG	CEBPG
-768	37	47.7458235240663	CEBPG	CEBPG
-767	43	47.7677420635216	CEBPG	CEBPG
-766	53	47.88662018478442	CEBPG	CEBPG
-765	48	47.66931188765883	CEBPG	CEBPG
-764	41	47.83682682464007	CEBPG	CEBPG
-763	57	47.751555106517884	CEBPG	CEBPG
-762	48	47.64510762822953	CEBPG	CEBPG
-761	42	47.76373911072365	CEBPG	CEBPG
-760	59	47.85458657608924	CEBPG	CEBPG
-759	32	47.70997417930684	CEBPG	CEBPG
-758	49	47.741053432430135	CEBPG	CEBPG
-757	48	47.73270058745749	CEBPG	CEBPG
-756	38	47.63280114111642	CEBPG	CEBPG
-755	45	47.772282610700486	CEBPG	CEBPG
-754	37	47.841925572878274	CEBPG	CEBPG
-753	39	47.66330984677346	CEBPG	CEBPG
-752	61	47.81815066968858	CEBPG	CEBPG
-751	57	47.723862708185386	CEBPG	CEBPG
-750	59	47.83031871865614	CEBPG	CEBPG
-749	46	47.86251497661897	CEBPG	CEBPG
-748	48	47.662586223476964	CEBPG	CEBPG
-747	58	47.65470312149766	CEBPG	CEBPG
-746	40	47.79450446177249	CEBPG	CEBPG
-745	46	47.80659343955014	CEBPG	CEBPG
-744	48	47.83027287828272	CEBPG	CEBPG
-743	45	47.82400962723097	CEBPG	CEBPG
-742	38	47.794939801653	CEBPG	CEBPG
-741	44	47.746929673295256	CEBPG	CEBPG
-740	49	47.69237934143036	CEBPG	CEBPG
-739	41	47.77314807845813	CEBPG	CEBPG
-738	46	47.976491867510916	CEBPG	CEBPG
-737	52	47.83345931741924	CEBPG	CEBPG
-736	60	47.73063563630372	CEBPG	CEBPG
-735	39	47.82426397589921	CEBPG	CEBPG
-734	65	47.60898787750524	CEBPG	CEBPG
-733	52	47.73920915744469	CEBPG	CEBPG
-732	45	47.90260832058509	CEBPG	CEBPG
-731	44	47.798093595951514	CEBPG	CEBPG
-730	59	47.87077431942075	CEBPG	CEBPG
-729	43	47.67844097713016	CEBPG	CEBPG
-728	46	47.65157961931777	CEBPG	CEBPG
-727	48	47.71536466417672	CEBPG	CEBPG
-726	48	47.58333370336434	CEBPG	CEBPG
-725	56	47.56236489058673	CEBPG	CEBPG
-724	57	47.687562300501405	CEBPG	CEBPG
-723	46	47.69944437677439	CEBPG	CEBPG
-722	47	47.54370954130735	CEBPG	CEBPG
-721	44	47.86962864523253	CEBPG	CEBPG
-720	56	48.030288730478034	CEBPG	CEBPG
-719	42	47.71364629193586	CEBPG	CEBPG
-718	49	47.80678764151681	CEBPG	CEBPG
-717	61	47.81274179931857	CEBPG	CEBPG
-716	57	47.71407819129287	CEBPG	CEBPG
-715	54	47.782457119644384	CEBPG	CEBPG
-714	43	47.76334405932179	CEBPG	CEBPG
-713	45	47.65859972923064	CEBPG	CEBPG
-712	42	47.691622175669124	CEBPG	CEBPG
-711	45	47.6680874114715	CEBPG	CEBPG
-710	48	47.70606838419721	CEBPG	CEBPG
-709	48	47.852486232002576	CEBPG	CEBPG
-708	53	47.957298722933	CEBPG	CEBPG
-707	46	47.90277302140283	CEBPG	CEBPG
-706	50	47.75430008034557	CEBPG	CEBPG
-705	39	47.68864619862017	CEBPG	CEBPG
-704	48	47.61335878895705	CEBPG	CEBPG
-703	47	47.687889835154955	CEBPG	CEBPG
-702	50	47.85088585506855	CEBPG	CEBPG
-701	37	47.6452527324344	CEBPG	CEBPG
-700	54	47.6433934044814	CEBPG	CEBPG
-699	46	47.69598392391067	CEBPG	CEBPG
-698	45	47.79602852603842	CEBPG	CEBPG
-697	49	47.75278923381269	CEBPG	CEBPG
-696	45	47.85938161109383	CEBPG	CEBPG
-695	40	47.66919618584879	CEBPG	CEBPG
-694	52	47.588782228443364	CEBPG	CEBPG
-693	41	47.48644901155289	CEBPG	CEBPG
-692	46	47.54611547574982	CEBPG	CEBPG
-691	56	47.83709546697072	CEBPG	CEBPG
-690	56	47.853928255185345	CEBPG	CEBPG
-689	47	47.71887329942178	CEBPG	CEBPG
-688	50	47.62958017839157	CEBPG	CEBPG
-687	54	47.67183301543444	CEBPG	CEBPG
-686	42	47.730526777349496	CEBPG	CEBPG
-685	50	47.78291291794352	CEBPG	CEBPG
-684	42	47.77395782753678	CEBPG	CEBPG
-683	53	47.67858655009407	CEBPG	CEBPG
-682	34	47.64550306745951	CEBPG	CEBPG
-681	40	47.57424573355116	CEBPG	CEBPG
-680	49	47.758082839921784	CEBPG	CEBPG
-679	51	47.80840821142902	CEBPG	CEBPG
-678	34	47.62988077344159	CEBPG	CEBPG
-677	50	47.63832995016781	CEBPG	CEBPG
-676	49	47.77546607618016	CEBPG	CEBPG
-675	56	47.81003110858513	CEBPG	CEBPG
-674	47	47.64681448718278	CEBPG	CEBPG
-673	32	47.59606867872428	CEBPG	CEBPG
-672	53	47.607061595811444	CEBPG	CEBPG
-671	43	47.80647118196815	CEBPG	CEBPG
-670	43	47.72101689613217	CEBPG	CEBPG
-669	54	47.6410451705243	CEBPG	CEBPG
-668	46	47.56411889864325	CEBPG	CEBPG
-667	44	47.72154944380007	CEBPG	CEBPG
-666	56	47.85971660471575	CEBPG	CEBPG
-665	49	47.78005128573667	CEBPG	CEBPG
-664	51	47.80926378649907	CEBPG	CEBPG
-663	49	47.77514181414309	CEBPG	CEBPG
-662	50	47.749267541590804	CEBPG	CEBPG
-661	52	47.69956805192359	CEBPG	CEBPG
-660	41	47.78482746371938	CEBPG	CEBPG
-659	43	47.709740819076956	CEBPG	CEBPG
-658	51	47.777816524789216	CEBPG	CEBPG
-657	46	47.71722145187275	CEBPG	CEBPG
-656	46	47.58213236027434	CEBPG	CEBPG
-655	45	47.69743335604319	CEBPG	CEBPG
-654	48	47.80744140341349	CEBPG	CEBPG
-653	57	47.78515283190318	CEBPG	CEBPG
-652	43	47.72862515898543	CEBPG	CEBPG
-651	34	47.718813022471494	CEBPG	CEBPG
-650	45	47.693032506336785	CEBPG	CEBPG
-649	53	47.75369247605807	CEBPG	CEBPG
-648	42	47.719436687036634	CEBPG	CEBPG
-647	38	47.627178792145465	CEBPG	CEBPG
-646	38	47.80794097208849	CEBPG	CEBPG
-645	56	47.789691003804016	CEBPG	CEBPG
-644	38	47.71903901172129	CEBPG	CEBPG
-643	54	47.804385385189555	CEBPG	CEBPG
-642	51	47.87602204773043	CEBPG	CEBPG
-641	44	47.683569578711456	CEBPG	CEBPG
-640	45	47.78947214223941	CEBPG	CEBPG
-639	35	47.63644040624418	CEBPG	CEBPG
-638	55	47.456327368022805	CEBPG	CEBPG
-637	61	47.6543064950653	CEBPG	CEBPG
-636	58	47.8532029492102	CEBPG	CEBPG
-635	54	47.66279254280814	CEBPG	CEBPG
-634	41	47.76305872364461	CEBPG	CEBPG
-633	51	47.91858292631274	CEBPG	CEBPG
-632	43	47.880937143124086	CEBPG	CEBPG
-631	62	47.539738808662605	CEBPG	CEBPG
-630	50	47.674517337989265	CEBPG	CEBPG
-629	44	47.75738672803349	CEBPG	CEBPG
-628	40	47.67007362579568	CEBPG	CEBPG
-627	49	47.78117883298276	CEBPG	CEBPG
-626	46	47.718668457826205	CEBPG	CEBPG
-625	44	47.76955754499449	CEBPG	CEBPG
-624	45	47.71608090416845	CEBPG	CEBPG
-623	37	47.72382631900132	CEBPG	CEBPG
-622	41	47.76497013979905	CEBPG	CEBPG
-621	58	47.81048648696955	CEBPG	CEBPG
-620	48	47.805344919541945	CEBPG	CEBPG
-619	54	47.835973906130924	CEBPG	CEBPG
-618	38	47.911163845640516	CEBPG	CEBPG
-617	50	47.91685160245828	CEBPG	CEBPG
-616	48	47.7112578373342	CEBPG	CEBPG
-615	43	47.555378903893484	CEBPG	CEBPG
-614	50	47.8191737795702	CEBPG	CEBPG
-613	39	47.7958162963792	CEBPG	CEBPG
-612	46	47.7590894774982	CEBPG	CEBPG
-611	62	47.86548700636143	CEBPG	CEBPG
-610	45	47.848799420144296	CEBPG	CEBPG
-609	58	47.639909761346736	CEBPG	CEBPG
-608	51	47.662978215355416	CEBPG	CEBPG
-607	49	47.560978731663106	CEBPG	CEBPG
-606	38	47.74026492770657	CEBPG	CEBPG
-605	42	47.82930717433103	CEBPG	CEBPG
-604	48	47.6950410946932	CEBPG	CEBPG
-603	43	47.68363053013998	CEBPG	CEBPG
-602	56	47.68219641067327	CEBPG	CEBPG
-601	44	47.657994810975374	CEBPG	CEBPG
-600	45	47.77922792665863	CEBPG	CEBPG
-599	49	47.61214004163383	CEBPG	CEBPG
-598	44	47.613638491422755	CEBPG	CEBPG
-597	55	47.58159415245444	CEBPG	CEBPG
-596	51	47.65425787036683	CEBPG	CEBPG
-595	47	47.67665725906675	CEBPG	CEBPG
-594	45	47.7512959581936	CEBPG	CEBPG
-593	55	47.832462733169514	CEBPG	CEBPG
-592	47	47.779230112736684	CEBPG	CEBPG
-591	34	47.76159264056489	CEBPG	CEBPG
-590	46	47.65370982885374	CEBPG	CEBPG
-589	44	47.588689405812914	CEBPG	CEBPG
-588	65	47.71223362728213	CEBPG	CEBPG
-587	45	47.68452860529227	CEBPG	CEBPG
-586	48	47.76942661878012	CEBPG	CEBPG
-585	49	47.763832540113455	CEBPG	CEBPG
-584	52	47.65657576199622	CEBPG	CEBPG
-583	53	47.768046143206696	CEBPG	CEBPG
-582	51	47.79487217531437	CEBPG	CEBPG
-581	48	47.875454336719535	CEBPG	CEBPG
-580	60	47.73007957726951	CEBPG	CEBPG
-579	51	47.77855266404675	CEBPG	CEBPG
-578	46	47.8222901185126	CEBPG	CEBPG
-577	51	47.621642250287884	CEBPG	CEBPG
-576	39	47.73120632511665	CEBPG	CEBPG
-575	49	47.690721561452705	CEBPG	CEBPG
-574	62	47.543675858718835	CEBPG	CEBPG
-573	46	47.59287991970361	CEBPG	CEBPG
-572	60	47.84803800097549	CEBPG	CEBPG
-571	43	47.67052074697739	CEBPG	CEBPG
-570	48	47.73535414108089	CEBPG	CEBPG
-569	49	47.81852244326131	CEBPG	CEBPG
-568	55	47.86024697841825	CEBPG	CEBPG
-567	41	47.59664882140602	CEBPG	CEBPG
-566	48	47.67967473457715	CEBPG	CEBPG
-565	45	47.67525662685011	CEBPG	CEBPG
-564	57	47.759981926804144	CEBPG	CEBPG
-563	38	47.68805307771664	CEBPG	CEBPG
-562	46	47.640632033845066	CEBPG	CEBPG
-561	51	47.621383111479055	CEBPG	CEBPG
-560	51	47.71905660429169	CEBPG	CEBPG
-559	52	47.73739611278114	CEBPG	CEBPG
-558	65	47.741513237329634	CEBPG	CEBPG
-557	44	47.7593588471904	CEBPG	CEBPG
-556	45	47.83955797933177	CEBPG	CEBPG
-555	54	47.85193702140448	CEBPG	CEBPG
-554	46	47.868477697932626	CEBPG	CEBPG
-553	40	47.726038716074804	CEBPG	CEBPG
-552	47	47.73084760006432	CEBPG	CEBPG
-551	47	47.66850839917	CEBPG	CEBPG
-550	48	47.80005183505503	CEBPG	CEBPG
-549	44	47.95486419442263	CEBPG	CEBPG
-548	41	47.88717251596654	CEBPG	CEBPG
-547	56	47.7957407631494	CEBPG	CEBPG
-546	39	47.79625163330294	CEBPG	CEBPG
-545	48	47.88390089123054	CEBPG	CEBPG
-544	55	47.74543786579645	CEBPG	CEBPG
-543	60	47.78324336724031	CEBPG	CEBPG
-542	48	47.68469241681174	CEBPG	CEBPG
-541	46	47.63996418913975	CEBPG	CEBPG
-540	47	47.72754332577657	CEBPG	CEBPG
-539	49	47.77238449272685	CEBPG	CEBPG
-538	42	47.81663094176615	CEBPG	CEBPG
-537	44	47.77636538016395	CEBPG	CEBPG
-536	47	47.829459375202504	CEBPG	CEBPG
-535	42	47.69896768251797	CEBPG	CEBPG
-534	47	47.547798909199884	CEBPG	CEBPG
-533	51	47.66113964888703	CEBPG	CEBPG
-532	56	47.58671024444912	CEBPG	CEBPG
-531	55	47.632780747512356	CEBPG	CEBPG
-530	52	47.69252025364231	CEBPG	CEBPG
-529	51	47.70058460770452	CEBPG	CEBPG
-528	53	47.711161483324055	CEBPG	CEBPG
-527	36	47.62772525978745	CEBPG	CEBPG
-526	46	47.79629280456832	CEBPG	CEBPG
-525	48	47.78244170527156	CEBPG	CEBPG
-524	40	47.831460305346965	CEBPG	CEBPG
-523	50	47.79292521548903	CEBPG	CEBPG
-522	53	47.7274321461551	CEBPG	CEBPG
-521	33	47.81223201046174	CEBPG	CEBPG
-520	39	47.72295199589199	CEBPG	CEBPG
-519	48	47.61002519303278	CEBPG	CEBPG
-518	41	47.51228910789048	CEBPG	CEBPG
-517	56	47.77550731319913	CEBPG	CEBPG
-516	39	47.64583862023996	CEBPG	CEBPG
-515	59	47.62248728854622	CEBPG	CEBPG
-514	41	47.6643543210827	CEBPG	CEBPG
-513	35	47.742019961039034	CEBPG	CEBPG
-512	40	47.78702202378971	CEBPG	CEBPG
-511	37	47.674180501026484	CEBPG	CEBPG
-510	53	47.736399882505644	CEBPG	CEBPG
-509	42	47.73353180283847	CEBPG	CEBPG
-508	48	47.62546979132453	CEBPG	CEBPG
-507	47	47.66511310457969	CEBPG	CEBPG
-506	46	47.676128144661654	CEBPG	CEBPG
-505	38	47.69915168066046	CEBPG	CEBPG
-504	41	47.82307387504149	CEBPG	CEBPG
-503	34	47.78332012522534	CEBPG	CEBPG
-502	39	47.668970579815166	CEBPG	CEBPG
-501	47	47.596413217819226	CEBPG	CEBPG
-500	37	47.712556376561345	CEBPG	CEBPG
-499	47	47.83145265799621	CEBPG	CEBPG
-498	44	47.713542737656475	CEBPG	CEBPG
-497	49	47.67439229010623	CEBPG	CEBPG
-496	42	47.68162104497419	CEBPG	CEBPG
-495	39	47.680738381145765	CEBPG	CEBPG
-494	51	47.84162545522606	CEBPG	CEBPG
-493	47	47.674926010479886	CEBPG	CEBPG
-492	41	47.61081692876749	CEBPG	CEBPG
-491	45	47.59122241079183	CEBPG	CEBPG
-490	47	47.54475432034811	CEBPG	CEBPG
-489	51	47.649192049943615	CEBPG	CEBPG
-488	47	47.764247597857896	CEBPG	CEBPG
-487	46	47.78700083432368	CEBPG	CEBPG
-486	44	47.580169925161776	CEBPG	CEBPG
-485	40	47.751074372599085	CEBPG	CEBPG
-484	65	47.69993627975652	CEBPG	CEBPG
-483	44	47.680984824762454	CEBPG	CEBPG
-482	43	47.70916629751668	CEBPG	CEBPG
-481	34	47.75222915996532	CEBPG	CEBPG
-480	57	47.78478755731721	CEBPG	CEBPG
-479	52	47.87372876206703	CEBPG	CEBPG
-478	47	47.84764034263855	CEBPG	CEBPG
-477	53	47.78243424866325	CEBPG	CEBPG
-476	43	47.86117385803057	CEBPG	CEBPG
-475	47	47.667875290363924	CEBPG	CEBPG
-474	44	47.64434439358455	CEBPG	CEBPG
-473	47	47.65010584260559	CEBPG	CEBPG
-472	47	47.869456478011834	CEBPG	CEBPG
-471	51	47.86303374302283	CEBPG	CEBPG
-470	44	47.716976732748726	CEBPG	CEBPG
-469	55	47.76675474469345	CEBPG	CEBPG
-468	47	47.845438108223135	CEBPG	CEBPG
-467	45	47.59665226322054	CEBPG	CEBPG
-466	50	47.74945364773472	CEBPG	CEBPG
-465	51	47.8987711088947	CEBPG	CEBPG
-464	54	47.91703335281158	CEBPG	CEBPG
-463	45	47.69461873171729	CEBPG	CEBPG
-462	42	47.668708491501256	CEBPG	CEBPG
-461	47	47.86266699339536	CEBPG	CEBPG
-460	47	47.87131656917464	CEBPG	CEBPG
-459	59	47.83997221231062	CEBPG	CEBPG
-458	58	47.68284090551907	CEBPG	CEBPG
-457	43	47.72677888383852	CEBPG	CEBPG
-456	46	47.8364499764432	CEBPG	CEBPG
-455	49	47.680580474203005	CEBPG	CEBPG
-454	40	47.63630751683243	CEBPG	CEBPG
-453	42	47.74357869859816	CEBPG	CEBPG
-452	64	47.768288525688504	CEBPG	CEBPG
-451	59	47.684027198985085	CEBPG	CEBPG
-450	48	47.63385955670656	CEBPG	CEBPG
-449	45	47.737743529963794	CEBPG	CEBPG
-448	60	47.671903138141964	CEBPG	CEBPG
-447	51	47.64858398481459	CEBPG	CEBPG
-446	45	47.736919754575396	CEBPG	CEBPG
-445	47	47.82203148847023	CEBPG	CEBPG
-444	57	47.66570307809132	CEBPG	CEBPG
-443	37	47.679830297462416	CEBPG	CEBPG
-442	50	47.6270635986402	CEBPG	CEBPG
-441	56	47.610948927090334	CEBPG	CEBPG
-440	42	47.73816821647295	CEBPG	CEBPG
-439	67	47.85544795330445	CEBPG	CEBPG
-438	54	47.61393010023625	CEBPG	CEBPG
-437	45	47.54629100271758	CEBPG	CEBPG
-436	49	47.73437968006276	CEBPG	CEBPG
-435	55	47.7262411399271	CEBPG	CEBPG
-434	45	47.8637469411534	CEBPG	CEBPG
-433	44	47.787235272707875	CEBPG	CEBPG
-432	44	47.69648039577466	CEBPG	CEBPG
-431	45	47.77471312331515	CEBPG	CEBPG
-430	46	47.78075901761847	CEBPG	CEBPG
-429	46	47.68718026499176	CEBPG	CEBPG
-428	47	47.61960478809639	CEBPG	CEBPG
-427	57	47.71126693160951	CEBPG	CEBPG
-426	48	47.619088906688624	CEBPG	CEBPG
-425	42	47.50199345439534	CEBPG	CEBPG
-424	47	47.54036302534636	CEBPG	CEBPG
-423	52	47.471675401536814	CEBPG	CEBPG
-422	38	47.53569730203333	CEBPG	CEBPG
-421	44	47.7290455031525	CEBPG	CEBPG
-420	53	47.690445914649885	CEBPG	CEBPG
-419	42	47.649598756423735	CEBPG	CEBPG
-418	51	47.65628841763704	CEBPG	CEBPG
-417	44	47.709340649292606	CEBPG	CEBPG
-416	50	47.71814669916693	CEBPG	CEBPG
-415	58	47.92069711849397	CEBPG	CEBPG
-414	53	47.885562183494585	CEBPG	CEBPG
-413	56	47.73223416793265	CEBPG	CEBPG
-412	49	47.78671676635034	CEBPG	CEBPG
-411	53	47.784798362915595	CEBPG	CEBPG
-410	43	47.682188380777816	CEBPG	CEBPG
-409	45	47.45602854624307	CEBPG	CEBPG
-408	53	47.517517631545786	CEBPG	CEBPG
-407	50	47.579394832910054	CEBPG	CEBPG
-406	59	47.710616764672174	CEBPG	CEBPG
-405	59	47.76233215675215	CEBPG	CEBPG
-404	56	47.60627744175734	CEBPG	CEBPG
-403	56	47.73400297845882	CEBPG	CEBPG
-402	40	47.65853761760332	CEBPG	CEBPG
-401	38	47.66136623599523	CEBPG	CEBPG
-400	36	47.46083218349873	CEBPG	CEBPG
-399	47	47.698431273348035	CEBPG	CEBPG
-398	40	47.78838459647688	CEBPG	CEBPG
-397	59	47.83403983238879	CEBPG	CEBPG
-396	51	47.71307433561248	CEBPG	CEBPG
-395	51	47.71421366339228	CEBPG	CEBPG
-394	56	47.95911519986781	CEBPG	CEBPG
-393	55	47.80261270031841	CEBPG	CEBPG
-392	47	47.70667861107379	CEBPG	CEBPG
-391	39	47.711415966165085	CEBPG	CEBPG
-390	55	47.62539085607185	CEBPG	CEBPG
-389	37	47.76442282534859	CEBPG	CEBPG
-388	41	47.72574248730195	CEBPG	CEBPG
-387	53	47.80756358254486	CEBPG	CEBPG
-386	50	47.772551291538726	CEBPG	CEBPG
-385	34	47.76044216622465	CEBPG	CEBPG
-384	65	47.81051504427794	CEBPG	CEBPG
-383	50	47.74438818939149	CEBPG	CEBPG
-382	45	47.637568791162415	CEBPG	CEBPG
-381	57	47.68997578145009	CEBPG	CEBPG
-380	31	47.85943565156599	CEBPG	CEBPG
-379	36	47.749541379863686	CEBPG	CEBPG
-378	60	47.81862029367534	CEBPG	CEBPG
-377	38	47.65984508827757	CEBPG	CEBPG
-376	46	47.75215956895071	CEBPG	CEBPG
-375	44	47.647147692648836	CEBPG	CEBPG
-374	50	47.61253355682238	CEBPG	CEBPG
-373	46	47.90431631050697	CEBPG	CEBPG
-372	48	47.787252169760826	CEBPG	CEBPG
-371	46	47.726504558161224	CEBPG	CEBPG
-370	55	47.71374168012033	CEBPG	CEBPG
-369	60	47.70648862737881	CEBPG	CEBPG
-368	46	47.78404872437068	CEBPG	CEBPG
-367	47	47.64728726865387	CEBPG	CEBPG
-366	52	47.42599233718038	CEBPG	CEBPG
-365	49	47.370166031192596	CEBPG	CEBPG
-364	44	47.652301344076385	CEBPG	CEBPG
-363	44	47.90225576300378	CEBPG	CEBPG
-362	55	47.75814804904558	CEBPG	CEBPG
-361	41	47.806152365444085	CEBPG	CEBPG
-360	50	47.66358789414186	CEBPG	CEBPG
-359	48	47.8822164157152	CEBPG	CEBPG
-358	65	47.965327809631134	CEBPG	CEBPG
-357	43	47.66256456453639	CEBPG	CEBPG
-356	44	47.910405535245005	CEBPG	CEBPG
-355	51	47.67517037158184	CEBPG	CEBPG
-354	56	47.569600291595556	CEBPG	CEBPG
-353	50	47.67819628287469	CEBPG	CEBPG
-352	40	47.660259296125574	CEBPG	CEBPG
-351	46	47.726205422405606	CEBPG	CEBPG
-350	58	47.646559858763325	CEBPG	CEBPG
-349	55	47.69069997925097	CEBPG	CEBPG
-348	60	47.736600621293	CEBPG	CEBPG
-347	41	47.7834446181172	CEBPG	CEBPG
-346	49	47.74012115978234	CEBPG	CEBPG
-345	46	47.49194775126793	CEBPG	CEBPG
-344	55	47.59890864966285	CEBPG	CEBPG
-343	54	47.686494625745496	CEBPG	CEBPG
-342	55	47.76724406105012	CEBPG	CEBPG
-341	50	47.731110021841914	CEBPG	CEBPG
-340	53	47.69186136061062	CEBPG	CEBPG
-339	40	47.600412583203486	CEBPG	CEBPG
-338	46	47.64713430023737	CEBPG	CEBPG
-337	57	47.829889773682496	CEBPG	CEBPG
-336	57	47.70354027515788	CEBPG	CEBPG
-335	50	47.63520577934802	CEBPG	CEBPG
-334	45	47.71985017835534	CEBPG	CEBPG
-333	42	47.74230016840545	CEBPG	CEBPG
-332	43	47.78284617823703	CEBPG	CEBPG
-331	55	47.95658246823171	CEBPG	CEBPG
-330	52	47.86398277220887	CEBPG	CEBPG
-329	35	47.73452221125687	CEBPG	CEBPG
-328	46	47.478206783919255	CEBPG	CEBPG
-327	56	47.456050603596005	CEBPG	CEBPG
-326	43	47.70414117314804	CEBPG	CEBPG
-325	50	47.77263553262582	CEBPG	CEBPG
-324	53	47.81811270880665	CEBPG	CEBPG
-323	52	47.763928261492076	CEBPG	CEBPG
-322	46	47.79461066525902	CEBPG	CEBPG
-321	42	47.74774157056436	CEBPG	CEBPG
-320	49	47.600057667124275	CEBPG	CEBPG
-319	58	47.57551497361951	CEBPG	CEBPG
-318	36	47.52250160097988	CEBPG	CEBPG
-317	46	47.86780491941937	CEBPG	CEBPG
-316	38	47.81266623818196	CEBPG	CEBPG
-315	43	47.67829806791452	CEBPG	CEBPG
-314	45	47.690793199067635	CEBPG	CEBPG
-313	42	47.7090642279862	CEBPG	CEBPG
-312	48	47.68147144120373	CEBPG	CEBPG
-311	52	47.74628725445722	CEBPG	CEBPG
-310	56	47.70423894523439	CEBPG	CEBPG
-309	52	47.67252367607454	CEBPG	CEBPG
-308	56	47.768263027424744	CEBPG	CEBPG
-307	44	47.72239129547398	CEBPG	CEBPG
-306	48	47.58207720590768	CEBPG	CEBPG
-305	59	47.779280453606916	CEBPG	CEBPG
-304	43	47.74236737866256	CEBPG	CEBPG
-303	55	47.61087029709834	CEBPG	CEBPG
-302	48	47.65766047213012	CEBPG	CEBPG
-301	43	47.78205444863966	CEBPG	CEBPG
-300	39	47.82988793853062	CEBPG	CEBPG
-299	47	47.75053054380954	CEBPG	CEBPG
-298	46	47.65709108018852	CEBPG	CEBPG
-297	52	47.57710792594716	CEBPG	CEBPG
-296	39	47.63261998341356	CEBPG	CEBPG
-295	45	47.722381816837704	CEBPG	CEBPG
-294	61	47.53783485141424	CEBPG	CEBPG
-293	42	47.67336614321911	CEBPG	CEBPG
-292	49	47.76600250193351	CEBPG	CEBPG
-291	47	47.66614677181778	CEBPG	CEBPG
-290	48	47.71552996614405	CEBPG	CEBPG
-289	49	47.58239810729923	CEBPG	CEBPG
-288	54	47.57179583961668	CEBPG	CEBPG
-287	49	47.40829182653386	CEBPG	CEBPG
-286	57	47.572428564158066	CEBPG	CEBPG
-285	56	47.77452634295683	CEBPG	CEBPG
-284	50	47.70663736382167	CEBPG	CEBPG
-283	53	47.56966522781168	CEBPG	CEBPG
-282	43	47.49586096096015	CEBPG	CEBPG
-281	49	47.65965489605363	CEBPG	CEBPG
-280	47	47.81455093540431	CEBPG	CEBPG
-279	35	47.8145856946205	CEBPG	CEBPG
-278	41	47.80507234562813	CEBPG	CEBPG
-277	44	47.72665085616038	CEBPG	CEBPG
-276	56	47.63282421828274	CEBPG	CEBPG
-275	43	47.56961845170219	CEBPG	CEBPG
-274	47	47.69168645480123	CEBPG	CEBPG
-273	56	47.647937958133454	CEBPG	CEBPG
-272	48	47.49893201142272	CEBPG	CEBPG
-271	51	47.69076419203308	CEBPG	CEBPG
-270	58	47.67440715108768	CEBPG	CEBPG
-269	52	47.65807798321411	CEBPG	CEBPG
-268	46	47.53640038829343	CEBPG	CEBPG
-267	41	47.44300981782094	CEBPG	CEBPG
-266	55	47.5770903087046	CEBPG	CEBPG
-265	54	47.602711555130874	CEBPG	CEBPG
-264	57	47.58603381772211	CEBPG	CEBPG
-263	44	47.68185193070085	CEBPG	CEBPG
-262	56	47.73271353051852	CEBPG	CEBPG
-261	40	47.58928178557812	CEBPG	CEBPG
-260	61	47.340783764199855	CEBPG	CEBPG
-259	50	47.48110527806218	CEBPG	CEBPG
-258	45	47.58541428560092	CEBPG	CEBPG
-257	55	47.568462073832876	CEBPG	CEBPG
-256	66	47.57726734184567	CEBPG	CEBPG
-255	53	47.53796642064773	CEBPG	CEBPG
-254	46	47.58174509180459	CEBPG	CEBPG
-253	39	47.57913863412856	CEBPG	CEBPG
-252	38	47.667875425501784	CEBPG	CEBPG
-251	46	47.56572140706326	CEBPG	CEBPG
-250	47	47.369659095322874	CEBPG	CEBPG
-249	51	47.34198209074788	CEBPG	CEBPG
-248	45	47.423689179696886	CEBPG	CEBPG
-247	41	47.39732782656979	CEBPG	CEBPG
-246	52	47.69684058989503	CEBPG	CEBPG
-245	48	47.778125132282646	CEBPG	CEBPG
-244	47	47.734376213272824	CEBPG	CEBPG
-243	63	47.75977098264209	CEBPG	CEBPG
-242	50	47.820580517980694	CEBPG	CEBPG
-241	56	47.68720881741445	CEBPG	CEBPG
-240	41	47.769941460888994	CEBPG	CEBPG
-239	42	47.84768265621603	CEBPG	CEBPG
-238	54	47.846255313026745	CEBPG	CEBPG
-237	39	47.71062894182599	CEBPG	CEBPG
-236	50	47.77892839973623	CEBPG	CEBPG
-235	46	47.91528603745348	CEBPG	CEBPG
-234	49	47.811514266459014	CEBPG	CEBPG
-233	62	48.032699545437275	CEBPG	CEBPG
-232	68	48.067931360660495	CEBPG	CEBPG
-231	32	48.192956329227506	CEBPG	CEBPG
-230	47	48.05704271945727	CEBPG	CEBPG
-229	52	47.844996052597786	CEBPG	CEBPG
-228	58	47.73070360779936	CEBPG	CEBPG
-227	40	47.82534616674982	CEBPG	CEBPG
-226	39	47.84790324184208	CEBPG	CEBPG
-225	40	47.879283478363774	CEBPG	CEBPG
-224	46	47.677082039561924	CEBPG	CEBPG
-223	46	47.63664310787866	CEBPG	CEBPG
-222	38	47.71210893942356	CEBPG	CEBPG
-221	65	47.74189294529658	CEBPG	CEBPG
-220	58	47.838190925819006	CEBPG	CEBPG
-219	49	47.79942795388142	CEBPG	CEBPG
-218	51	47.7264579734248	CEBPG	CEBPG
-217	53	47.7609216529658	CEBPG	CEBPG
-216	48	47.71549576300018	CEBPG	CEBPG
-215	47	47.82259231723721	CEBPG	CEBPG
-214	43	47.56642044845077	CEBPG	CEBPG
-213	58	47.42024610242457	CEBPG	CEBPG
-212	49	47.54810847897737	CEBPG	CEBPG
-211	47	47.68294080553751	CEBPG	CEBPG
-210	42	47.76758385026542	CEBPG	CEBPG
-209	39	47.59471277308458	CEBPG	CEBPG
-208	51	47.698130929714964	CEBPG	CEBPG
-207	38	47.62287965107043	CEBPG	CEBPG
-206	51	47.42889967110723	CEBPG	CEBPG
-205	47	47.47573427785842	CEBPG	CEBPG
-204	52	47.54597745911772	CEBPG	CEBPG
-203	51	47.40283029128415	CEBPG	CEBPG
-202	44	47.41023469838482	CEBPG	CEBPG
-201	41	47.52280154943803	CEBPG	CEBPG
-200	50	47.31803136264257	CEBPG	CEBPG
-199	52	47.40500897872068	CEBPG	CEBPG
-198	54	47.647723873694666	CEBPG	CEBPG
-197	32	47.70229535120088	CEBPG	CEBPG
-196	50	47.56460364936605	CEBPG	CEBPG
-195	49	47.48669100279362	CEBPG	CEBPG
-194	45	47.49906196719483	CEBPG	CEBPG
-193	60	47.641725026392976	CEBPG	CEBPG
-192	49	47.58369576559641	CEBPG	CEBPG
-191	39	47.62891337775656	CEBPG	CEBPG
-190	44	47.657483915419036	CEBPG	CEBPG
-189	46	47.73381378132126	CEBPG	CEBPG
-188	51	47.71577491262027	CEBPG	CEBPG
-187	55	47.672971941261046	CEBPG	CEBPG
-186	37	47.726734211310585	CEBPG	CEBPG
-185	52	47.96115860856102	CEBPG	CEBPG
-184	57	47.922598644253405	CEBPG	CEBPG
-183	48	47.686245046980666	CEBPG	CEBPG
-182	44	47.7056642990662	CEBPG	CEBPG
-181	47	47.93661175408587	CEBPG	CEBPG
-180	46	47.60927024673804	CEBPG	CEBPG
-179	41	47.706786622001715	CEBPG	CEBPG
-178	56	47.638772694868216	CEBPG	CEBPG
-177	44	47.56662734898147	CEBPG	CEBPG
-176	59	47.59363142037681	CEBPG	CEBPG
-175	41	47.88608455632785	CEBPG	CEBPG
-174	53	47.882227601200775	CEBPG	CEBPG
-173	49	47.76141514365024	CEBPG	CEBPG
-172	50	47.46415060094574	CEBPG	CEBPG
-171	43	47.65931119505863	CEBPG	CEBPG
-170	57	47.75252778764918	CEBPG	CEBPG
-169	67	47.60059373876143	CEBPG	CEBPG
-168	51	47.59365243611035	CEBPG	CEBPG
-167	59	47.82987405050404	CEBPG	CEBPG
-166	48	47.771222165093505	CEBPG	CEBPG
-165	53	47.65524461775377	CEBPG	CEBPG
-164	42	47.53571700389573	CEBPG	CEBPG
-163	39	47.41411113884831	CEBPG	CEBPG
-162	40	47.48150776884873	CEBPG	CEBPG
-161	51	47.565683100270824	CEBPG	CEBPG
-160	47	47.72212342786173	CEBPG	CEBPG
-159	47	47.62711095275122	CEBPG	CEBPG
-158	63	47.707094625011074	CEBPG	CEBPG
-157	60	47.6532719872802	CEBPG	CEBPG
-156	52	47.593174831692856	CEBPG	CEBPG
-155	51	47.7242543535198	CEBPG	CEBPG
-154	52	47.87145573442741	CEBPG	CEBPG
-153	47	47.57861564780387	CEBPG	CEBPG
-152	50	47.68932392347277	CEBPG	CEBPG
-151	47	47.78564675512375	CEBPG	CEBPG
-150	35	47.97538191958119	CEBPG	CEBPG
-149	41	47.67728559429656	CEBPG	CEBPG
-148	49	47.681189918241486	CEBPG	CEBPG
-147	45	47.599944305731846	CEBPG	CEBPG
-146	40	47.48089197012787	CEBPG	CEBPG
-145	47	47.52955522350206	CEBPG	CEBPG
-144	51	47.44203036261906	CEBPG	CEBPG
-143	40	47.61022644186195	CEBPG	CEBPG
-142	67	47.858785066084884	CEBPG	CEBPG
-141	48	47.70641512785017	CEBPG	CEBPG
-140	45	47.725232089327825	CEBPG	CEBPG
-139	48	47.66268744104123	CEBPG	CEBPG
-138	44	47.62946233910953	CEBPG	CEBPG
-137	54	47.57920211370563	CEBPG	CEBPG
-136	43	47.56953920485127	CEBPG	CEBPG
-135	55	47.517812471011524	CEBPG	CEBPG
-134	45	47.44934223783329	CEBPG	CEBPG
-133	58	47.412998206143264	CEBPG	CEBPG
-132	60	47.59372975306318	CEBPG	CEBPG
-131	48	47.7830976944958	CEBPG	CEBPG
-130	49	47.75754898862707	CEBPG	CEBPG
-129	51	47.70720234680252	CEBPG	CEBPG
-128	53	47.60573901172028	CEBPG	CEBPG
-127	53	47.40400337248504	CEBPG	CEBPG
-126	44	47.482547303116235	CEBPG	CEBPG
-125	63	47.48477255193615	CEBPG	CEBPG
-124	53	47.60133516694456	CEBPG	CEBPG
-123	57	47.49606716017978	CEBPG	CEBPG
-122	55	47.39604544103272	CEBPG	CEBPG
-121	56	47.30043315737248	CEBPG	CEBPG
-120	37	47.33677013592256	CEBPG	CEBPG
-119	47	47.271674802425736	CEBPG	CEBPG
-118	37	47.202801548284846	CEBPG	CEBPG
-117	48	47.22174591509147	CEBPG	CEBPG
-116	48	47.334137550731555	CEBPG	CEBPG
-115	35	47.45510287328771	CEBPG	CEBPG
-114	55	47.56067087791388	CEBPG	CEBPG
-113	52	47.58322551404103	CEBPG	CEBPG
-112	44	47.535432023017854	CEBPG	CEBPG
-111	43	47.30095633913779	CEBPG	CEBPG
-110	43	47.10334777022299	CEBPG	CEBPG
-109	48	47.1387351131175	CEBPG	CEBPG
-108	51	47.17492037921797	CEBPG	CEBPG
-107	49	47.4750782112764	CEBPG	CEBPG
-106	44	47.54856092110715	CEBPG	CEBPG
-105	44	47.54213550413055	CEBPG	CEBPG
-104	57	47.70892010345134	CEBPG	CEBPG
-103	47	47.65775223958537	CEBPG	CEBPG
-102	59	47.70800962292467	CEBPG	CEBPG
-101	44	47.544274421967046	CEBPG	CEBPG
-100	44	47.60941267670747	CEBPG	CEBPG
-99	44	47.76763127451336	CEBPG	CEBPG
-98	51	47.853146334626835	CEBPG	CEBPG
-97	49	48.13858047148509	CEBPG	CEBPG
-96	53	48.00983941586407	CEBPG	CEBPG
-95	51	47.584707468506664	CEBPG	CEBPG
-94	43	47.77422599586409	CEBPG	CEBPG
-93	44	47.53336176317575	CEBPG	CEBPG
-92	48	47.46631504318211	CEBPG	CEBPG
-91	53	47.685264347140716	CEBPG	CEBPG
-90	46	47.925232456477616	CEBPG	CEBPG
-89	47	47.898777783769646	CEBPG	CEBPG
-88	46	47.913667662901815	CEBPG	CEBPG
-87	49	47.88822297393322	CEBPG	CEBPG
-86	50	47.74494998226148	CEBPG	CEBPG
-85	49	48.008591635796456	CEBPG	CEBPG
-84	52	47.94800610974698	CEBPG	CEBPG
-83	47	47.869022992852905	CEBPG	CEBPG
-82	47	47.87966675668687	CEBPG	CEBPG
-81	52	47.307130911374315	CEBPG	CEBPG
-80	37	47.44864255848377	CEBPG	CEBPG
-79	51	47.86600280344661	CEBPG	CEBPG
-78	37	47.734685459341065	CEBPG	CEBPG
-77	48	47.28829042254994	CEBPG	CEBPG
-76	52	47.10741196990718	CEBPG	CEBPG
-75	54	47.598875504579624	CEBPG	CEBPG
-74	41	47.77369864658531	CEBPG	CEBPG
-73	55	47.788526673565556	CEBPG	CEBPG
-72	42	47.386896542702594	CEBPG	CEBPG
-71	61	47.08453233880243	CEBPG	CEBPG
-70	54	47.159286355614434	CEBPG	CEBPG
-69	51	47.325668096843344	CEBPG	CEBPG
-68	42	47.56103141486027	CEBPG	CEBPG
-67	44	47.30991482791807	CEBPG	CEBPG
-66	52	47.28641550313078	CEBPG	CEBPG
-65	45	47.40974952582013	CEBPG	CEBPG
-64	35	47.55503554884968	CEBPG	CEBPG
-63	46	47.58942653347067	CEBPG	CEBPG
-62	38	47.723477621798146	CEBPG	CEBPG
-61	45	47.50848692818249	CEBPG	CEBPG
-60	40	47.523520807360825	CEBPG	CEBPG
-59	46	47.41659962072631	CEBPG	CEBPG
-58	40	47.31146101396159	CEBPG	CEBPG
-57	56	47.066182293842544	CEBPG	CEBPG
-56	49	47.37508964574797	CEBPG	CEBPG
-55	54	47.32663693345728	CEBPG	CEBPG
-54	50	47.22728520881152	CEBPG	CEBPG
-53	54	47.31484377187423	CEBPG	CEBPG
-52	50	47.36434187345831	CEBPG	CEBPG
-51	53	47.23185681468229	CEBPG	CEBPG
-50	51	47.30284441827857	CEBPG	CEBPG
-49	57	47.364806111028344	CEBPG	CEBPG
-48	52	47.10191594077982	CEBPG	CEBPG
-47	45	47.107302719717204	CEBPG	CEBPG
-46	46	46.59848548649677	CEBPG	CEBPG
-45	43	46.79979393358905	CEBPG	CEBPG
-44	55	47.17734816496951	CEBPG	CEBPG
-43	60	47.76047092270406	CEBPG	CEBPG
-42	55	47.918247305074175	CEBPG	CEBPG
-41	57	47.69777240965976	CEBPG	CEBPG
-40	38	47.50142579354527	CEBPG	CEBPG
-39	40	47.42789775897455	CEBPG	CEBPG
-38	56	47.62511682762927	CEBPG	CEBPG
-37	47	47.466024197757235	CEBPG	CEBPG
-36	46	47.14414955892613	CEBPG	CEBPG
-35	44	47.23427837574776	CEBPG	CEBPG
-34	50	47.2093445416189	CEBPG	CEBPG
-33	38	47.80814159585268	CEBPG	CEBPG
-32	48	47.36795910105153	CEBPG	CEBPG
-31	48	47.49509181126394	CEBPG	CEBPG
-30	38	48.208916845789524	CEBPG	CEBPG
-29	39	47.4327595394119	CEBPG	CEBPG
-28	30	47.35342688610254	CEBPG	CEBPG
-27	47	47.64753402025023	CEBPG	CEBPG
-26	56	47.79723197669026	CEBPG	CEBPG
-25	49	47.847679239478175	CEBPG	CEBPG
-24	40	47.68790625613344	CEBPG	CEBPG
-23	58	47.644547355649934	CEBPG	CEBPG
-22	40	47.7784058581523	CEBPG	CEBPG
-21	49	47.65411149097967	CEBPG	CEBPG
-20	51	47.42930211174375	CEBPG	CEBPG
-19	41	47.2159306031596	CEBPG	CEBPG
-18	53	47.25831775661505	CEBPG	CEBPG
-17	47	47.81552577513771	CEBPG	CEBPG
-16	51	47.63674758027828	CEBPG	CEBPG
-15	50	47.65009510735312	CEBPG	CEBPG
-14	50	47.37974852952431	CEBPG	CEBPG
-13	52	47.559059038848574	CEBPG	CEBPG
-12	45	47.44925271970811	CEBPG	CEBPG
-11	51	47.400927322497594	CEBPG	CEBPG
-10	45	47.517485831599586	CEBPG	CEBPG
-9	52	47.85002136085803	CEBPG	CEBPG
-8	49	48.1368493455762	CEBPG	CEBPG
-7	58	47.46404593824653	CEBPG	CEBPG
-6	49	48.227463583873735	CEBPG	CEBPG
-5	55	50.089476917228644	CEBPG	CEBPG
-4	57	41.87539960765386	CEBPG	CEBPG
-3	43	39.27556605253918	CEBPG	CEBPG
-2	54	51.26649762841882	CEBPG	CEBPG
-1	76	55.250617929856574	CEBPG	CEBPG
0	75	55.10222801508339	CEBPG	CEBPG
1	40	51.42173584039882	CEBPG	CEBPG
2	39	39.55778057474519	CEBPG	CEBPG
3	35	42.04040754343518	CEBPG	CEBPG
4	37	50.008513088815754	CEBPG	CEBPG
5	51	48.07084621479891	CEBPG	CEBPG
6	55	47.482008077161865	CEBPG	CEBPG
7	44	48.30510066065549	CEBPG	CEBPG
8	37	47.744960961591545	CEBPG	CEBPG
9	46	47.302525047418605	CEBPG	CEBPG
10	47	47.30371018838438	CEBPG	CEBPG
11	47	47.29927919368797	CEBPG	CEBPG
12	47	47.693586788234526	CEBPG	CEBPG
13	36	47.50949377715602	CEBPG	CEBPG
14	55	47.440189675505124	CEBPG	CEBPG
15	61	47.478257711445174	CEBPG	CEBPG
16	50	47.81540800321099	CEBPG	CEBPG
17	47	47.281229302737216	CEBPG	CEBPG
18	49	47.1772253741593	CEBPG	CEBPG
19	55	47.3956215022992	CEBPG	CEBPG
20	36	47.547565354535216	CEBPG	CEBPG
21	40	47.70016300681965	CEBPG	CEBPG
22	39	47.46349096659344	CEBPG	CEBPG
23	46	47.4182000010638	CEBPG	CEBPG
24	56	47.87234002494538	CEBPG	CEBPG
25	53	47.785599769687785	CEBPG	CEBPG
26	44	47.493143492285434	CEBPG	CEBPG
27	41	47.31477058036202	CEBPG	CEBPG
28	40	47.21148410421235	CEBPG	CEBPG
29	37	48.1365512447208	CEBPG	CEBPG
30	51	47.91890368007804	CEBPG	CEBPG
31	46	47.661588442381294	CEBPG	CEBPG
32	52	47.7211552611392	CEBPG	CEBPG
33	40	47.27092750030066	CEBPG	CEBPG
34	39	47.407626495109895	CEBPG	CEBPG
35	52	47.17023210768282	CEBPG	CEBPG
36	49	47.483583137708905	CEBPG	CEBPG
37	32	47.76349137892655	CEBPG	CEBPG
38	49	47.41925799840267	CEBPG	CEBPG
39	46	47.57013686824785	CEBPG	CEBPG
40	40	47.471512538389	CEBPG	CEBPG
41	59	47.64009773408992	CEBPG	CEBPG
42	66	47.77934975717677	CEBPG	CEBPG
43	41	47.03325043217545	CEBPG	CEBPG
44	40	46.892812418856536	CEBPG	CEBPG
45	48	46.61951118124055	CEBPG	CEBPG
46	51	47.23204177143935	CEBPG	CEBPG
47	55	47.042535261090826	CEBPG	CEBPG
48	59	47.376406585548	CEBPG	CEBPG
49	49	47.47827185006854	CEBPG	CEBPG
50	47	47.273763705319176	CEBPG	CEBPG
51	61	47.303129519044134	CEBPG	CEBPG
52	42	47.55504643212449	CEBPG	CEBPG
53	44	47.39824754640792	CEBPG	CEBPG
54	48	47.35674699302722	CEBPG	CEBPG
55	52	47.50789320267898	CEBPG	CEBPG
56	55	47.161169569435515	CEBPG	CEBPG
57	56	47.37563532932002	CEBPG	CEBPG
58	42	47.71468896233407	CEBPG	CEBPG
59	51	47.726935669256726	CEBPG	CEBPG
60	41	47.290682322735144	CEBPG	CEBPG
61	47	47.65619468687712	CEBPG	CEBPG
62	52	47.82404500261771	CEBPG	CEBPG
63	45	47.8464121020748	CEBPG	CEBPG
64	43	47.46243940058722	CEBPG	CEBPG
65	57	47.12713004622556	CEBPG	CEBPG
66	33	47.09563812268598	CEBPG	CEBPG
67	48	47.551453969033545	CEBPG	CEBPG
68	52	47.67923840142641	CEBPG	CEBPG
69	52	47.3251476095926	CEBPG	CEBPG
70	46	47.30785159201103	CEBPG	CEBPG
71	49	47.39907867320772	CEBPG	CEBPG
72	45	47.963515113334545	CEBPG	CEBPG
73	35	47.87670109190478	CEBPG	CEBPG
74	52	47.747512384466745	CEBPG	CEBPG
75	43	47.13708148917183	CEBPG	CEBPG
76	50	47.19468472900714	CEBPG	CEBPG
77	59	47.35075325021548	CEBPG	CEBPG
78	34	47.67426670272869	CEBPG	CEBPG
79	54	47.5344537676369	CEBPG	CEBPG
80	33	47.52457909795809	CEBPG	CEBPG
81	52	47.82655978228284	CEBPG	CEBPG
82	46	47.913156302148664	CEBPG	CEBPG
83	47	48.22512312998985	CEBPG	CEBPG
84	55	48.08170668686793	CEBPG	CEBPG
85	44	47.875393513753394	CEBPG	CEBPG
86	55	47.87259239817042	CEBPG	CEBPG
87	50	47.99455074143793	CEBPG	CEBPG
88	46	47.99968409751784	CEBPG	CEBPG
89	50	47.70564887496029	CEBPG	CEBPG
90	50	47.61690653003522	CEBPG	CEBPG
91	44	47.467350264388166	CEBPG	CEBPG
92	48	47.64732281509922	CEBPG	CEBPG
93	48	48.02957640211239	CEBPG	CEBPG
94	46	47.750423933626735	CEBPG	CEBPG
95	50	48.1864027321953	CEBPG	CEBPG
96	52	48.05750825537986	CEBPG	CEBPG
97	48	47.65590617626424	CEBPG	CEBPG
98	57	47.71395317617622	CEBPG	CEBPG
99	39	47.75661209213176	CEBPG	CEBPG
100	47	47.84377240588472	CEBPG	CEBPG
101	46	47.784957451407806	CEBPG	CEBPG
102	42	47.64146066077265	CEBPG	CEBPG
103	48	47.65741419173531	CEBPG	CEBPG
104	39	47.42766298841442	CEBPG	CEBPG
105	50	47.42527439913983	CEBPG	CEBPG
106	61	47.33262577571612	CEBPG	CEBPG
107	40	47.143300927512314	CEBPG	CEBPG
108	62	47.16175006703471	CEBPG	CEBPG
109	44	47.11542171613604	CEBPG	CEBPG
110	46	47.222660874737386	CEBPG	CEBPG
111	42	47.48098379150828	CEBPG	CEBPG
112	39	47.50168792118441	CEBPG	CEBPG
113	45	47.594233726855094	CEBPG	CEBPG
114	46	47.425577634014545	CEBPG	CEBPG
115	38	47.26373762768565	CEBPG	CEBPG
116	54	47.14999732211172	CEBPG	CEBPG
117	50	47.09887960446959	CEBPG	CEBPG
118	38	47.29653177062114	CEBPG	CEBPG
119	40	47.390875885723254	CEBPG	CEBPG
120	53	47.38810463942759	CEBPG	CEBPG
121	49	47.45476107295924	CEBPG	CEBPG
122	56	47.48033346651004	CEBPG	CEBPG
123	52	47.595690264985514	CEBPG	CEBPG
124	44	47.54404295180282	CEBPG	CEBPG
125	37	47.6413499703237	CEBPG	CEBPG
126	54	47.64758482279186	CEBPG	CEBPG
127	48	47.82707998560854	CEBPG	CEBPG
128	43	47.97762130573361	CEBPG	CEBPG
129	49	47.803845648323886	CEBPG	CEBPG
130	46	47.67941685622896	CEBPG	CEBPG
131	49	47.54817495716541	CEBPG	CEBPG
132	51	47.31964458199341	CEBPG	CEBPG
133	38	47.26486824589604	CEBPG	CEBPG
134	50	47.46337711190539	CEBPG	CEBPG
135	43	47.50462585442507	CEBPG	CEBPG
136	44	47.539438755760415	CEBPG	CEBPG
137	57	47.707882416393744	CEBPG	CEBPG
138	42	47.9866011729802	CEBPG	CEBPG
139	52	47.793331190566136	CEBPG	CEBPG
140	35	47.65582923283398	CEBPG	CEBPG
141	47	47.62909813324408	CEBPG	CEBPG
142	44	47.53923607362745	CEBPG	CEBPG
143	41	47.53850495933157	CEBPG	CEBPG
144	52	47.68589811229086	CEBPG	CEBPG
145	38	47.645329313591304	CEBPG	CEBPG
146	41	47.7232123885814	CEBPG	CEBPG
147	44	47.87953488273798	CEBPG	CEBPG
148	46	47.82970074490532	CEBPG	CEBPG
149	34	47.826375716664444	CEBPG	CEBPG
150	47	47.96526767421942	CEBPG	CEBPG
151	53	47.769320559766875	CEBPG	CEBPG
152	36	47.62182254065539	CEBPG	CEBPG
153	36	47.783587949047984	CEBPG	CEBPG
154	44	47.95791106257541	CEBPG	CEBPG
155	43	47.683804676964286	CEBPG	CEBPG
156	47	47.64889417757977	CEBPG	CEBPG
157	48	47.7583091002904	CEBPG	CEBPG
158	47	47.805076357775896	CEBPG	CEBPG
159	46	47.859879061325664	CEBPG	CEBPG
160	45	47.80532243215995	CEBPG	CEBPG
161	55	47.47810463745239	CEBPG	CEBPG
162	45	47.55290020771372	CEBPG	CEBPG
163	46	47.53291649811818	CEBPG	CEBPG
164	55	47.55780614762394	CEBPG	CEBPG
165	49	47.72279769579211	CEBPG	CEBPG
166	50	47.59228261177914	CEBPG	CEBPG
167	41	47.600982900272406	CEBPG	CEBPG
168	40	47.652249650018746	CEBPG	CEBPG
169	50	47.701929242467195	CEBPG	CEBPG
170	45	47.74542366599866	CEBPG	CEBPG
171	49	47.72614608948283	CEBPG	CEBPG
172	51	47.891645614975104	CEBPG	CEBPG
173	40	47.757067968087455	CEBPG	CEBPG
174	40	47.68936485335803	CEBPG	CEBPG
175	44	47.63128972411246	CEBPG	CEBPG
176	47	47.58660985887565	CEBPG	CEBPG
177	41	47.45007279300408	CEBPG	CEBPG
178	47	47.63428668183459	CEBPG	CEBPG
179	54	47.7388782507439	CEBPG	CEBPG
180	34	47.685996076638204	CEBPG	CEBPG
181	54	47.62415709485067	CEBPG	CEBPG
182	40	47.588207762869104	CEBPG	CEBPG
183	33	47.57440507328883	CEBPG	CEBPG
184	51	47.74746036445906	CEBPG	CEBPG
185	52	47.64850720037339	CEBPG	CEBPG
186	39	47.68295986658282	CEBPG	CEBPG
187	35	47.69713830744644	CEBPG	CEBPG
188	39	47.672044867619235	CEBPG	CEBPG
189	49	47.67905532591015	CEBPG	CEBPG
190	50	47.81887143026495	CEBPG	CEBPG
191	38	47.956256703571334	CEBPG	CEBPG
192	64	47.82751419590136	CEBPG	CEBPG
193	43	47.69766661297785	CEBPG	CEBPG
194	56	47.4886282775179	CEBPG	CEBPG
195	41	47.648160762187366	CEBPG	CEBPG
196	49	47.77523176131907	CEBPG	CEBPG
197	54	47.623151601868535	CEBPG	CEBPG
198	44	47.6124951231672	CEBPG	CEBPG
199	48	47.67224161794215	CEBPG	CEBPG
200	37	47.605995967084404	CEBPG	CEBPG
201	49	47.40875338410239	CEBPG	CEBPG
202	53	47.45917242339992	CEBPG	CEBPG
203	44	47.57323841951359	CEBPG	CEBPG
204	43	47.6052559681477	CEBPG	CEBPG
205	44	47.599664692591354	CEBPG	CEBPG
206	65	47.60670183667796	CEBPG	CEBPG
207	50	47.77746942285731	CEBPG	CEBPG
208	44	47.8007391687371	CEBPG	CEBPG
209	43	47.65968839459907	CEBPG	CEBPG
210	56	47.73605468963762	CEBPG	CEBPG
211	39	47.54416143867535	CEBPG	CEBPG
212	48	47.613343829261225	CEBPG	CEBPG
213	60	47.64600909719117	CEBPG	CEBPG
214	53	47.6402389149792	CEBPG	CEBPG
215	37	47.68842429943554	CEBPG	CEBPG
216	55	47.81946865874399	CEBPG	CEBPG
217	44	47.940018238576094	CEBPG	CEBPG
218	42	47.950781212555704	CEBPG	CEBPG
219	57	47.72197011428243	CEBPG	CEBPG
220	44	47.76706329159845	CEBPG	CEBPG
221	48	47.69911080298661	CEBPG	CEBPG
222	48	47.69705254386484	CEBPG	CEBPG
223	49	47.78003556200542	CEBPG	CEBPG
224	42	47.893220275431496	CEBPG	CEBPG
225	57	47.71856207082225	CEBPG	CEBPG
226	46	47.7263700968664	CEBPG	CEBPG
227	56	47.97494480825845	CEBPG	CEBPG
228	55	47.99935339327635	CEBPG	CEBPG
229	47	47.990451393148696	CEBPG	CEBPG
230	40	48.02604164811614	CEBPG	CEBPG
231	33	47.94238388559779	CEBPG	CEBPG
232	61	47.87049031347033	CEBPG	CEBPG
233	67	47.617303794735435	CEBPG	CEBPG
234	45	47.7810999637784	CEBPG	CEBPG
235	46	47.80861079568354	CEBPG	CEBPG
236	51	47.94466278303785	CEBPG	CEBPG
237	45	47.94742004088834	CEBPG	CEBPG
238	50	47.63916704819332	CEBPG	CEBPG
239	50	47.68198050643308	CEBPG	CEBPG
240	45	47.661358745303275	CEBPG	CEBPG
241	48	47.56716275110274	CEBPG	CEBPG
242	58	47.74551841840068	CEBPG	CEBPG
243	46	47.70125535008218	CEBPG	CEBPG
244	46	47.69768921563438	CEBPG	CEBPG
245	40	47.90617194100946	CEBPG	CEBPG
246	44	47.81762568009344	CEBPG	CEBPG
247	39	47.68183492624803	CEBPG	CEBPG
248	56	47.490450306613326	CEBPG	CEBPG
249	36	47.564896909469006	CEBPG	CEBPG
250	40	47.50386323296863	CEBPG	CEBPG
251	36	47.517990795765805	CEBPG	CEBPG
252	47	47.648130996167815	CEBPG	CEBPG
253	56	47.65909988670132	CEBPG	CEBPG
254	43	47.61624617130527	CEBPG	CEBPG
255	60	47.61741982608063	CEBPG	CEBPG
256	50	47.7494593824281	CEBPG	CEBPG
257	57	47.74038563774144	CEBPG	CEBPG
258	57	47.75690040872108	CEBPG	CEBPG
259	54	47.67081526625036	CEBPG	CEBPG
260	52	47.66836423048387	CEBPG	CEBPG
261	51	47.85287679172812	CEBPG	CEBPG
262	55	47.69766170260578	CEBPG	CEBPG
263	51	47.65059888946291	CEBPG	CEBPG
264	48	47.653138925144326	CEBPG	CEBPG
265	41	47.658691109411095	CEBPG	CEBPG
266	49	47.72132529716834	CEBPG	CEBPG
267	57	47.64447942268303	CEBPG	CEBPG
268	35	47.85322392120352	CEBPG	CEBPG
269	52	47.71834291985134	CEBPG	CEBPG
270	40	47.64004093725723	CEBPG	CEBPG
271	38	47.7669863553589	CEBPG	CEBPG
272	53	47.92029489842939	CEBPG	CEBPG
273	55	47.651079574532766	CEBPG	CEBPG
274	47	47.61611750053633	CEBPG	CEBPG
275	47	47.626586697215686	CEBPG	CEBPG
276	41	47.762609420770815	CEBPG	CEBPG
277	47	47.51327196822637	CEBPG	CEBPG
278	59	47.43915973792073	CEBPG	CEBPG
279	52	47.75245376238859	CEBPG	CEBPG
280	49	47.76070669644111	CEBPG	CEBPG
281	42	47.711595727564145	CEBPG	CEBPG
282	49	47.623947566908	CEBPG	CEBPG
283	34	47.648297937737695	CEBPG	CEBPG
284	40	47.62726145273241	CEBPG	CEBPG
285	45	47.56231166032179	CEBPG	CEBPG
286	45	47.67017418414681	CEBPG	CEBPG
287	52	47.55291427263206	CEBPG	CEBPG
288	51	47.59955087890316	CEBPG	CEBPG
289	55	47.65587289004095	CEBPG	CEBPG
290	49	47.87066232810946	CEBPG	CEBPG
291	53	47.90498514205671	CEBPG	CEBPG
292	41	47.84476017858528	CEBPG	CEBPG
293	56	47.70703506386552	CEBPG	CEBPG
294	64	47.680664204002966	CEBPG	CEBPG
295	44	47.69905484668616	CEBPG	CEBPG
296	65	47.706187915608034	CEBPG	CEBPG
297	53	47.77806112904977	CEBPG	CEBPG
298	36	47.645463560136676	CEBPG	CEBPG
299	67	47.652702923686235	CEBPG	CEBPG
300	51	47.64166113861683	CEBPG	CEBPG
301	48	47.67643118944343	CEBPG	CEBPG
302	45	47.56013198051483	CEBPG	CEBPG
303	48	47.697931072976026	CEBPG	CEBPG
304	51	47.655276877658785	CEBPG	CEBPG
305	40	47.785182111681024	CEBPG	CEBPG
306	49	47.55597480775763	CEBPG	CEBPG
307	34	47.571980890880724	CEBPG	CEBPG
308	39	47.67854859811581	CEBPG	CEBPG
309	39	47.78380968764549	CEBPG	CEBPG
310	55	47.84838066892941	CEBPG	CEBPG
311	43	47.77536841715338	CEBPG	CEBPG
312	43	47.755963484176306	CEBPG	CEBPG
313	51	47.7317876026274	CEBPG	CEBPG
314	69	47.66878627216276	CEBPG	CEBPG
315	40	47.86520687843807	CEBPG	CEBPG
316	52	47.79639098710021	CEBPG	CEBPG
317	54	47.84512124120661	CEBPG	CEBPG
318	60	47.61827704988873	CEBPG	CEBPG
319	40	47.59763771078725	CEBPG	CEBPG
320	52	47.66047334246106	CEBPG	CEBPG
321	44	47.66965603617528	CEBPG	CEBPG
322	54	47.852233817639416	CEBPG	CEBPG
323	35	47.6774667976022	CEBPG	CEBPG
324	42	47.583193654499176	CEBPG	CEBPG
325	53	47.68422540881015	CEBPG	CEBPG
326	46	47.85080422675673	CEBPG	CEBPG
327	55	47.7398146479177	CEBPG	CEBPG
328	51	47.59646778732154	CEBPG	CEBPG
329	51	47.58800968379542	CEBPG	CEBPG
330	48	47.673058716294136	CEBPG	CEBPG
331	49	47.70867491520965	CEBPG	CEBPG
332	50	47.639634777825485	CEBPG	CEBPG
333	54	47.568424132533835	CEBPG	CEBPG
334	41	47.627362425009366	CEBPG	CEBPG
335	48	47.76608024737075	CEBPG	CEBPG
336	43	47.796836240373466	CEBPG	CEBPG
337	42	47.813666453576154	CEBPG	CEBPG
338	39	47.74236992054245	CEBPG	CEBPG
339	57	47.549255554336874	CEBPG	CEBPG
340	54	47.580809242955844	CEBPG	CEBPG
341	51	47.825886019931566	CEBPG	CEBPG
342	51	47.842747909641204	CEBPG	CEBPG
343	51	47.76553881413588	CEBPG	CEBPG
344	48	47.64640887687739	CEBPG	CEBPG
345	40	47.749477380835735	CEBPG	CEBPG
346	37	47.774124736535924	CEBPG	CEBPG
347	42	47.82852258341359	CEBPG	CEBPG
348	62	47.77888720557517	CEBPG	CEBPG
349	46	47.45789337424498	CEBPG	CEBPG
350	42	47.5109995131274	CEBPG	CEBPG
351	43	47.71466708056262	CEBPG	CEBPG
352	52	47.95881549082678	CEBPG	CEBPG
353	57	47.795535927255116	CEBPG	CEBPG
354	44	47.66014825523737	CEBPG	CEBPG
355	49	47.668908332935736	CEBPG	CEBPG
356	58	47.70944924179746	CEBPG	CEBPG
357	43	47.742239045699385	CEBPG	CEBPG
358	37	47.63644065463096	CEBPG	CEBPG
359	48	47.49512568702453	CEBPG	CEBPG
360	43	47.6022483856866	CEBPG	CEBPG
361	47	47.696440260220804	CEBPG	CEBPG
362	46	47.7086424713023	CEBPG	CEBPG
363	47	47.724238238913244	CEBPG	CEBPG
364	42	47.63496084305704	CEBPG	CEBPG
365	53	47.62152954571733	CEBPG	CEBPG
366	43	47.73020758014052	CEBPG	CEBPG
367	54	47.90409543869509	CEBPG	CEBPG
368	61	47.78997171254831	CEBPG	CEBPG
369	48	47.676635614703024	CEBPG	CEBPG
370	36	47.6998132963347	CEBPG	CEBPG
371	41	47.635634036680194	CEBPG	CEBPG
372	52	47.65581367416938	CEBPG	CEBPG
373	41	47.726909824438586	CEBPG	CEBPG
374	46	47.820655381442926	CEBPG	CEBPG
375	49	47.73410827945429	CEBPG	CEBPG
376	57	47.490733153620035	CEBPG	CEBPG
377	48	47.74974620923275	CEBPG	CEBPG
378	44	47.8267237168825	CEBPG	CEBPG
379	50	47.74308980376629	CEBPG	CEBPG
380	53	47.8208866155368	CEBPG	CEBPG
381	46	47.696220492374735	CEBPG	CEBPG
382	41	47.56358101602556	CEBPG	CEBPG
383	58	47.64569523225773	CEBPG	CEBPG
384	48	47.75274632197953	CEBPG	CEBPG
385	47	47.76943956549343	CEBPG	CEBPG
386	45	47.79613086308427	CEBPG	CEBPG
387	41	47.65735540566839	CEBPG	CEBPG
388	35	47.68578300216134	CEBPG	CEBPG
389	40	47.70831291792606	CEBPG	CEBPG
390	49	47.613426991016446	CEBPG	CEBPG
391	40	47.606602589760655	CEBPG	CEBPG
392	49	47.65130107476644	CEBPG	CEBPG
393	53	47.74191148122127	CEBPG	CEBPG
394	37	47.786951558201025	CEBPG	CEBPG
395	45	47.55606170911722	CEBPG	CEBPG
396	48	47.66708823310325	CEBPG	CEBPG
397	56	47.692648283934126	CEBPG	CEBPG
398	56	47.51186694867588	CEBPG	CEBPG
399	41	47.7138606816933	CEBPG	CEBPG
400	45	47.605823114854964	CEBPG	CEBPG
401	51	47.73930339811036	CEBPG	CEBPG
402	48	47.67860151377842	CEBPG	CEBPG
403	46	47.567428747537704	CEBPG	CEBPG
404	55	47.50934777369961	CEBPG	CEBPG
405	50	47.920738662968525	CEBPG	CEBPG
406	44	47.86747246737556	CEBPG	CEBPG
407	60	47.71143611138249	CEBPG	CEBPG
408	59	47.73795695534147	CEBPG	CEBPG
409	49	47.71626862430283	CEBPG	CEBPG
410	46	47.74383689701076	CEBPG	CEBPG
411	54	47.50617333801633	CEBPG	CEBPG
412	50	47.630513264348046	CEBPG	CEBPG
413	42	47.7286763562537	CEBPG	CEBPG
414	46	47.717806510127375	CEBPG	CEBPG
415	38	47.77175985960684	CEBPG	CEBPG
416	52	47.73114252103981	CEBPG	CEBPG
417	37	47.669000796678034	CEBPG	CEBPG
418	58	47.87608430904166	CEBPG	CEBPG
419	58	47.72267444251191	CEBPG	CEBPG
420	65	47.68136523410289	CEBPG	CEBPG
421	26	47.68849726482754	CEBPG	CEBPG
422	37	47.91886278342063	CEBPG	CEBPG
423	39	47.691091568460514	CEBPG	CEBPG
424	46	47.736784292695944	CEBPG	CEBPG
425	43	47.75955656100005	CEBPG	CEBPG
426	63	47.706967723654344	CEBPG	CEBPG
427	36	47.640979641614145	CEBPG	CEBPG
428	52	47.706547708011094	CEBPG	CEBPG
429	45	47.64289221588681	CEBPG	CEBPG
430	40	47.84710284099119	CEBPG	CEBPG
431	37	47.79311063178947	CEBPG	CEBPG
432	40	47.72553666106957	CEBPG	CEBPG
433	51	47.84272374084218	CEBPG	CEBPG
434	40	47.77043096829755	CEBPG	CEBPG
435	46	47.609309320964655	CEBPG	CEBPG
436	47	47.7812406651468	CEBPG	CEBPG
437	43	47.79113100818726	CEBPG	CEBPG
438	49	47.8423767687433	CEBPG	CEBPG
439	35	47.78988649556141	CEBPG	CEBPG
440	42	47.778541711296185	CEBPG	CEBPG
441	51	47.7061402822778	CEBPG	CEBPG
442	40	47.582276904673016	CEBPG	CEBPG
443	53	47.821102671053545	CEBPG	CEBPG
444	53	47.78167213387893	CEBPG	CEBPG
445	51	47.56812428379637	CEBPG	CEBPG
446	43	47.548104615206306	CEBPG	CEBPG
447	45	47.77868543644454	CEBPG	CEBPG
448	39	47.89132908852428	CEBPG	CEBPG
449	56	47.70686653566303	CEBPG	CEBPG
450	38	47.77578640396617	CEBPG	CEBPG
451	57	47.66978977331642	CEBPG	CEBPG
452	56	47.58430278267352	CEBPG	CEBPG
453	48	47.733617780501326	CEBPG	CEBPG
454	52	47.56450478017492	CEBPG	CEBPG
455	43	47.621512345314684	CEBPG	CEBPG
456	54	47.53446321945556	CEBPG	CEBPG
457	44	47.50455989472736	CEBPG	CEBPG
458	64	47.47404956431156	CEBPG	CEBPG
459	49	47.584828323489546	CEBPG	CEBPG
460	58	47.55542520960895	CEBPG	CEBPG
461	57	47.5354244979505	CEBPG	CEBPG
462	48	47.73194479103971	CEBPG	CEBPG
463	38	47.730098439205975	CEBPG	CEBPG
464	54	47.756126498348785	CEBPG	CEBPG
465	56	47.82797507959428	CEBPG	CEBPG
466	55	47.66909342045988	CEBPG	CEBPG
467	39	47.72047675410384	CEBPG	CEBPG
468	58	47.73708741007377	CEBPG	CEBPG
469	42	47.64622851781172	CEBPG	CEBPG
470	45	47.61430928913011	CEBPG	CEBPG
471	53	47.80142409746708	CEBPG	CEBPG
472	37	47.6420588416507	CEBPG	CEBPG
473	44	47.6261410549735	CEBPG	CEBPG
474	42	47.69429335127949	CEBPG	CEBPG
475	33	47.566514822820885	CEBPG	CEBPG
476	47	47.832998778811174	CEBPG	CEBPG
477	57	47.75043334923143	CEBPG	CEBPG
478	55	47.662482341274725	CEBPG	CEBPG
479	60	47.7545530520024	CEBPG	CEBPG
480	48	47.636204479737984	CEBPG	CEBPG
481	34	47.79762680697749	CEBPG	CEBPG
482	43	47.79676351866292	CEBPG	CEBPG
483	48	47.65433338649199	CEBPG	CEBPG
484	50	47.66064662771006	CEBPG	CEBPG
485	51	47.6219041096959	CEBPG	CEBPG
486	35	47.663810233289716	CEBPG	CEBPG
487	44	47.694531627736865	CEBPG	CEBPG
488	49	47.66418599836386	CEBPG	CEBPG
489	52	47.6260986606424	CEBPG	CEBPG
490	50	47.776191352807174	CEBPG	CEBPG
491	50	47.82699453126033	CEBPG	CEBPG
492	50	47.779641044003434	CEBPG	CEBPG
493	52	47.7028947503339	CEBPG	CEBPG
494	44	47.565339000841156	CEBPG	CEBPG
495	48	47.75388855587407	CEBPG	CEBPG
496	42	47.73345882955946	CEBPG	CEBPG
497	49	47.7604465342553	CEBPG	CEBPG
498	47	47.58880789704658	CEBPG	CEBPG
499	58	47.71497823632211	CEBPG	CEBPG
500	38	47.70752667252456	CEBPG	CEBPG
501	54	47.70016349497364	CEBPG	CEBPG
502	42	47.66768618566954	CEBPG	CEBPG
503	40	47.72549137230156	CEBPG	CEBPG
504	54	47.700173345297834	CEBPG	CEBPG
505	45	47.793118165181504	CEBPG	CEBPG
506	42	47.78727375123989	CEBPG	CEBPG
507	48	47.70292588737428	CEBPG	CEBPG
508	36	47.73847805450603	CEBPG	CEBPG
509	54	47.66174807474154	CEBPG	CEBPG
510	61	47.695150390562226	CEBPG	CEBPG
511	57	47.90158514471236	CEBPG	CEBPG
512	53	47.8294384437547	CEBPG	CEBPG
513	49	47.77070362348912	CEBPG	CEBPG
514	40	47.74503179268743	CEBPG	CEBPG
515	53	47.605334838330876	CEBPG	CEBPG
516	37	47.729918083529334	CEBPG	CEBPG
517	34	47.75256523143522	CEBPG	CEBPG
518	43	47.7528286471526	CEBPG	CEBPG
519	58	47.759654018860644	CEBPG	CEBPG
520	39	47.535599380004214	CEBPG	CEBPG
521	52	47.69395100289	CEBPG	CEBPG
522	48	47.779555063093525	CEBPG	CEBPG
523	49	47.70763559453584	CEBPG	CEBPG
524	55	47.75146971237928	CEBPG	CEBPG
525	57	47.97995251762383	CEBPG	CEBPG
526	41	47.87303197209545	CEBPG	CEBPG
527	42	47.78208649878759	CEBPG	CEBPG
528	51	47.846663336292536	CEBPG	CEBPG
529	57	47.734012705311166	CEBPG	CEBPG
530	47	47.76950822444998	CEBPG	CEBPG
531	39	47.82958972609754	CEBPG	CEBPG
532	41	47.73575817862903	CEBPG	CEBPG
533	52	47.678316673556914	CEBPG	CEBPG
534	49	47.667497149865476	CEBPG	CEBPG
535	44	47.86279273381704	CEBPG	CEBPG
536	44	47.86483524096513	CEBPG	CEBPG
537	58	47.80876275160511	CEBPG	CEBPG
538	46	47.71707133969044	CEBPG	CEBPG
539	57	47.59313169350729	CEBPG	CEBPG
540	37	47.65626558075261	CEBPG	CEBPG
541	49	47.74598516856796	CEBPG	CEBPG
542	44	47.911544354461576	CEBPG	CEBPG
543	51	47.78761836640852	CEBPG	CEBPG
544	58	47.83891320143741	CEBPG	CEBPG
545	51	47.72209268653674	CEBPG	CEBPG
546	40	47.627070275749396	CEBPG	CEBPG
547	59	47.63911844944559	CEBPG	CEBPG
548	60	47.603977634486526	CEBPG	CEBPG
549	47	47.77411059807237	CEBPG	CEBPG
550	44	47.78196826681182	CEBPG	CEBPG
551	50	47.717749432597614	CEBPG	CEBPG
552	54	47.796993775455256	CEBPG	CEBPG
553	43	47.890251817621404	CEBPG	CEBPG
554	57	47.75032560964847	CEBPG	CEBPG
555	45	47.785951947496926	CEBPG	CEBPG
556	44	47.8290578901804	CEBPG	CEBPG
557	40	47.75644703886688	CEBPG	CEBPG
558	47	47.781066703462535	CEBPG	CEBPG
559	35	47.62504607328056	CEBPG	CEBPG
560	46	47.57481872378411	CEBPG	CEBPG
561	52	47.625695936931976	CEBPG	CEBPG
562	44	47.561972740902604	CEBPG	CEBPG
563	52	47.68837623295668	CEBPG	CEBPG
564	43	47.74071289059621	CEBPG	CEBPG
565	45	47.743629894675195	CEBPG	CEBPG
566	47	47.759793039418376	CEBPG	CEBPG
567	51	47.71661008937552	CEBPG	CEBPG
568	53	47.71742312652491	CEBPG	CEBPG
569	62	47.74192340704373	CEBPG	CEBPG
570	51	47.63297500997149	CEBPG	CEBPG
571	41	47.777509564197295	CEBPG	CEBPG
572	58	47.62507101950966	CEBPG	CEBPG
573	38	47.628295841190145	CEBPG	CEBPG
574	48	47.714309720936825	CEBPG	CEBPG
575	51	47.67285906484006	CEBPG	CEBPG
576	50	47.756193612801205	CEBPG	CEBPG
577	49	47.67042685453256	CEBPG	CEBPG
578	46	47.58791636735798	CEBPG	CEBPG
579	50	47.69003774838228	CEBPG	CEBPG
580	47	47.87731403162361	CEBPG	CEBPG
581	55	47.74803606354163	CEBPG	CEBPG
582	33	47.6218270134247	CEBPG	CEBPG
583	41	47.556104959311554	CEBPG	CEBPG
584	41	47.73314445620613	CEBPG	CEBPG
585	60	47.69268772348358	CEBPG	CEBPG
586	48	47.65381160970796	CEBPG	CEBPG
587	52	47.52703729365441	CEBPG	CEBPG
588	39	47.752662133914626	CEBPG	CEBPG
589	38	47.82023354664441	CEBPG	CEBPG
590	44	47.761343494102405	CEBPG	CEBPG
591	54	47.663762747095014	CEBPG	CEBPG
592	36	47.664341853874774	CEBPG	CEBPG
593	32	47.58771155396368	CEBPG	CEBPG
594	49	47.60940148300517	CEBPG	CEBPG
595	56	47.6244247479371	CEBPG	CEBPG
596	31	47.66178574898113	CEBPG	CEBPG
597	55	47.78779694130758	CEBPG	CEBPG
598	32	47.71514955542779	CEBPG	CEBPG
599	58	47.67441567274847	CEBPG	CEBPG
600	45	47.63245499242087	CEBPG	CEBPG
601	50	47.679721669773286	CEBPG	CEBPG
602	51	47.514422589943784	CEBPG	CEBPG
603	45	47.718112323557285	CEBPG	CEBPG
604	53	47.66658572857208	CEBPG	CEBPG
605	42	47.74418955890017	CEBPG	CEBPG
606	44	47.728617100929156	CEBPG	CEBPG
607	57	47.75610221341532	CEBPG	CEBPG
608	41	48.01725899014654	CEBPG	CEBPG
609	46	48.02778850134811	CEBPG	CEBPG
610	48	47.87505819077688	CEBPG	CEBPG
611	40	47.871219710216096	CEBPG	CEBPG
612	55	47.87628467300317	CEBPG	CEBPG
613	54	47.6714585327583	CEBPG	CEBPG
614	59	47.50703110859248	CEBPG	CEBPG
615	56	47.666220047303064	CEBPG	CEBPG
616	48	47.6756371185122	CEBPG	CEBPG
617	54	47.70961879589424	CEBPG	CEBPG
618	49	47.74680556151651	CEBPG	CEBPG
619	56	47.71286869545996	CEBPG	CEBPG
620	48	47.592109149178526	CEBPG	CEBPG
621	52	47.67941350767659	CEBPG	CEBPG
622	53	47.78106611931907	CEBPG	CEBPG
623	35	47.67672550112677	CEBPG	CEBPG
624	52	47.56672023456604	CEBPG	CEBPG
625	46	47.786007336463484	CEBPG	CEBPG
626	33	47.891822105509966	CEBPG	CEBPG
627	56	47.72447367292255	CEBPG	CEBPG
628	47	47.718833855935685	CEBPG	CEBPG
629	39	47.66649396938942	CEBPG	CEBPG
630	54	47.63986768280667	CEBPG	CEBPG
631	65	47.6267869159422	CEBPG	CEBPG
632	56	47.74434347651637	CEBPG	CEBPG
633	50	47.650222982227	CEBPG	CEBPG
634	49	47.816115266995176	CEBPG	CEBPG
635	43	47.76640615167859	CEBPG	CEBPG
636	57	47.60521854604885	CEBPG	CEBPG
637	60	47.43136231249121	CEBPG	CEBPG
638	64	47.693798615054774	CEBPG	CEBPG
639	44	47.8757114703817	CEBPG	CEBPG
640	39	47.80745328666155	CEBPG	CEBPG
641	71	47.60553509124107	CEBPG	CEBPG
642	47	47.641131201797776	CEBPG	CEBPG
643	48	47.67110079465563	CEBPG	CEBPG
644	55	47.75176998559972	CEBPG	CEBPG
645	45	47.71640859239016	CEBPG	CEBPG
646	47	47.618365149246735	CEBPG	CEBPG
647	49	47.731456608939766	CEBPG	CEBPG
648	47	47.85925650542418	CEBPG	CEBPG
649	55	47.802119100981194	CEBPG	CEBPG
650	49	47.77060410066673	CEBPG	CEBPG
651	37	47.70823842174876	CEBPG	CEBPG
652	38	47.76303532285586	CEBPG	CEBPG
653	45	47.738127191325674	CEBPG	CEBPG
654	40	47.69810852814357	CEBPG	CEBPG
655	39	47.66651848980552	CEBPG	CEBPG
656	49	47.695028206846416	CEBPG	CEBPG
657	44	47.6153354664923	CEBPG	CEBPG
658	57	47.62035851589764	CEBPG	CEBPG
659	42	47.67354107628179	CEBPG	CEBPG
660	41	47.86183055231304	CEBPG	CEBPG
661	48	47.88975617748712	CEBPG	CEBPG
662	39	47.82816539947312	CEBPG	CEBPG
663	36	47.77186784755813	CEBPG	CEBPG
664	45	47.697674702676785	CEBPG	CEBPG
665	43	47.57045378733368	CEBPG	CEBPG
666	38	47.735262527664375	CEBPG	CEBPG
667	58	47.905664631142415	CEBPG	CEBPG
668	43	47.70863631008673	CEBPG	CEBPG
669	41	47.71224587529038	CEBPG	CEBPG
670	50	47.543191826384884	CEBPG	CEBPG
671	69	47.65831917426653	CEBPG	CEBPG
672	44	47.68252909594497	CEBPG	CEBPG
673	42	47.56313410652128	CEBPG	CEBPG
674	59	47.659597459030216	CEBPG	CEBPG
675	49	47.66296628157291	CEBPG	CEBPG
676	37	47.80719310659994	CEBPG	CEBPG
677	37	47.75586208000423	CEBPG	CEBPG
678	53	47.68925254135144	CEBPG	CEBPG
679	47	47.67298280995552	CEBPG	CEBPG
680	49	47.78705298245812	CEBPG	CEBPG
681	40	47.69946682247598	CEBPG	CEBPG
682	41	47.55784747068931	CEBPG	CEBPG
683	36	47.62972322643912	CEBPG	CEBPG
684	49	47.79712927063515	CEBPG	CEBPG
685	55	47.62382101265068	CEBPG	CEBPG
686	36	47.72254175555047	CEBPG	CEBPG
687	43	47.81600334679669	CEBPG	CEBPG
688	59	47.75575343825994	CEBPG	CEBPG
689	52	47.727633421363294	CEBPG	CEBPG
690	53	47.821014664952294	CEBPG	CEBPG
691	52	47.832469601240525	CEBPG	CEBPG
692	45	47.74451647977623	CEBPG	CEBPG
693	47	47.748804204062466	CEBPG	CEBPG
694	50	47.609530323276154	CEBPG	CEBPG
695	50	47.612048298309375	CEBPG	CEBPG
696	49	47.8055436152308	CEBPG	CEBPG
697	41	47.75923058368843	CEBPG	CEBPG
698	35	47.54548163131261	CEBPG	CEBPG
699	55	47.64478856242415	CEBPG	CEBPG
700	42	47.74865443052397	CEBPG	CEBPG
701	47	47.61008963675432	CEBPG	CEBPG
702	56	47.552188828571644	CEBPG	CEBPG
703	54	47.543618853531335	CEBPG	CEBPG
704	49	47.571231089519166	CEBPG	CEBPG
705	39	47.55907502761817	CEBPG	CEBPG
706	44	47.65410514593744	CEBPG	CEBPG
707	49	47.61472501485329	CEBPG	CEBPG
708	49	47.76529435373784	CEBPG	CEBPG
709	55	47.90228937827221	CEBPG	CEBPG
710	49	47.734761400404494	CEBPG	CEBPG
711	42	47.65052415156756	CEBPG	CEBPG
712	50	47.84426473590874	CEBPG	CEBPG
713	38	47.854346405501595	CEBPG	CEBPG
714	44	47.79529692165191	CEBPG	CEBPG
715	39	47.737053846183926	CEBPG	CEBPG
716	45	47.61131253294531	CEBPG	CEBPG
717	57	47.70798689764719	CEBPG	CEBPG
718	38	47.618176455071875	CEBPG	CEBPG
719	51	47.60402007135062	CEBPG	CEBPG
720	39	47.716920227068485	CEBPG	CEBPG
721	56	47.906853992312925	CEBPG	CEBPG
722	38	47.848917174248875	CEBPG	CEBPG
723	47	47.636415985078045	CEBPG	CEBPG
724	59	47.72858741934281	CEBPG	CEBPG
725	44	47.80205161868763	CEBPG	CEBPG
726	47	47.790976563082204	CEBPG	CEBPG
727	46	47.75975673886962	CEBPG	CEBPG
728	50	47.760447418106246	CEBPG	CEBPG
729	52	47.74767606588305	CEBPG	CEBPG
730	43	47.877818840027615	CEBPG	CEBPG
731	46	47.80957274998464	CEBPG	CEBPG
732	44	47.56209322906133	CEBPG	CEBPG
733	50	47.660660710804684	CEBPG	CEBPG
734	46	47.70970658456773	CEBPG	CEBPG
735	40	47.64682248912158	CEBPG	CEBPG
736	59	47.847101264901575	CEBPG	CEBPG
737	51	47.79129282721975	CEBPG	CEBPG
738	47	47.70934241605261	CEBPG	CEBPG
739	46	47.79431028643894	CEBPG	CEBPG
740	47	47.599865563968734	CEBPG	CEBPG
741	39	47.56406822471945	CEBPG	CEBPG
742	54	47.67586393680639	CEBPG	CEBPG
743	38	47.85662688074333	CEBPG	CEBPG
744	39	47.93794550533221	CEBPG	CEBPG
745	43	47.80683156937262	CEBPG	CEBPG
746	55	47.574081434261025	CEBPG	CEBPG
747	41	47.5620077663565	CEBPG	CEBPG
748	44	47.71191013224428	CEBPG	CEBPG
749	38	47.85267450936323	CEBPG	CEBPG
750	49	47.65294862466075	CEBPG	CEBPG
751	47	47.45779779815778	CEBPG	CEBPG
752	51	47.522523949726725	CEBPG	CEBPG
753	37	47.597979050020214	CEBPG	CEBPG
754	39	47.619051833887376	CEBPG	CEBPG
755	51	47.59346740658135	CEBPG	CEBPG
756	51	47.47208962144984	CEBPG	CEBPG
757	43	47.65376658475373	CEBPG	CEBPG
758	39	47.651083146214624	CEBPG	CEBPG
759	54	47.63558913260489	CEBPG	CEBPG
760	52	47.53960903015446	CEBPG	CEBPG
761	39	47.87874940279022	CEBPG	CEBPG
762	51	47.8483394692232	CEBPG	CEBPG
763	56	47.77747412401041	CEBPG	CEBPG
764	43	47.63117207140531	CEBPG	CEBPG
765	47	47.715730238590446	CEBPG	CEBPG
766	45	47.65158178861717	CEBPG	CEBPG
767	47	47.73944849420073	CEBPG	CEBPG
768	43	47.651402406075576	CEBPG	CEBPG
769	53	47.64232309745732	CEBPG	CEBPG
770	50	47.60625283597638	CEBPG	CEBPG
771	46	47.678281513100885	CEBPG	CEBPG
772	47	47.873341258253454	CEBPG	CEBPG
773	51	47.758479228464076	CEBPG	CEBPG
774	42	47.987935424059806	CEBPG	CEBPG
775	57	47.85803188709899	CEBPG	CEBPG
776	41	47.730324217205286	CEBPG	CEBPG
777	48	47.676535523239586	CEBPG	CEBPG
778	43	47.79381259331589	CEBPG	CEBPG
779	43	47.659468716559	CEBPG	CEBPG
780	47	47.62703181643591	CEBPG	CEBPG
781	44	47.70449838374863	CEBPG	CEBPG
782	36	47.589971297848386	CEBPG	CEBPG
783	45	47.85475509703375	CEBPG	CEBPG
784	52	47.81217494814522	CEBPG	CEBPG
785	45	47.883893467561435	CEBPG	CEBPG
786	47	47.905776425604934	CEBPG	CEBPG
787	46	47.74949376662528	CEBPG	CEBPG
788	46	47.70463974476847	CEBPG	CEBPG
789	35	47.71511731914044	CEBPG	CEBPG
790	46	47.49098685770015	CEBPG	CEBPG
791	46	47.43521452336235	CEBPG	CEBPG
792	47	47.447055350475836	CEBPG	CEBPG
793	49	47.59510544324222	CEBPG	CEBPG
794	61	47.856805053185205	CEBPG	CEBPG
795	55	47.82285775245949	CEBPG	CEBPG
796	41	47.88233552380268	CEBPG	CEBPG
797	58	47.84092331777588	CEBPG	CEBPG
798	47	47.61862140760108	CEBPG	CEBPG
799	54	47.75312722847923	CEBPG	CEBPG
800	54	47.8164439725052	CEBPG	CEBPG
801	37	47.855291538821554	CEBPG	CEBPG
802	46	47.87637659325194	CEBPG	CEBPG
803	60	47.88840998018876	CEBPG	CEBPG
804	43	47.611624634776724	CEBPG	CEBPG
805	46	47.60331291074054	CEBPG	CEBPG
806	60	47.721549814210796	CEBPG	CEBPG
807	60	47.638916629213554	CEBPG	CEBPG
808	50	47.67006784157669	CEBPG	CEBPG
809	57	47.689304621613516	CEBPG	CEBPG
810	45	47.68379219109229	CEBPG	CEBPG
811	56	47.64148605952577	CEBPG	CEBPG
812	44	47.797005974472455	CEBPG	CEBPG
813	47	47.71471983824426	CEBPG	CEBPG
814	62	47.682875963263946	CEBPG	CEBPG
815	50	47.859880060790665	CEBPG	CEBPG
816	50	47.801655922659705	CEBPG	CEBPG
817	47	47.75761842472339	CEBPG	CEBPG
818	50	47.80180460019243	CEBPG	CEBPG
819	52	47.65913900418194	CEBPG	CEBPG
820	55	47.82679863194029	CEBPG	CEBPG
821	39	47.66928361716987	CEBPG	CEBPG
822	46	47.73409036402202	CEBPG	CEBPG
823	56	47.84397233690396	CEBPG	CEBPG
824	53	47.698144081287836	CEBPG	CEBPG
825	50	47.65762348341115	CEBPG	CEBPG
826	47	47.88536684367478	CEBPG	CEBPG
827	44	47.83075604735104	CEBPG	CEBPG
828	36	47.65861602547598	CEBPG	CEBPG
829	50	47.74708827715338	CEBPG	CEBPG
830	53	47.77670740540837	CEBPG	CEBPG
831	39	47.79495009035535	CEBPG	CEBPG
832	46	47.776680853907074	CEBPG	CEBPG
833	54	47.65331629529194	CEBPG	CEBPG
834	52	47.54831482404466	CEBPG	CEBPG
835	38	47.731105243030086	CEBPG	CEBPG
836	44	47.83392710413462	CEBPG	CEBPG
837	44	47.868097561020846	CEBPG	CEBPG
838	44	47.563368438554114	CEBPG	CEBPG
839	35	47.7500680417738	CEBPG	CEBPG
840	48	47.894507441264885	CEBPG	CEBPG
841	39	47.613145819682934	CEBPG	CEBPG
842	45	47.517604670434906	CEBPG	CEBPG
843	39	47.673813972875884	CEBPG	CEBPG
844	43	47.60238660163657	CEBPG	CEBPG
845	49	47.4825083408721	CEBPG	CEBPG
846	43	47.57595008215314	CEBPG	CEBPG
847	46	47.696946220576855	CEBPG	CEBPG
848	44	47.83941320996639	CEBPG	CEBPG
849	59	47.83662701064908	CEBPG	CEBPG
850	51	47.76730242734161	CEBPG	CEBPG
851	45	47.60876145902338	CEBPG	CEBPG
852	46	47.62804189070878	CEBPG	CEBPG
853	67	47.57794980401501	CEBPG	CEBPG
854	60	47.609394182628	CEBPG	CEBPG
855	46	47.57253711752744	CEBPG	CEBPG
856	52	47.85725300747588	CEBPG	CEBPG
857	48	48.001300163373074	CEBPG	CEBPG
858	39	47.852589266275025	CEBPG	CEBPG
859	44	47.614961181563366	CEBPG	CEBPG
860	49	47.60362820027632	CEBPG	CEBPG
861	47	47.71611709899332	CEBPG	CEBPG
862	58	47.924351157273854	CEBPG	CEBPG
863	57	47.95849519194281	CEBPG	CEBPG
864	49	47.855722134819395	CEBPG	CEBPG
865	42	47.83896532460134	CEBPG	CEBPG
866	54	47.750549313781505	CEBPG	CEBPG
867	50	47.888718510478284	CEBPG	CEBPG
868	60	47.75061305891596	CEBPG	CEBPG
869	43	47.626821519849265	CEBPG	CEBPG
870	45	47.664475648540915	CEBPG	CEBPG
871	35	47.731742420794305	CEBPG	CEBPG
872	51	47.747756070337914	CEBPG	CEBPG
873	59	47.80316986257757	CEBPG	CEBPG
874	36	47.799205207740386	CEBPG	CEBPG
875	24	47.784876341069975	CEBPG	CEBPG
876	47	47.866198613235106	CEBPG	CEBPG
877	64	47.700216625766906	CEBPG	CEBPG
878	38	47.74099610456602	CEBPG	CEBPG
879	43	47.72807287130447	CEBPG	CEBPG
880	52	47.719985572636105	CEBPG	CEBPG
881	55	47.81623194973882	CEBPG	CEBPG
882	42	47.97405639490532	CEBPG	CEBPG
883	45	47.84924413972387	CEBPG	CEBPG
884	50	47.78768702658204	CEBPG	CEBPG
885	47	47.89074917875229	CEBPG	CEBPG
886	39	48.026083369370724	CEBPG	CEBPG
887	29	47.85718979187325	CEBPG	CEBPG
888	38	47.796741696787265	CEBPG	CEBPG
889	39	47.714251165189175	CEBPG	CEBPG
890	56	47.83759369126266	CEBPG	CEBPG
891	38	47.795406147456504	CEBPG	CEBPG
892	50	47.93868242671745	CEBPG	CEBPG
893	54	47.86895417537947	CEBPG	CEBPG
894	49	47.83008042365653	CEBPG	CEBPG
895	47	47.7988469857531	CEBPG	CEBPG
896	39	47.6952825411828	CEBPG	CEBPG
897	51	47.83266602567851	CEBPG	CEBPG
898	43	47.97241924937867	CEBPG	CEBPG
899	42	47.86793131133214	CEBPG	CEBPG
900	52	47.80565475277628	CEBPG	CEBPG
901	44	47.500772726077415	CEBPG	CEBPG
902	56	47.717045533332076	CEBPG	CEBPG
903	42	47.76479221460522	CEBPG	CEBPG
904	47	47.79715745298411	CEBPG	CEBPG
905	54	47.807364812756326	CEBPG	CEBPG
906	41	47.773880683849406	CEBPG	CEBPG
907	56	47.76800737972134	CEBPG	CEBPG
908	58	47.775977493931435	CEBPG	CEBPG
909	57	47.75612934708374	CEBPG	CEBPG
910	55	47.801779678873004	CEBPG	CEBPG
911	43	47.89531174665278	CEBPG	CEBPG
912	51	47.650407354753725	CEBPG	CEBPG
913	47	47.72626853459135	CEBPG	CEBPG
914	45	47.76670874243794	CEBPG	CEBPG
915	56	47.79245839858472	CEBPG	CEBPG
916	40	47.73401525009071	CEBPG	CEBPG
917	54	47.76574978213489	CEBPG	CEBPG
918	59	47.83317642972105	CEBPG	CEBPG
919	48	47.59752592204044	CEBPG	CEBPG
920	43	47.79335228290115	CEBPG	CEBPG
921	62	47.74418404671468	CEBPG	CEBPG
922	45	47.747676837983974	CEBPG	CEBPG
923	48	47.83358193255348	CEBPG	CEBPG
924	47	47.71078566760157	CEBPG	CEBPG
925	58	47.73584976257498	CEBPG	CEBPG
926	60	47.55152446104258	CEBPG	CEBPG
927	40	47.60763896129813	CEBPG	CEBPG
928	55	47.81531753522396	CEBPG	CEBPG
929	41	47.867250897985265	CEBPG	CEBPG
930	47	47.78306841333225	CEBPG	CEBPG
931	41	47.88120934686093	CEBPG	CEBPG
932	48	47.97258320822592	CEBPG	CEBPG
933	38	47.88303290234191	CEBPG	CEBPG
934	45	47.83102249715715	CEBPG	CEBPG
935	54	47.91561379790149	CEBPG	CEBPG
936	49	47.74759344418317	CEBPG	CEBPG
937	56	47.7221558187743	CEBPG	CEBPG
938	45	47.727573374773975	CEBPG	CEBPG
939	47	47.745876952059064	CEBPG	CEBPG
940	43	47.81912898827569	CEBPG	CEBPG
941	39	47.575009572644746	CEBPG	CEBPG
942	60	47.775157774979085	CEBPG	CEBPG
943	48	47.80945725117633	CEBPG	CEBPG
944	45	47.74862217161787	CEBPG	CEBPG
945	32	47.84542712805346	CEBPG	CEBPG
946	46	47.75529581312447	CEBPG	CEBPG
947	53	47.54258068263892	CEBPG	CEBPG
948	47	47.54641003924012	CEBPG	CEBPG
949	52	47.655886689707906	CEBPG	CEBPG
950	36	47.825475283982875	CEBPG	CEBPG
951	40	47.74744984215788	CEBPG	CEBPG
952	41	47.70886114785612	CEBPG	CEBPG
953	51	47.80009434047052	CEBPG	CEBPG
954	42	47.89159897749625	CEBPG	CEBPG
955	57	47.866596024686174	CEBPG	CEBPG
956	46	47.75246204186916	CEBPG	CEBPG
957	52	47.69500338000555	CEBPG	CEBPG
958	46	47.793644963099574	CEBPG	CEBPG
959	46	47.82148861696749	CEBPG	CEBPG
960	38	47.835036905727904	CEBPG	CEBPG
961	53	47.94976858622249	CEBPG	CEBPG
962	49	47.90997885997159	CEBPG	CEBPG
963	40	47.768852018112014	CEBPG	CEBPG
964	50	47.89651890375811	CEBPG	CEBPG
965	50	47.86246522738297	CEBPG	CEBPG
966	47	47.72507493304862	CEBPG	CEBPG
967	46	47.70498650634132	CEBPG	CEBPG
968	45	47.722860367808074	CEBPG	CEBPG
969	42	47.6969815692138	CEBPG	CEBPG
970	60	47.79554062554507	CEBPG	CEBPG
971	45	47.74243955690955	CEBPG	CEBPG
972	45	47.714825944323444	CEBPG	CEBPG
973	62	47.74494357114922	CEBPG	CEBPG
974	45	47.84301345226551	CEBPG	CEBPG
975	48	47.7520411585346	CEBPG	CEBPG
976	47	47.5874919032984	CEBPG	CEBPG
977	52	47.7226872390434	CEBPG	CEBPG
978	45	47.77443344238529	CEBPG	CEBPG
979	48	47.79896481746103	CEBPG	CEBPG
980	53	47.86702135067222	CEBPG	CEBPG
981	44	47.77910883278531	CEBPG	CEBPG
982	45	47.68625711761156	CEBPG	CEBPG
983	49	47.68198313022003	CEBPG	CEBPG
984	43	47.811643570470835	CEBPG	CEBPG
985	43	47.82132644125003	CEBPG	CEBPG
986	29	47.83883330145914	CEBPG	CEBPG
987	57	47.788280344554714	CEBPG	CEBPG
988	58	47.66536507936995	CEBPG	CEBPG
989	47	47.5870570598	CEBPG	CEBPG
990	46	47.73925376530774	CEBPG	CEBPG
991	42	47.89255820397285	CEBPG	CEBPG
992	50	47.83507192449737	CEBPG	CEBPG
993	45	47.84319724236139	CEBPG	CEBPG
994	55	47.84816778896576	CEBPG	CEBPG
995	47	47.86796242367845	CEBPG	CEBPG
996	53	47.75458339803322	CEBPG	CEBPG
997	55	47.81730881239583	CEBPG	CEBPG
998	45	48.01522550247296	CEBPG	CEBPG
999	55	47.77614094843477	CEBPG	CEBPG
1000	47	47.707074738068535	CEBPG	CEBPG
-1000	42	54.53000773893511	CTCF	CTCF
-999	60	54.5730835723609	CTCF	CTCF
-998	39	54.65397971015019	CTCF	CTCF
-997	51	54.576369691518025	CTCF	CTCF
-996	51	54.42759342625804	CTCF	CTCF
-995	46	54.42013362332072	CTCF	CTCF
-994	51	54.63935029851826	CTCF	CTCF
-993	51	54.54280967078053	CTCF	CTCF
-992	73	54.55218884150022	CTCF	CTCF
-991	60	54.57892689395718	CTCF	CTCF
-990	51	54.67362234249332	CTCF	CTCF
-989	60	54.56584504178674	CTCF	CTCF
-988	53	54.625926999201894	CTCF	CTCF
-987	58	54.69561005597736	CTCF	CTCF
-986	57	54.496948813918515	CTCF	CTCF
-985	55	54.43133456103383	CTCF	CTCF
-984	56	54.51148045615452	CTCF	CTCF
-983	57	54.58137273338654	CTCF	CTCF
-982	48	54.48265578718561	CTCF	CTCF
-981	49	54.42050595535477	CTCF	CTCF
-980	49	54.52575105851459	CTCF	CTCF
-979	57	54.4390215287531	CTCF	CTCF
-978	44	54.399153825412164	CTCF	CTCF
-977	46	54.473911587442515	CTCF	CTCF
-976	63	54.6585410205418	CTCF	CTCF
-975	47	54.47379843825315	CTCF	CTCF
-974	53	54.52876366280806	CTCF	CTCF
-973	59	54.5807182518875	CTCF	CTCF
-972	69	54.51162105658236	CTCF	CTCF
-971	57	54.45954377132526	CTCF	CTCF
-970	57	54.46105232202725	CTCF	CTCF
-969	55	54.57194373365593	CTCF	CTCF
-968	55	54.55301109776551	CTCF	CTCF
-967	58	54.4981524729569	CTCF	CTCF
-966	49	54.45960299306863	CTCF	CTCF
-965	52	54.43386877339463	CTCF	CTCF
-964	67	54.37924463989294	CTCF	CTCF
-963	52	54.354038791762825	CTCF	CTCF
-962	43	54.39531917761833	CTCF	CTCF
-961	54	54.31404579205638	CTCF	CTCF
-960	51	54.48649901317932	CTCF	CTCF
-959	64	54.436398104938576	CTCF	CTCF
-958	60	54.43760935883454	CTCF	CTCF
-957	51	54.420371908128324	CTCF	CTCF
-956	59	54.58240527780612	CTCF	CTCF
-955	66	54.476165876612235	CTCF	CTCF
-954	55	54.32817882698862	CTCF	CTCF
-953	41	54.41901142392698	CTCF	CTCF
-952	52	54.46890965000638	CTCF	CTCF
-951	55	54.48731751504674	CTCF	CTCF
-950	48	54.46706683747921	CTCF	CTCF
-949	60	54.6412144564096	CTCF	CTCF
-948	56	54.60284526124194	CTCF	CTCF
-947	51	54.62110495062085	CTCF	CTCF
-946	62	54.7196539338137	CTCF	CTCF
-945	58	54.602285008599594	CTCF	CTCF
-944	39	54.558639060540905	CTCF	CTCF
-943	49	54.59567096496243	CTCF	CTCF
-942	61	54.54221481420751	CTCF	CTCF
-941	74	54.48152182692613	CTCF	CTCF
-940	50	54.55002026416628	CTCF	CTCF
-939	50	54.58410237508773	CTCF	CTCF
-938	57	54.5689531938438	CTCF	CTCF
-937	54	54.57239898588115	CTCF	CTCF
-936	57	54.63969989111552	CTCF	CTCF
-935	52	54.65123911837644	CTCF	CTCF
-934	41	54.64288937444449	CTCF	CTCF
-933	59	54.5877554851133	CTCF	CTCF
-932	61	54.5039552193173	CTCF	CTCF
-931	57	54.467225747495405	CTCF	CTCF
-930	49	54.36226720851603	CTCF	CTCF
-929	59	54.463229043028306	CTCF	CTCF
-928	60	54.64230829621148	CTCF	CTCF
-927	51	54.39815802186844	CTCF	CTCF
-926	46	54.356010711252914	CTCF	CTCF
-925	47	54.52520198230214	CTCF	CTCF
-924	52	54.51882889284759	CTCF	CTCF
-923	58	54.36033647949892	CTCF	CTCF
-922	57	54.37984404020665	CTCF	CTCF
-921	54	54.46337362510517	CTCF	CTCF
-920	64	54.268273359328376	CTCF	CTCF
-919	60	54.336175481752264	CTCF	CTCF
-918	57	54.37862700688137	CTCF	CTCF
-917	54	54.43519626794431	CTCF	CTCF
-916	63	54.625141959967955	CTCF	CTCF
-915	55	54.84342221423493	CTCF	CTCF
-914	44	54.794103447204016	CTCF	CTCF
-913	61	54.65557892176138	CTCF	CTCF
-912	51	54.71310295366709	CTCF	CTCF
-911	59	54.58185013256418	CTCF	CTCF
-910	56	54.48274020106962	CTCF	CTCF
-909	51	54.51819112622648	CTCF	CTCF
-908	54	54.65593382851677	CTCF	CTCF
-907	60	54.47536994758353	CTCF	CTCF
-906	52	54.77109680489075	CTCF	CTCF
-905	50	54.702179835876116	CTCF	CTCF
-904	59	54.694484277687316	CTCF	CTCF
-903	36	54.62043596971517	CTCF	CTCF
-902	49	54.48933067436524	CTCF	CTCF
-901	48	54.56492821591119	CTCF	CTCF
-900	50	54.49741003276423	CTCF	CTCF
-899	61	54.53520212633131	CTCF	CTCF
-898	61	54.55590568978909	CTCF	CTCF
-897	58	54.504196654376344	CTCF	CTCF
-896	60	54.49476153217107	CTCF	CTCF
-895	46	54.49668046156251	CTCF	CTCF
-894	55	54.64067584904019	CTCF	CTCF
-893	58	54.71325825879286	CTCF	CTCF
-892	50	54.636146744572066	CTCF	CTCF
-891	53	54.48230054937365	CTCF	CTCF
-890	59	54.71878542475487	CTCF	CTCF
-889	53	54.710175639244135	CTCF	CTCF
-888	57	54.51965887610306	CTCF	CTCF
-887	39	54.535886831302356	CTCF	CTCF
-886	56	54.4828074435127	CTCF	CTCF
-885	54	54.38508745084678	CTCF	CTCF
-884	45	54.5280513783319	CTCF	CTCF
-883	61	54.689383281770965	CTCF	CTCF
-882	63	54.527612364573976	CTCF	CTCF
-881	62	54.509187519571945	CTCF	CTCF
-880	54	54.504089724903956	CTCF	CTCF
-879	40	54.53670435303291	CTCF	CTCF
-878	68	54.49255627919315	CTCF	CTCF
-877	59	54.640276391460404	CTCF	CTCF
-876	50	54.49037547082129	CTCF	CTCF
-875	51	54.542557743788656	CTCF	CTCF
-874	52	54.557887343403	CTCF	CTCF
-873	43	54.476703817491504	CTCF	CTCF
-872	59	54.57210965399234	CTCF	CTCF
-871	47	54.62715113573133	CTCF	CTCF
-870	54	54.57741416587409	CTCF	CTCF
-869	61	54.538716337659345	CTCF	CTCF
-868	54	54.50588275258612	CTCF	CTCF
-867	49	54.465455077867354	CTCF	CTCF
-866	55	54.53222794280056	CTCF	CTCF
-865	54	54.60952004083816	CTCF	CTCF
-864	42	54.580638444207366	CTCF	CTCF
-863	65	54.483451874136236	CTCF	CTCF
-862	54	54.53237891573956	CTCF	CTCF
-861	65	54.702085833154776	CTCF	CTCF
-860	49	54.58492497283342	CTCF	CTCF
-859	44	54.5365501166882	CTCF	CTCF
-858	58	54.52473074954806	CTCF	CTCF
-857	71	54.47320862299732	CTCF	CTCF
-856	63	54.47064288046819	CTCF	CTCF
-855	51	54.4982661016283	CTCF	CTCF
-854	38	54.73935569768482	CTCF	CTCF
-853	59	54.58889743883076	CTCF	CTCF
-852	37	54.581873918069284	CTCF	CTCF
-851	51	54.71484306632047	CTCF	CTCF
-850	55	54.64836714501395	CTCF	CTCF
-849	54	54.48540056113679	CTCF	CTCF
-848	53	54.437736516293874	CTCF	CTCF
-847	50	54.37915242379005	CTCF	CTCF
-846	55	54.45784565614907	CTCF	CTCF
-845	56	54.35660336694241	CTCF	CTCF
-844	62	54.47799454576097	CTCF	CTCF
-843	40	54.442114266878605	CTCF	CTCF
-842	50	54.42311379191487	CTCF	CTCF
-841	72	54.62309895626722	CTCF	CTCF
-840	58	54.60197267680515	CTCF	CTCF
-839	38	54.659701314398234	CTCF	CTCF
-838	55	54.56612590052819	CTCF	CTCF
-837	47	54.403421263560816	CTCF	CTCF
-836	54	54.68184989728657	CTCF	CTCF
-835	46	54.62160887893302	CTCF	CTCF
-834	63	54.451681500810615	CTCF	CTCF
-833	40	54.54286597036847	CTCF	CTCF
-832	46	54.76855386926908	CTCF	CTCF
-831	48	54.61092331890335	CTCF	CTCF
-830	60	54.491600914238866	CTCF	CTCF
-829	54	54.623344393496076	CTCF	CTCF
-828	56	54.58939257638194	CTCF	CTCF
-827	66	54.426736259803626	CTCF	CTCF
-826	46	54.34864787695892	CTCF	CTCF
-825	49	54.542397646947386	CTCF	CTCF
-824	56	54.4433699471366	CTCF	CTCF
-823	43	54.375273833338625	CTCF	CTCF
-822	51	54.4538933447147	CTCF	CTCF
-821	47	54.425457824993956	CTCF	CTCF
-820	44	54.70091872275046	CTCF	CTCF
-819	37	54.66182887902993	CTCF	CTCF
-818	51	54.54010698527915	CTCF	CTCF
-817	42	54.52026663107268	CTCF	CTCF
-816	70	54.414744715514466	CTCF	CTCF
-815	62	54.341036106973384	CTCF	CTCF
-814	48	54.40975844956137	CTCF	CTCF
-813	57	54.42164100924996	CTCF	CTCF
-812	62	54.54487256780108	CTCF	CTCF
-811	62	54.42796789177877	CTCF	CTCF
-810	61	54.47811442825392	CTCF	CTCF
-809	69	54.5586622809442	CTCF	CTCF
-808	44	54.61140780889498	CTCF	CTCF
-807	50	54.562612156277915	CTCF	CTCF
-806	61	54.61415229471	CTCF	CTCF
-805	61	54.571471561291666	CTCF	CTCF
-804	38	54.404937704455584	CTCF	CTCF
-803	42	54.50750050340963	CTCF	CTCF
-802	46	54.56300041327585	CTCF	CTCF
-801	63	54.58198017741537	CTCF	CTCF
-800	66	54.71795207489762	CTCF	CTCF
-799	52	54.64001576564108	CTCF	CTCF
-798	61	54.51594538871013	CTCF	CTCF
-797	62	54.644583403312915	CTCF	CTCF
-796	57	54.61927254069145	CTCF	CTCF
-795	47	54.635060084902996	CTCF	CTCF
-794	47	54.497010555851425	CTCF	CTCF
-793	57	54.53456017501726	CTCF	CTCF
-792	56	54.50455006500053	CTCF	CTCF
-791	51	54.681532967088216	CTCF	CTCF
-790	73	54.79809486642617	CTCF	CTCF
-789	44	54.82432532108133	CTCF	CTCF
-788	51	54.51891856597161	CTCF	CTCF
-787	45	54.454688134378344	CTCF	CTCF
-786	53	54.73651229198539	CTCF	CTCF
-785	63	54.62377012593578	CTCF	CTCF
-784	58	54.520845262294664	CTCF	CTCF
-783	61	54.65305738243795	CTCF	CTCF
-782	55	54.57018790132968	CTCF	CTCF
-781	53	54.56540332990281	CTCF	CTCF
-780	47	54.32525112662525	CTCF	CTCF
-779	41	54.29187290859098	CTCF	CTCF
-778	62	54.32978063792011	CTCF	CTCF
-777	68	54.55150531250341	CTCF	CTCF
-776	57	54.354059298490206	CTCF	CTCF
-775	70	54.522346290752694	CTCF	CTCF
-774	76	54.77417729886839	CTCF	CTCF
-773	52	54.693370280267125	CTCF	CTCF
-772	50	54.816261195290984	CTCF	CTCF
-771	35	54.71493448136107	CTCF	CTCF
-770	59	54.60426750770257	CTCF	CTCF
-769	59	54.6038094416837	CTCF	CTCF
-768	52	54.72311142016225	CTCF	CTCF
-767	57	54.725304069191004	CTCF	CTCF
-766	52	54.59267875662699	CTCF	CTCF
-765	59	54.62044157929177	CTCF	CTCF
-764	51	54.69596565983046	CTCF	CTCF
-763	55	54.83172923110098	CTCF	CTCF
-762	63	54.843414382669614	CTCF	CTCF
-761	50	54.63935736778738	CTCF	CTCF
-760	62	54.52145379188233	CTCF	CTCF
-759	81	54.58539234987942	CTCF	CTCF
-758	51	54.560140899578904	CTCF	CTCF
-757	69	54.42801400645366	CTCF	CTCF
-756	58	54.477064739570594	CTCF	CTCF
-755	43	54.502612153124225	CTCF	CTCF
-754	49	54.520334922560835	CTCF	CTCF
-753	60	54.75931495194549	CTCF	CTCF
-752	59	54.740808897034654	CTCF	CTCF
-751	48	54.653317419480274	CTCF	CTCF
-750	65	54.63309789275031	CTCF	CTCF
-749	61	54.81029520020292	CTCF	CTCF
-748	49	54.73733313017228	CTCF	CTCF
-747	48	54.34852009142594	CTCF	CTCF
-746	55	54.310524627286995	CTCF	CTCF
-745	55	54.65950304105122	CTCF	CTCF
-744	42	54.84604536047645	CTCF	CTCF
-743	46	54.64969974869635	CTCF	CTCF
-742	53	54.72646758669197	CTCF	CTCF
-741	49	54.76456874166443	CTCF	CTCF
-740	54	54.60924700705847	CTCF	CTCF
-739	65	54.43917203651974	CTCF	CTCF
-738	63	54.56430439839113	CTCF	CTCF
-737	45	54.68965531661726	CTCF	CTCF
-736	41	54.52361426870983	CTCF	CTCF
-735	51	54.60310827048931	CTCF	CTCF
-734	63	54.6805720485327	CTCF	CTCF
-733	46	54.6355417312159	CTCF	CTCF
-732	52	54.548989664992725	CTCF	CTCF
-731	54	54.537824049951254	CTCF	CTCF
-730	61	54.78188387648371	CTCF	CTCF
-729	64	54.712261115540144	CTCF	CTCF
-728	51	54.62328371076202	CTCF	CTCF
-727	46	54.51916021754599	CTCF	CTCF
-726	59	54.51587516938389	CTCF	CTCF
-725	56	54.509949138029626	CTCF	CTCF
-724	60	54.682042358695554	CTCF	CTCF
-723	57	54.78473823839156	CTCF	CTCF
-722	49	54.65597039141701	CTCF	CTCF
-721	59	54.43571337899388	CTCF	CTCF
-720	49	54.45740771458095	CTCF	CTCF
-719	59	54.409535899104576	CTCF	CTCF
-718	53	54.581218950815796	CTCF	CTCF
-717	64	54.63204658174501	CTCF	CTCF
-716	52	54.526594409858006	CTCF	CTCF
-715	59	54.44132883454432	CTCF	CTCF
-714	57	54.3604770886581	CTCF	CTCF
-713	65	54.621238964437666	CTCF	CTCF
-712	60	54.58373029657118	CTCF	CTCF
-711	56	54.58122611426691	CTCF	CTCF
-710	54	54.5790866249834	CTCF	CTCF
-709	61	54.73226449701829	CTCF	CTCF
-708	55	54.46897301448898	CTCF	CTCF
-707	51	54.23053683041732	CTCF	CTCF
-706	52	54.50082064372888	CTCF	CTCF
-705	54	54.60478483361784	CTCF	CTCF
-704	61	54.60595982835985	CTCF	CTCF
-703	50	54.640017027909714	CTCF	CTCF
-702	64	54.381181732986384	CTCF	CTCF
-701	48	54.43052962928397	CTCF	CTCF
-700	54	54.726728713148326	CTCF	CTCF
-699	59	54.7422451922844	CTCF	CTCF
-698	43	54.63003010443187	CTCF	CTCF
-697	53	54.5768507330674	CTCF	CTCF
-696	49	54.58086866816946	CTCF	CTCF
-695	79	54.576986591497885	CTCF	CTCF
-694	60	54.495830327904976	CTCF	CTCF
-693	57	54.250222950233386	CTCF	CTCF
-692	56	54.454468000962194	CTCF	CTCF
-691	54	54.80874204574856	CTCF	CTCF
-690	51	54.63983943810071	CTCF	CTCF
-689	46	54.597875813404976	CTCF	CTCF
-688	57	54.61546343643014	CTCF	CTCF
-687	37	54.69757003699099	CTCF	CTCF
-686	55	54.575740826696666	CTCF	CTCF
-685	51	54.599499960943525	CTCF	CTCF
-684	61	54.72843715475422	CTCF	CTCF
-683	42	54.59649847099944	CTCF	CTCF
-682	55	54.69236171468081	CTCF	CTCF
-681	62	54.70192982125658	CTCF	CTCF
-680	52	54.60504876012411	CTCF	CTCF
-679	47	54.54921769860114	CTCF	CTCF
-678	44	54.58016461882114	CTCF	CTCF
-677	68	54.67298116134181	CTCF	CTCF
-676	55	54.7035036549176	CTCF	CTCF
-675	52	54.63302957720546	CTCF	CTCF
-674	65	54.422498916038606	CTCF	CTCF
-673	54	54.49302745936532	CTCF	CTCF
-672	56	54.55954206542229	CTCF	CTCF
-671	73	54.62378419255933	CTCF	CTCF
-670	53	54.735123357034	CTCF	CTCF
-669	55	54.63418427860496	CTCF	CTCF
-668	54	54.56984320277787	CTCF	CTCF
-667	59	54.608658650608824	CTCF	CTCF
-666	58	54.54539030832909	CTCF	CTCF
-665	54	54.516774905243636	CTCF	CTCF
-664	40	54.57984179537927	CTCF	CTCF
-663	54	54.56301203876315	CTCF	CTCF
-662	46	54.543224448010015	CTCF	CTCF
-661	52	54.63580659500242	CTCF	CTCF
-660	57	54.57967970886353	CTCF	CTCF
-659	52	54.47148992077699	CTCF	CTCF
-658	56	54.412860205259555	CTCF	CTCF
-657	53	54.60568795560832	CTCF	CTCF
-656	53	54.53486092568275	CTCF	CTCF
-655	60	54.532098280085485	CTCF	CTCF
-654	71	54.65024467895147	CTCF	CTCF
-653	54	54.56938199362239	CTCF	CTCF
-652	56	54.60897736423167	CTCF	CTCF
-651	64	54.62447651151362	CTCF	CTCF
-650	68	54.6384595516069	CTCF	CTCF
-649	62	54.61392482745714	CTCF	CTCF
-648	60	54.62328980689252	CTCF	CTCF
-647	54	54.52759854373959	CTCF	CTCF
-646	48	54.601668176645084	CTCF	CTCF
-645	56	54.55274577953868	CTCF	CTCF
-644	55	54.7202406554358	CTCF	CTCF
-643	44	54.520830954446424	CTCF	CTCF
-642	57	54.577634651151705	CTCF	CTCF
-641	56	54.614696489296364	CTCF	CTCF
-640	36	54.60731840261718	CTCF	CTCF
-639	51	54.724282766152456	CTCF	CTCF
-638	53	54.61552142824173	CTCF	CTCF
-637	60	54.54215619845473	CTCF	CTCF
-636	52	54.498939023505294	CTCF	CTCF
-635	58	54.59906993838504	CTCF	CTCF
-634	62	54.65772800399234	CTCF	CTCF
-633	47	54.51853526179326	CTCF	CTCF
-632	59	54.51790646384406	CTCF	CTCF
-631	62	54.52709379970083	CTCF	CTCF
-630	59	54.52070663154458	CTCF	CTCF
-629	64	54.536311006898494	CTCF	CTCF
-628	50	54.617766861986944	CTCF	CTCF
-627	74	54.62276998127057	CTCF	CTCF
-626	69	54.61363967016187	CTCF	CTCF
-625	60	54.61080668980409	CTCF	CTCF
-624	52	54.60871121890777	CTCF	CTCF
-623	59	54.454466948403194	CTCF	CTCF
-622	48	54.5081454329895	CTCF	CTCF
-621	53	54.69237195765452	CTCF	CTCF
-620	74	54.67454841071521	CTCF	CTCF
-619	59	54.576685451057166	CTCF	CTCF
-618	53	54.50826523036136	CTCF	CTCF
-617	60	54.35186433294143	CTCF	CTCF
-616	50	54.46311747388011	CTCF	CTCF
-615	43	54.486933184965416	CTCF	CTCF
-614	55	54.51007707631004	CTCF	CTCF
-613	57	54.3555618008867	CTCF	CTCF
-612	49	54.53906185145322	CTCF	CTCF
-611	55	54.569866573850554	CTCF	CTCF
-610	69	54.59817520216005	CTCF	CTCF
-609	61	54.66556770769805	CTCF	CTCF
-608	50	54.68567884014562	CTCF	CTCF
-607	60	54.65789503999885	CTCF	CTCF
-606	66	54.62162959324972	CTCF	CTCF
-605	46	54.64462363652905	CTCF	CTCF
-604	50	54.55938536990621	CTCF	CTCF
-603	45	54.66927641573389	CTCF	CTCF
-602	52	54.4788734991237	CTCF	CTCF
-601	38	54.47813083063181	CTCF	CTCF
-600	49	54.58499022150794	CTCF	CTCF
-599	62	54.51550798665877	CTCF	CTCF
-598	68	54.49934425992104	CTCF	CTCF
-597	59	54.61764752393118	CTCF	CTCF
-596	55	54.58941713576366	CTCF	CTCF
-595	57	54.525576260493985	CTCF	CTCF
-594	45	54.599931840067896	CTCF	CTCF
-593	52	54.70677234894216	CTCF	CTCF
-592	49	54.7963455659793	CTCF	CTCF
-591	55	54.758439508496025	CTCF	CTCF
-590	64	54.58840639788103	CTCF	CTCF
-589	49	54.65113360078017	CTCF	CTCF
-588	63	54.753695682734495	CTCF	CTCF
-587	59	54.54089235142092	CTCF	CTCF
-586	53	54.543051014647716	CTCF	CTCF
-585	62	54.68811384689252	CTCF	CTCF
-584	65	54.622828344586814	CTCF	CTCF
-583	68	54.59532242064562	CTCF	CTCF
-582	47	54.41991303965113	CTCF	CTCF
-581	65	54.53443069777653	CTCF	CTCF
-580	50	54.617070753807766	CTCF	CTCF
-579	44	54.63636517434201	CTCF	CTCF
-578	61	54.651000197373385	CTCF	CTCF
-577	50	54.68646532746324	CTCF	CTCF
-576	59	54.520341004691964	CTCF	CTCF
-575	52	54.445700854557856	CTCF	CTCF
-574	50	54.49183572649482	CTCF	CTCF
-573	62	54.493684780586854	CTCF	CTCF
-572	65	54.58890401903099	CTCF	CTCF
-571	55	54.43918809335345	CTCF	CTCF
-570	54	54.53588201889919	CTCF	CTCF
-569	64	54.52467987434536	CTCF	CTCF
-568	52	54.379977089640754	CTCF	CTCF
-567	61	54.55622616501337	CTCF	CTCF
-566	61	54.50785060432243	CTCF	CTCF
-565	65	54.537221940408834	CTCF	CTCF
-564	54	54.453206195322444	CTCF	CTCF
-563	51	54.4100149375014	CTCF	CTCF
-562	51	54.541643806195104	CTCF	CTCF
-561	51	54.64856900160219	CTCF	CTCF
-560	46	54.697393688356286	CTCF	CTCF
-559	61	54.62263780401734	CTCF	CTCF
-558	54	54.57375718528064	CTCF	CTCF
-557	57	54.5312352996659	CTCF	CTCF
-556	53	54.48038943856528	CTCF	CTCF
-555	53	54.41250291220799	CTCF	CTCF
-554	44	54.45546040749788	CTCF	CTCF
-553	57	54.70733901287429	CTCF	CTCF
-552	42	54.70198162495672	CTCF	CTCF
-551	64	54.498385720089125	CTCF	CTCF
-550	48	54.53895323990523	CTCF	CTCF
-549	59	54.65057044384821	CTCF	CTCF
-548	75	54.81376150316089	CTCF	CTCF
-547	54	54.75236375993363	CTCF	CTCF
-546	59	54.73853646110579	CTCF	CTCF
-545	54	54.53265569422981	CTCF	CTCF
-544	72	54.51959732216106	CTCF	CTCF
-543	54	54.64624982293444	CTCF	CTCF
-542	44	54.614757821573036	CTCF	CTCF
-541	68	54.68625704701241	CTCF	CTCF
-540	54	54.61294711758843	CTCF	CTCF
-539	52	54.59885724390512	CTCF	CTCF
-538	65	54.681803310635246	CTCF	CTCF
-537	61	54.64722639935613	CTCF	CTCF
-536	45	54.56210649522665	CTCF	CTCF
-535	60	54.54485120564099	CTCF	CTCF
-534	59	54.49701072391756	CTCF	CTCF
-533	57	54.58821209449896	CTCF	CTCF
-532	48	54.657028399909485	CTCF	CTCF
-531	54	54.67231048683527	CTCF	CTCF
-530	62	54.60713643416095	CTCF	CTCF
-529	51	54.69927590589152	CTCF	CTCF
-528	51	54.65753241962216	CTCF	CTCF
-527	62	54.734472128838945	CTCF	CTCF
-526	65	54.65447944532025	CTCF	CTCF
-525	54	54.629797750992225	CTCF	CTCF
-524	50	54.60882793372133	CTCF	CTCF
-523	60	54.425314235915415	CTCF	CTCF
-522	58	54.51465288858161	CTCF	CTCF
-521	58	54.69536859132786	CTCF	CTCF
-520	49	54.929949522133256	CTCF	CTCF
-519	52	54.80802501992818	CTCF	CTCF
-518	61	54.718268661725865	CTCF	CTCF
-517	55	54.65960350789311	CTCF	CTCF
-516	59	54.488977599828566	CTCF	CTCF
-515	54	54.32861948630202	CTCF	CTCF
-514	61	54.63622553064418	CTCF	CTCF
-513	54	54.712854189021755	CTCF	CTCF
-512	69	54.4611448562719	CTCF	CTCF
-511	47	54.50202040911625	CTCF	CTCF
-510	54	54.68973740841989	CTCF	CTCF
-509	47	54.52454199350461	CTCF	CTCF
-508	55	54.50119844568851	CTCF	CTCF
-507	54	54.52050391827945	CTCF	CTCF
-506	51	54.67903098632679	CTCF	CTCF
-505	53	54.41973170429908	CTCF	CTCF
-504	59	54.55704016787323	CTCF	CTCF
-503	62	54.80868061876737	CTCF	CTCF
-502	53	54.74395687396928	CTCF	CTCF
-501	47	54.78500702316487	CTCF	CTCF
-500	47	54.788754260145865	CTCF	CTCF
-499	46	54.644555098228864	CTCF	CTCF
-498	48	54.60429129183195	CTCF	CTCF
-497	47	54.56847001358625	CTCF	CTCF
-496	51	54.53657209434042	CTCF	CTCF
-495	55	54.64443107298255	CTCF	CTCF
-494	58	54.72646503070121	CTCF	CTCF
-493	50	54.58248603704577	CTCF	CTCF
-492	55	54.49080892272562	CTCF	CTCF
-491	54	54.74390474736791	CTCF	CTCF
-490	53	54.64849211522284	CTCF	CTCF
-489	46	54.647398990586424	CTCF	CTCF
-488	53	54.654475819057	CTCF	CTCF
-487	59	54.72551163911554	CTCF	CTCF
-486	62	54.763095724589675	CTCF	CTCF
-485	50	54.80684687423776	CTCF	CTCF
-484	43	54.54622828631607	CTCF	CTCF
-483	47	54.59792628234486	CTCF	CTCF
-482	60	54.47517796599998	CTCF	CTCF
-481	57	54.57856865153912	CTCF	CTCF
-480	67	54.61879126422845	CTCF	CTCF
-479	57	54.751654156666305	CTCF	CTCF
-478	54	54.55994500192592	CTCF	CTCF
-477	36	54.555050797775905	CTCF	CTCF
-476	59	54.60574016011715	CTCF	CTCF
-475	54	54.43384509124264	CTCF	CTCF
-474	63	54.63618539218421	CTCF	CTCF
-473	46	54.69056222669805	CTCF	CTCF
-472	61	54.47313841286151	CTCF	CTCF
-471	57	54.410455616362334	CTCF	CTCF
-470	49	54.517654830572546	CTCF	CTCF
-469	52	54.66145637077935	CTCF	CTCF
-468	56	54.479705900428776	CTCF	CTCF
-467	54	54.64957814466562	CTCF	CTCF
-466	53	54.67409047653566	CTCF	CTCF
-465	47	54.85727183323395	CTCF	CTCF
-464	60	54.79041056337115	CTCF	CTCF
-463	55	54.791285023683606	CTCF	CTCF
-462	44	54.7897779140508	CTCF	CTCF
-461	63	54.72382619741954	CTCF	CTCF
-460	37	54.80152752769431	CTCF	CTCF
-459	51	54.74593632575913	CTCF	CTCF
-458	55	54.67005405883858	CTCF	CTCF
-457	45	54.7500036764212	CTCF	CTCF
-456	48	54.76332919032166	CTCF	CTCF
-455	52	54.709845536263344	CTCF	CTCF
-454	50	54.46954961027048	CTCF	CTCF
-453	71	54.45709941647927	CTCF	CTCF
-452	50	54.46839881890402	CTCF	CTCF
-451	54	54.6441752570373	CTCF	CTCF
-450	52	54.564074847456695	CTCF	CTCF
-449	58	54.79327739688189	CTCF	CTCF
-448	60	54.701772451956536	CTCF	CTCF
-447	56	54.774149325293074	CTCF	CTCF
-446	64	54.651964766357935	CTCF	CTCF
-445	56	54.53561387967074	CTCF	CTCF
-444	58	54.72943723569381	CTCF	CTCF
-443	53	54.68935911638951	CTCF	CTCF
-442	47	54.405829873259485	CTCF	CTCF
-441	59	54.576535709554065	CTCF	CTCF
-440	58	54.72467048551503	CTCF	CTCF
-439	48	54.77231582476725	CTCF	CTCF
-438	57	54.54550244202761	CTCF	CTCF
-437	46	54.53087674987761	CTCF	CTCF
-436	47	54.64249001733139	CTCF	CTCF
-435	54	54.62733939112162	CTCF	CTCF
-434	43	54.48713269874662	CTCF	CTCF
-433	55	54.50404552200268	CTCF	CTCF
-432	40	54.70325091101102	CTCF	CTCF
-431	56	54.59804524571376	CTCF	CTCF
-430	47	54.618255746832865	CTCF	CTCF
-429	51	54.758291035428925	CTCF	CTCF
-428	53	54.6674893519569	CTCF	CTCF
-427	53	54.64987265536851	CTCF	CTCF
-426	53	54.58769854679634	CTCF	CTCF
-425	67	54.713215831173414	CTCF	CTCF
-424	43	54.77913900153472	CTCF	CTCF
-423	68	54.79877417978765	CTCF	CTCF
-422	63	54.68226713357399	CTCF	CTCF
-421	45	54.74575592537545	CTCF	CTCF
-420	40	54.59739160452778	CTCF	CTCF
-419	58	54.55609080597268	CTCF	CTCF
-418	38	54.60196060871534	CTCF	CTCF
-417	51	54.62777066768627	CTCF	CTCF
-416	50	54.734513400751275	CTCF	CTCF
-415	59	54.67534664872699	CTCF	CTCF
-414	52	54.71327712021873	CTCF	CTCF
-413	59	54.634609949609555	CTCF	CTCF
-412	50	54.63130667178892	CTCF	CTCF
-411	48	54.72951965942966	CTCF	CTCF
-410	53	54.79744885334465	CTCF	CTCF
-409	47	54.72792745618763	CTCF	CTCF
-408	58	54.7134095779842	CTCF	CTCF
-407	46	54.740776324242276	CTCF	CTCF
-406	56	54.80783168867418	CTCF	CTCF
-405	54	54.671291213581725	CTCF	CTCF
-404	57	54.609009806216015	CTCF	CTCF
-403	50	54.675648439686796	CTCF	CTCF
-402	49	54.677257554372574	CTCF	CTCF
-401	61	54.51004865763395	CTCF	CTCF
-400	57	54.64667013200288	CTCF	CTCF
-399	52	54.77832903093617	CTCF	CTCF
-398	48	54.69079357117205	CTCF	CTCF
-397	52	54.89202428336439	CTCF	CTCF
-396	64	54.58126399641234	CTCF	CTCF
-395	53	54.63354116719338	CTCF	CTCF
-394	66	54.69074486422752	CTCF	CTCF
-393	52	54.67483699503038	CTCF	CTCF
-392	60	54.668386084414664	CTCF	CTCF
-391	45	54.634625271026444	CTCF	CTCF
-390	49	54.835948070388056	CTCF	CTCF
-389	62	54.787173395029505	CTCF	CTCF
-388	57	54.465636395566754	CTCF	CTCF
-387	44	54.35704752357553	CTCF	CTCF
-386	49	54.859734071309575	CTCF	CTCF
-385	54	54.886415886620064	CTCF	CTCF
-384	61	54.717501729898395	CTCF	CTCF
-383	54	54.590230691583756	CTCF	CTCF
-382	50	54.63168645963992	CTCF	CTCF
-381	43	54.69813701543744	CTCF	CTCF
-380	55	54.64562834658565	CTCF	CTCF
-379	55	54.5116890008074	CTCF	CTCF
-378	51	54.59962832277823	CTCF	CTCF
-377	64	54.93494412149464	CTCF	CTCF
-376	54	54.81115539100563	CTCF	CTCF
-375	59	54.75394882559863	CTCF	CTCF
-374	57	54.74114973368647	CTCF	CTCF
-373	55	54.92341726988876	CTCF	CTCF
-372	52	54.71987679196144	CTCF	CTCF
-371	46	54.66952397890791	CTCF	CTCF
-370	61	54.68137234573225	CTCF	CTCF
-369	51	54.819627026591014	CTCF	CTCF
-368	64	54.75272482078347	CTCF	CTCF
-367	61	54.696663601023914	CTCF	CTCF
-366	47	54.520286535207035	CTCF	CTCF
-365	66	54.65286131417597	CTCF	CTCF
-364	66	54.837990965161076	CTCF	CTCF
-363	60	54.722224450858846	CTCF	CTCF
-362	56	54.620277658194226	CTCF	CTCF
-361	45	54.69709857156562	CTCF	CTCF
-360	55	54.60142704230369	CTCF	CTCF
-359	57	54.6673455745774	CTCF	CTCF
-358	50	54.81746444183385	CTCF	CTCF
-357	64	54.774011185134334	CTCF	CTCF
-356	55	54.690461444562864	CTCF	CTCF
-355	70	54.76234058171612	CTCF	CTCF
-354	54	54.65646243302102	CTCF	CTCF
-353	57	54.613285477294035	CTCF	CTCF
-352	50	54.724742196602634	CTCF	CTCF
-351	52	54.57991275928744	CTCF	CTCF
-350	48	54.58998966154784	CTCF	CTCF
-349	58	54.794458102815476	CTCF	CTCF
-348	55	54.776920434070014	CTCF	CTCF
-347	51	54.76386082463385	CTCF	CTCF
-346	65	54.76153131740134	CTCF	CTCF
-345	45	54.570435202033686	CTCF	CTCF
-344	56	54.513330120525	CTCF	CTCF
-343	45	54.56013676989857	CTCF	CTCF
-342	45	54.70283106407077	CTCF	CTCF
-341	57	54.9152671874582	CTCF	CTCF
-340	58	54.796663157579616	CTCF	CTCF
-339	51	54.68437603360731	CTCF	CTCF
-338	52	54.887218096141275	CTCF	CTCF
-337	60	54.73527916675009	CTCF	CTCF
-336	51	54.73254204221451	CTCF	CTCF
-335	49	54.46458243273693	CTCF	CTCF
-334	52	54.37182197895092	CTCF	CTCF
-333	49	54.69459384995611	CTCF	CTCF
-332	60	54.6596392887869	CTCF	CTCF
-331	56	54.69676558260185	CTCF	CTCF
-330	56	54.64851603770411	CTCF	CTCF
-329	66	54.7619562358572	CTCF	CTCF
-328	44	54.82680013642114	CTCF	CTCF
-327	46	54.78433831249378	CTCF	CTCF
-326	63	54.73287863747172	CTCF	CTCF
-325	41	54.570415760807755	CTCF	CTCF
-324	47	54.64548226662024	CTCF	CTCF
-323	56	54.68394610692359	CTCF	CTCF
-322	54	54.795778207746594	CTCF	CTCF
-321	54	54.65650530779221	CTCF	CTCF
-320	48	54.6633293725162	CTCF	CTCF
-319	45	54.75187092022165	CTCF	CTCF
-318	60	54.970411523553956	CTCF	CTCF
-317	64	54.86358209640997	CTCF	CTCF
-316	53	54.87319437816099	CTCF	CTCF
-315	48	54.82520289642144	CTCF	CTCF
-314	47	54.62013258071904	CTCF	CTCF
-313	57	54.8674311144383	CTCF	CTCF
-312	52	54.68020961373759	CTCF	CTCF
-311	46	54.62682099564907	CTCF	CTCF
-310	56	54.59860527132522	CTCF	CTCF
-309	50	54.788535421434915	CTCF	CTCF
-308	47	54.763986469357604	CTCF	CTCF
-307	54	54.871095051648446	CTCF	CTCF
-306	47	54.758500492857706	CTCF	CTCF
-305	48	54.959873302182174	CTCF	CTCF
-304	54	54.885222364125184	CTCF	CTCF
-303	64	54.89445377091473	CTCF	CTCF
-302	57	55.08116806941894	CTCF	CTCF
-301	47	54.938250094075805	CTCF	CTCF
-300	55	54.721306095745035	CTCF	CTCF
-299	56	54.65967820914517	CTCF	CTCF
-298	50	54.674186961238014	CTCF	CTCF
-297	54	54.6864809546743	CTCF	CTCF
-296	53	54.85115499772145	CTCF	CTCF
-295	70	54.90084947122783	CTCF	CTCF
-294	48	54.69687449155513	CTCF	CTCF
-293	61	54.83296930394351	CTCF	CTCF
-292	46	54.72701552312585	CTCF	CTCF
-291	67	54.88312304055389	CTCF	CTCF
-290	68	54.85307587798725	CTCF	CTCF
-289	55	54.959391132246786	CTCF	CTCF
-288	59	54.81622026534092	CTCF	CTCF
-287	60	54.73431651262867	CTCF	CTCF
-286	57	54.881337802054325	CTCF	CTCF
-285	46	54.8302745427228	CTCF	CTCF
-284	46	54.64465332272743	CTCF	CTCF
-283	60	54.62026982793639	CTCF	CTCF
-282	47	54.91877786102766	CTCF	CTCF
-281	55	55.005464918762875	CTCF	CTCF
-280	55	54.74693909729523	CTCF	CTCF
-279	58	54.651911305594076	CTCF	CTCF
-278	41	54.72922997665654	CTCF	CTCF
-277	44	54.7985102823202	CTCF	CTCF
-276	56	54.66342640458107	CTCF	CTCF
-275	55	54.89675664031962	CTCF	CTCF
-274	55	54.85179494364395	CTCF	CTCF
-273	54	54.72595622734785	CTCF	CTCF
-272	57	54.84319809679836	CTCF	CTCF
-271	56	54.80115617715128	CTCF	CTCF
-270	51	54.74944041171592	CTCF	CTCF
-269	59	54.60367072901761	CTCF	CTCF
-268	52	54.69243532740265	CTCF	CTCF
-267	58	54.64499247513319	CTCF	CTCF
-266	52	54.78016779711444	CTCF	CTCF
-265	52	54.68178942978481	CTCF	CTCF
-264	62	54.734713887202176	CTCF	CTCF
-263	56	54.98010989832696	CTCF	CTCF
-262	59	54.7862612986739	CTCF	CTCF
-261	52	54.75588618077361	CTCF	CTCF
-260	56	54.862757508050706	CTCF	CTCF
-259	59	54.794155843073504	CTCF	CTCF
-258	43	54.79239419895198	CTCF	CTCF
-257	57	54.77128943243489	CTCF	CTCF
-256	38	54.81382173981055	CTCF	CTCF
-255	48	54.869063309153745	CTCF	CTCF
-254	59	54.95136805443109	CTCF	CTCF
-253	54	54.69059883361088	CTCF	CTCF
-252	52	54.72289087255647	CTCF	CTCF
-251	51	54.7069175669431	CTCF	CTCF
-250	63	54.694169243943236	CTCF	CTCF
-249	65	54.6019856559354	CTCF	CTCF
-248	47	54.60028684833813	CTCF	CTCF
-247	59	54.63450094367846	CTCF	CTCF
-246	49	54.513099563416645	CTCF	CTCF
-245	43	54.57867977167596	CTCF	CTCF
-244	49	54.77212245045394	CTCF	CTCF
-243	71	54.76580096455477	CTCF	CTCF
-242	44	54.878312593855284	CTCF	CTCF
-241	56	54.78620563044538	CTCF	CTCF
-240	65	54.64769698560101	CTCF	CTCF
-239	61	54.568306695772776	CTCF	CTCF
-238	47	54.535903788826786	CTCF	CTCF
-237	63	54.6443434366457	CTCF	CTCF
-236	52	54.700164552528136	CTCF	CTCF
-235	70	54.62839588573953	CTCF	CTCF
-234	60	54.65916245003247	CTCF	CTCF
-233	51	54.56262120416926	CTCF	CTCF
-232	47	54.46757926222573	CTCF	CTCF
-231	57	54.584754537609136	CTCF	CTCF
-230	47	54.509736235994545	CTCF	CTCF
-229	58	54.51407025394603	CTCF	CTCF
-228	60	54.47194531301201	CTCF	CTCF
-227	55	54.475046534138976	CTCF	CTCF
-226	55	54.57001850862051	CTCF	CTCF
-225	67	54.60021075723737	CTCF	CTCF
-224	46	54.623172451975265	CTCF	CTCF
-223	46	54.51167609660506	CTCF	CTCF
-222	53	54.583418606712414	CTCF	CTCF
-221	49	54.49409642320539	CTCF	CTCF
-220	57	54.47723812699649	CTCF	CTCF
-219	53	54.515949181864855	CTCF	CTCF
-218	51	54.66987559006144	CTCF	CTCF
-217	57	54.65081256778331	CTCF	CTCF
-216	49	54.7150068800355	CTCF	CTCF
-215	53	54.6549853829579	CTCF	CTCF
-214	63	54.534536310091156	CTCF	CTCF
-213	50	54.63122719128281	CTCF	CTCF
-212	54	54.791576993545945	CTCF	CTCF
-211	66	54.857622537119816	CTCF	CTCF
-210	53	55.160135844158994	CTCF	CTCF
-209	63	55.14615994846103	CTCF	CTCF
-208	50	55.113443538937794	CTCF	CTCF
-207	49	55.16689660879821	CTCF	CTCF
-206	53	55.16971368662326	CTCF	CTCF
-205	65	55.24986813519878	CTCF	CTCF
-204	55	55.184929523835734	CTCF	CTCF
-203	54	55.23774914884561	CTCF	CTCF
-202	44	55.38790958899989	CTCF	CTCF
-201	58	55.4257449708412	CTCF	CTCF
-200	57	55.22146832144359	CTCF	CTCF
-199	47	54.94192034565766	CTCF	CTCF
-198	60	54.84382104941835	CTCF	CTCF
-197	49	54.94384948822751	CTCF	CTCF
-196	48	54.81222421228991	CTCF	CTCF
-195	44	54.81908070236014	CTCF	CTCF
-194	51	54.80909749468201	CTCF	CTCF
-193	48	54.931686159946274	CTCF	CTCF
-192	49	54.95882703018447	CTCF	CTCF
-191	52	54.986004417814925	CTCF	CTCF
-190	44	55.11295070472659	CTCF	CTCF
-189	53	55.153684918613315	CTCF	CTCF
-188	61	54.84291818730487	CTCF	CTCF
-187	51	54.79180709154536	CTCF	CTCF
-186	65	54.82086603875471	CTCF	CTCF
-185	52	54.881642678968156	CTCF	CTCF
-184	54	54.77495077867928	CTCF	CTCF
-183	52	54.779741761199574	CTCF	CTCF
-182	49	54.96550182275861	CTCF	CTCF
-181	49	54.84075988653864	CTCF	CTCF
-180	60	54.93535361043986	CTCF	CTCF
-179	50	54.857520967849226	CTCF	CTCF
-178	48	54.81379400856761	CTCF	CTCF
-177	44	54.70635625372904	CTCF	CTCF
-176	61	54.6362012446725	CTCF	CTCF
-175	47	54.58254152525541	CTCF	CTCF
-174	36	54.7045160360593	CTCF	CTCF
-173	58	54.684801160726536	CTCF	CTCF
-172	45	54.677056358099854	CTCF	CTCF
-171	61	54.98404923306519	CTCF	CTCF
-170	48	55.056129373681884	CTCF	CTCF
-169	67	55.021898203849275	CTCF	CTCF
-168	58	54.91274354702954	CTCF	CTCF
-167	58	54.863111263381626	CTCF	CTCF
-166	50	54.99061242589158	CTCF	CTCF
-165	54	55.090869807408474	CTCF	CTCF
-164	70	55.233903628292424	CTCF	CTCF
-163	56	55.21942959067831	CTCF	CTCF
-162	59	55.19714290430483	CTCF	CTCF
-161	52	55.089688129608426	CTCF	CTCF
-160	54	54.97006814950502	CTCF	CTCF
-159	57	55.1072545132787	CTCF	CTCF
-158	52	55.417973898186034	CTCF	CTCF
-157	69	55.29358273338369	CTCF	CTCF
-156	35	55.230366343594376	CTCF	CTCF
-155	53	55.37416391482711	CTCF	CTCF
-154	49	55.1928072703658	CTCF	CTCF
-153	59	55.139995146563386	CTCF	CTCF
-152	62	55.052795532976354	CTCF	CTCF
-151	44	54.96926741414617	CTCF	CTCF
-150	49	54.859353132660004	CTCF	CTCF
-149	56	54.75629722694606	CTCF	CTCF
-148	42	54.97522587650072	CTCF	CTCF
-147	57	55.15512767651909	CTCF	CTCF
-146	66	55.12224430901417	CTCF	CTCF
-145	59	55.11183708858469	CTCF	CTCF
-144	73	54.798149236885614	CTCF	CTCF
-143	66	54.81858994104924	CTCF	CTCF
-142	51	54.99053435331773	CTCF	CTCF
-141	49	54.876862862924696	CTCF	CTCF
-140	44	54.85788646594407	CTCF	CTCF
-139	59	55.01373539536129	CTCF	CTCF
-138	50	55.175113224811376	CTCF	CTCF
-137	57	55.06656660089085	CTCF	CTCF
-136	51	54.86475318695021	CTCF	CTCF
-135	68	54.6074812873605	CTCF	CTCF
-134	58	54.58308633787488	CTCF	CTCF
-133	49	54.5163436086878	CTCF	CTCF
-132	50	55.04160552917968	CTCF	CTCF
-131	46	55.07705269134983	CTCF	CTCF
-130	53	54.71976186269857	CTCF	CTCF
-129	50	54.68790168123143	CTCF	CTCF
-128	54	54.775321083965544	CTCF	CTCF
-127	59	54.974501787258305	CTCF	CTCF
-126	53	54.99432686217678	CTCF	CTCF
-125	63	54.77949183481454	CTCF	CTCF
-124	57	54.915004213210345	CTCF	CTCF
-123	48	55.03990175328284	CTCF	CTCF
-122	60	55.12303337504648	CTCF	CTCF
-121	45	54.709555586265125	CTCF	CTCF
-120	55	55.02128538196881	CTCF	CTCF
-119	65	55.098505515403275	CTCF	CTCF
-118	60	55.14402097444838	CTCF	CTCF
-117	49	54.94790684860697	CTCF	CTCF
-116	52	54.74601136711226	CTCF	CTCF
-115	75	54.913287247070144	CTCF	CTCF
-114	57	55.06968885696811	CTCF	CTCF
-113	62	55.1560153879271	CTCF	CTCF
-112	65	55.02831868424035	CTCF	CTCF
-111	67	55.11709051961618	CTCF	CTCF
-110	62	55.09829238069068	CTCF	CTCF
-109	45	55.05545472155011	CTCF	CTCF
-108	53	54.9674917041789	CTCF	CTCF
-107	54	54.60166955280571	CTCF	CTCF
-106	60	54.67620759193392	CTCF	CTCF
-105	49	54.8361349914253	CTCF	CTCF
-104	60	54.90342607845753	CTCF	CTCF
-103	55	55.05871637703063	CTCF	CTCF
-102	64	55.07249484018239	CTCF	CTCF
-101	57	55.31086739734587	CTCF	CTCF
-100	43	55.33512029528317	CTCF	CTCF
-99	53	54.86005695745888	CTCF	CTCF
-98	57	54.851378805335564	CTCF	CTCF
-97	65	54.78595333204089	CTCF	CTCF
-96	47	54.92230139013055	CTCF	CTCF
-95	60	54.78146669756843	CTCF	CTCF
-94	56	54.683719307595574	CTCF	CTCF
-93	59	54.460744983771775	CTCF	CTCF
-92	60	54.7017226459765	CTCF	CTCF
-91	64	54.72520493076838	CTCF	CTCF
-90	70	54.3850465629017	CTCF	CTCF
-89	60	54.36657182537593	CTCF	CTCF
-88	58	54.34763823862851	CTCF	CTCF
-87	44	54.57659883745541	CTCF	CTCF
-86	57	55.04162461010039	CTCF	CTCF
-85	54	54.97763524190956	CTCF	CTCF
-84	53	54.54556242646918	CTCF	CTCF
-83	69	54.16180532763679	CTCF	CTCF
-82	49	54.15670939781388	CTCF	CTCF
-81	61	54.2680871316975	CTCF	CTCF
-80	45	54.192584678078155	CTCF	CTCF
-79	61	54.26834108965498	CTCF	CTCF
-78	55	54.20848595838826	CTCF	CTCF
-77	47	54.3836430575352	CTCF	CTCF
-76	49	54.54444050362716	CTCF	CTCF
-75	66	54.38023404637595	CTCF	CTCF
-74	54	54.59206363515822	CTCF	CTCF
-73	58	54.873076901457274	CTCF	CTCF
-72	65	55.0766564222477	CTCF	CTCF
-71	47	55.227841431693044	CTCF	CTCF
-70	62	55.239375039062736	CTCF	CTCF
-69	48	55.661686135768115	CTCF	CTCF
-68	71	56.02197723471385	CTCF	CTCF
-67	61	55.2283992152576	CTCF	CTCF
-66	52	55.7550693887476	CTCF	CTCF
-65	43	55.343402749047776	CTCF	CTCF
-64	46	55.0094371071163	CTCF	CTCF
-63	51	55.300837923145615	CTCF	CTCF
-62	54	55.318114443558564	CTCF	CTCF
-61	65	55.57205592503917	CTCF	CTCF
-60	59	55.797196708662405	CTCF	CTCF
-59	65	55.753235055241404	CTCF	CTCF
-58	43	56.024270005403814	CTCF	CTCF
-57	47	56.281490014631956	CTCF	CTCF
-56	42	55.60373594498264	CTCF	CTCF
-55	56	55.57646938214198	CTCF	CTCF
-54	55	55.83362982911242	CTCF	CTCF
-53	48	55.110204033330575	CTCF	CTCF
-52	51	55.654841944886165	CTCF	CTCF
-51	58	55.73432633404126	CTCF	CTCF
-50	48	55.43226261836149	CTCF	CTCF
-49	60	55.51839263708011	CTCF	CTCF
-48	54	55.292159320080245	CTCF	CTCF
-47	50	55.93942239795144	CTCF	CTCF
-46	41	55.905422629858826	CTCF	CTCF
-45	51	55.421792013075915	CTCF	CTCF
-44	49	55.3305555515508	CTCF	CTCF
-43	64	55.55469087549425	CTCF	CTCF
-42	58	55.130828847646285	CTCF	CTCF
-41	62	55.03962425402757	CTCF	CTCF
-40	44	55.798880077960135	CTCF	CTCF
-39	64	55.23765718266938	CTCF	CTCF
-38	55	54.642781385609894	CTCF	CTCF
-37	52	55.488518426506346	CTCF	CTCF
-36	63	55.66331613605519	CTCF	CTCF
-35	56	55.74459322884626	CTCF	CTCF
-34	52	55.666512903128364	CTCF	CTCF
-33	58	54.79266195849758	CTCF	CTCF
-32	69	55.306477544769976	CTCF	CTCF
-31	51	55.40841018787976	CTCF	CTCF
-30	62	55.50369827959969	CTCF	CTCF
-29	37	54.96577186387495	CTCF	CTCF
-28	56	55.94458665690434	CTCF	CTCF
-27	58	55.743608180500566	CTCF	CTCF
-26	60	56.36552958243995	CTCF	CTCF
-25	53	55.95569295669014	CTCF	CTCF
-24	59	55.120708853694794	CTCF	CTCF
-23	51	54.8475207145187	CTCF	CTCF
-22	65	55.689082569158806	CTCF	CTCF
-21	55	55.39427420452996	CTCF	CTCF
-20	50	55.89826975776848	CTCF	CTCF
-19	53	56.60026217325546	CTCF	CTCF
-18	70	55.53356237084782	CTCF	CTCF
-17	70	55.00556549398667	CTCF	CTCF
-16	63	55.03181035971888	CTCF	CTCF
-15	65	56.00767739319381	CTCF	CTCF
-14	54	56.371736766865524	CTCF	CTCF
-13	64	55.277131095785634	CTCF	CTCF
-12	60	55.284622122008855	CTCF	CTCF
-11	70	55.70392315508527	CTCF	CTCF
-10	64	55.544555352691944	CTCF	CTCF
-9	48	54.5253348922868	CTCF	CTCF
-8	49	55.79155432579941	CTCF	CTCF
-7	57	56.09789673786253	CTCF	CTCF
-6	67	58.61710751588966	CTCF	CTCF
-5	58	60.534653030814475	CTCF	CTCF
-4	53	53.58244004410426	CTCF	CTCF
-3	50	60.56355249459278	CTCF	CTCF
-2	59	57.40087280150309	CTCF	CTCF
-1	45	52.8803831665191	CTCF	CTCF
0	59	63.10303493350697	CTCF	CTCF
1	51	52.867632062620594	CTCF	CTCF
2	65	57.40958835824829	CTCF	CTCF
3	53	60.53594844048207	CTCF	CTCF
4	54	53.65769166650298	CTCF	CTCF
5	53	60.55524614745106	CTCF	CTCF
6	38	58.49994859192668	CTCF	CTCF
7	48	56.189846472532885	CTCF	CTCF
8	52	55.66325805944527	CTCF	CTCF
9	38	54.43532606167597	CTCF	CTCF
10	46	55.55495406055986	CTCF	CTCF
11	45	55.59527404987165	CTCF	CTCF
12	54	55.216189656193805	CTCF	CTCF
13	41	55.44329544492318	CTCF	CTCF
14	54	56.35221339577163	CTCF	CTCF
15	47	56.17389162723622	CTCF	CTCF
16	57	55.142689052960044	CTCF	CTCF
17	54	55.12799738710036	CTCF	CTCF
18	39	55.64240252494146	CTCF	CTCF
19	51	56.62694337448623	CTCF	CTCF
20	61	55.884214105770056	CTCF	CTCF
21	57	55.613964523344144	CTCF	CTCF
22	57	55.7740705076817	CTCF	CTCF
23	59	54.649887431658314	CTCF	CTCF
24	49	55.270856322449454	CTCF	CTCF
25	57	56.082308662861344	CTCF	CTCF
26	65	56.278718790171325	CTCF	CTCF
27	55	55.80487016507242	CTCF	CTCF
28	55	55.904226549648044	CTCF	CTCF
29	55	55.05119524489795	CTCF	CTCF
30	62	55.33577747958804	CTCF	CTCF
31	58	55.52574363750887	CTCF	CTCF
32	59	55.48995156847498	CTCF	CTCF
33	47	54.87048914378008	CTCF	CTCF
34	57	55.56562546692536	CTCF	CTCF
35	66	55.78584935417948	CTCF	CTCF
36	57	55.69101641207398	CTCF	CTCF
37	50	55.28376103961765	CTCF	CTCF
38	54	54.60411426464976	CTCF	CTCF
39	55	55.33411858744283	CTCF	CTCF
40	49	55.74378554020735	CTCF	CTCF
41	47	54.87029317837893	CTCF	CTCF
42	48	55.063354232394694	CTCF	CTCF
43	67	55.244069411680016	CTCF	CTCF
44	61	55.25867431923772	CTCF	CTCF
45	61	55.33338117146343	CTCF	CTCF
46	53	55.74017466016856	CTCF	CTCF
47	53	55.9760596207175	CTCF	CTCF
48	51	55.00594381189424	CTCF	CTCF
49	46	55.39908696094868	CTCF	CTCF
50	53	55.36960437554035	CTCF	CTCF
51	61	55.61732228763503	CTCF	CTCF
52	62	55.547552992292516	CTCF	CTCF
53	59	55.113916616269975	CTCF	CTCF
54	53	55.77675949751284	CTCF	CTCF
55	40	55.49722671586674	CTCF	CTCF
56	55	55.653831642600466	CTCF	CTCF
57	56	56.27545268117372	CTCF	CTCF
58	51	55.84814430508372	CTCF	CTCF
59	53	55.835815120035704	CTCF	CTCF
60	56	55.92546372876355	CTCF	CTCF
61	57	55.63283395158185	CTCF	CTCF
62	61	55.41786914175281	CTCF	CTCF
63	56	55.27938005880886	CTCF	CTCF
64	52	54.568976061482324	CTCF	CTCF
65	50	55.131921942629724	CTCF	CTCF
66	61	55.781546948205786	CTCF	CTCF
67	57	55.047960400490496	CTCF	CTCF
68	53	55.88273251282567	CTCF	CTCF
69	52	55.742766347371536	CTCF	CTCF
70	54	55.2968993345249	CTCF	CTCF
71	65	55.183014180536524	CTCF	CTCF
72	45	54.91292291969525	CTCF	CTCF
73	72	54.55189389986848	CTCF	CTCF
74	62	54.7086433775077	CTCF	CTCF
75	55	54.57244991606192	CTCF	CTCF
76	46	54.615208950923595	CTCF	CTCF
77	56	54.59977020478284	CTCF	CTCF
78	52	54.408271895663496	CTCF	CTCF
79	54	54.15794298433546	CTCF	CTCF
80	47	54.084717695038115	CTCF	CTCF
81	59	54.040901148805574	CTCF	CTCF
82	57	54.05774550724705	CTCF	CTCF
83	55	54.36068665659472	CTCF	CTCF
84	57	54.71013599189635	CTCF	CTCF
85	43	54.78685427556444	CTCF	CTCF
86	55	55.03970814201153	CTCF	CTCF
87	56	54.559227506227856	CTCF	CTCF
88	57	54.35850490719232	CTCF	CTCF
89	57	54.26060795718968	CTCF	CTCF
90	49	54.22554684852564	CTCF	CTCF
91	57	54.52653096130213	CTCF	CTCF
92	37	54.63973034098618	CTCF	CTCF
93	58	54.45256616955603	CTCF	CTCF
94	54	54.76956901696456	CTCF	CTCF
95	56	54.77882051532129	CTCF	CTCF
96	46	54.74873120778186	CTCF	CTCF
97	54	54.88836043337414	CTCF	CTCF
98	54	54.99610069426857	CTCF	CTCF
99	68	55.0387749697194	CTCF	CTCF
100	53	55.37637797532487	CTCF	CTCF
101	48	55.244348855589095	CTCF	CTCF
102	49	55.2285649162129	CTCF	CTCF
103	53	54.9495705353579	CTCF	CTCF
104	66	54.906810967278155	CTCF	CTCF
105	50	54.79995333712404	CTCF	CTCF
106	72	54.29342134347901	CTCF	CTCF
107	63	54.48188708657063	CTCF	CTCF
108	53	55.018512333601265	CTCF	CTCF
109	46	55.02271975900185	CTCF	CTCF
110	46	54.89068909227377	CTCF	CTCF
111	51	55.07011917682831	CTCF	CTCF
112	59	55.20912996266709	CTCF	CTCF
113	61	55.195262491584266	CTCF	CTCF
114	42	55.138716316334104	CTCF	CTCF
115	60	54.738758359704	CTCF	CTCF
116	48	54.59258138688534	CTCF	CTCF
117	79	54.794406717471006	CTCF	CTCF
118	55	55.00572609910982	CTCF	CTCF
119	59	55.01691896302445	CTCF	CTCF
120	64	55.11806653466486	CTCF	CTCF
121	49	54.76087479117019	CTCF	CTCF
122	59	55.0335165282728	CTCF	CTCF
123	56	55.14029557680862	CTCF	CTCF
124	49	54.8178611526257	CTCF	CTCF
125	53	54.61031108453035	CTCF	CTCF
126	43	54.995740600743154	CTCF	CTCF
127	48	54.92038558123943	CTCF	CTCF
128	48	54.86807647369951	CTCF	CTCF
129	75	54.88194041644175	CTCF	CTCF
130	56	54.60945532061708	CTCF	CTCF
131	48	54.98917798281917	CTCF	CTCF
132	53	55.135116420072535	CTCF	CTCF
133	66	54.72083460965517	CTCF	CTCF
134	43	54.683503820541574	CTCF	CTCF
135	50	54.678015869540715	CTCF	CTCF
136	44	54.86812178168519	CTCF	CTCF
137	40	54.939077830642916	CTCF	CTCF
138	57	54.99712881551429	CTCF	CTCF
139	55	55.08335398776809	CTCF	CTCF
140	52	54.91421640505735	CTCF	CTCF
141	47	54.93628785149636	CTCF	CTCF
142	56	55.083078225056916	CTCF	CTCF
143	39	54.99383018056234	CTCF	CTCF
144	53	54.92288873261085	CTCF	CTCF
145	52	54.870422608766965	CTCF	CTCF
146	57	55.08190405802322	CTCF	CTCF
147	61	55.03211422646124	CTCF	CTCF
148	54	55.06720481427745	CTCF	CTCF
149	55	55.01265069831309	CTCF	CTCF
150	52	54.80825445805521	CTCF	CTCF
151	67	54.94155849743521	CTCF	CTCF
152	58	55.094297554435656	CTCF	CTCF
153	56	55.153088113807286	CTCF	CTCF
154	52	55.27445192871539	CTCF	CTCF
155	56	55.11168844396246	CTCF	CTCF
156	63	54.96388783320541	CTCF	CTCF
157	67	55.06142587819159	CTCF	CTCF
158	48	55.28736865795916	CTCF	CTCF
159	51	55.31593789996238	CTCF	CTCF
160	49	55.18346140674215	CTCF	CTCF
161	56	55.125518439716274	CTCF	CTCF
162	49	55.0866134755208	CTCF	CTCF
163	53	55.24724246708377	CTCF	CTCF
164	48	55.419359115650686	CTCF	CTCF
165	60	55.16826551937986	CTCF	CTCF
166	52	55.10616614677892	CTCF	CTCF
167	67	55.07767121334591	CTCF	CTCF
168	57	54.9562802410903	CTCF	CTCF
169	54	54.91441526287023	CTCF	CTCF
170	55	54.948162502589085	CTCF	CTCF
171	71	54.96998402757924	CTCF	CTCF
172	52	54.61009062780219	CTCF	CTCF
173	58	54.517338826707	CTCF	CTCF
174	58	54.803631347934584	CTCF	CTCF
175	67	54.65593147810273	CTCF	CTCF
176	55	54.780716053911725	CTCF	CTCF
177	74	54.784190896919014	CTCF	CTCF
178	66	54.698598781851175	CTCF	CTCF
179	61	54.777113794458316	CTCF	CTCF
180	61	55.04251071185026	CTCF	CTCF
181	51	54.96430028569134	CTCF	CTCF
182	41	54.82797931029798	CTCF	CTCF
183	56	54.88773754803161	CTCF	CTCF
184	46	54.967530595840294	CTCF	CTCF
185	44	54.712871305294165	CTCF	CTCF
186	47	54.923253132979035	CTCF	CTCF
187	47	55.01522815916052	CTCF	CTCF
188	52	55.098226933366384	CTCF	CTCF
189	60	55.07602267607523	CTCF	CTCF
190	45	55.11080122448788	CTCF	CTCF
191	60	55.10383904820163	CTCF	CTCF
192	75	55.282024173522586	CTCF	CTCF
193	52	55.16762438356587	CTCF	CTCF
194	51	54.80126417866178	CTCF	CTCF
195	60	54.874629233860524	CTCF	CTCF
196	53	54.761843149889465	CTCF	CTCF
197	54	54.79320557591918	CTCF	CTCF
198	51	54.88463443251594	CTCF	CTCF
199	56	54.948511742466266	CTCF	CTCF
200	65	55.094033843560055	CTCF	CTCF
201	55	55.44386042348094	CTCF	CTCF
202	57	55.44530879968803	CTCF	CTCF
203	41	55.15091404039938	CTCF	CTCF
204	60	55.41644027878711	CTCF	CTCF
205	56	55.409981058308524	CTCF	CTCF
206	44	55.31834106019676	CTCF	CTCF
207	55	55.19318508295141	CTCF	CTCF
208	57	55.04683382816513	CTCF	CTCF
209	44	55.16908368222221	CTCF	CTCF
210	51	55.058008103426346	CTCF	CTCF
211	64	55.05714707724936	CTCF	CTCF
212	48	54.8153428706046	CTCF	CTCF
213	54	54.81285889260339	CTCF	CTCF
214	57	54.77354862962123	CTCF	CTCF
215	56	54.64392873811499	CTCF	CTCF
216	54	54.582962378195454	CTCF	CTCF
217	55	54.717512001023835	CTCF	CTCF
218	36	54.82394570884844	CTCF	CTCF
219	51	54.753680284098934	CTCF	CTCF
220	54	54.513150251711636	CTCF	CTCF
221	60	54.48832950584192	CTCF	CTCF
222	57	54.69828770616593	CTCF	CTCF
223	56	54.50968461941606	CTCF	CTCF
224	44	54.555067579522614	CTCF	CTCF
225	56	54.6464110379194	CTCF	CTCF
226	45	54.587327336988906	CTCF	CTCF
227	49	54.38656098590554	CTCF	CTCF
228	52	54.58962329032717	CTCF	CTCF
229	51	54.68344999195306	CTCF	CTCF
230	79	54.76088521126452	CTCF	CTCF
231	66	54.67523329437129	CTCF	CTCF
232	58	54.64172137250535	CTCF	CTCF
233	51	54.66472631309188	CTCF	CTCF
234	62	54.4895064526694	CTCF	CTCF
235	48	54.45911234358469	CTCF	CTCF
236	62	54.76772586923726	CTCF	CTCF
237	48	54.67543594309502	CTCF	CTCF
238	76	54.58302003802422	CTCF	CTCF
239	33	54.74947557400359	CTCF	CTCF
240	60	54.640730084078825	CTCF	CTCF
241	56	54.56638839143528	CTCF	CTCF
242	51	54.720413828943435	CTCF	CTCF
243	54	54.72892707787957	CTCF	CTCF
244	47	54.608604503328316	CTCF	CTCF
245	53	54.812864776363035	CTCF	CTCF
246	60	54.852211436465076	CTCF	CTCF
247	52	54.65409414567592	CTCF	CTCF
248	52	54.67011347773188	CTCF	CTCF
249	54	54.57977594126331	CTCF	CTCF
250	46	54.75163780786194	CTCF	CTCF
251	51	54.67150551016941	CTCF	CTCF
252	76	54.58586837533831	CTCF	CTCF
253	56	54.66903857373031	CTCF	CTCF
254	53	54.589507653319416	CTCF	CTCF
255	62	54.69368189332717	CTCF	CTCF
256	55	54.63442718267422	CTCF	CTCF
257	61	54.698868699418696	CTCF	CTCF
258	71	54.942621463851474	CTCF	CTCF
259	49	54.61872985518153	CTCF	CTCF
260	58	54.76011465101329	CTCF	CTCF
261	54	54.8688264311058	CTCF	CTCF
262	56	54.82057693473324	CTCF	CTCF
263	49	54.66318336079785	CTCF	CTCF
264	44	54.80520173823287	CTCF	CTCF
265	36	54.7782496037564	CTCF	CTCF
266	54	54.758906366677635	CTCF	CTCF
267	61	54.78997374185312	CTCF	CTCF
268	60	54.95510431955414	CTCF	CTCF
269	49	54.751285366500284	CTCF	CTCF
270	47	54.69053495273213	CTCF	CTCF
271	46	54.73431575607029	CTCF	CTCF
272	61	54.800727572283236	CTCF	CTCF
273	51	54.65608018857881	CTCF	CTCF
274	62	54.80784447894566	CTCF	CTCF
275	60	54.723887578705614	CTCF	CTCF
276	61	54.940234166704634	CTCF	CTCF
277	54	54.79050733297125	CTCF	CTCF
278	57	54.83601143481789	CTCF	CTCF
279	55	54.75767800136279	CTCF	CTCF
280	48	54.67405840277822	CTCF	CTCF
281	49	54.80517682057358	CTCF	CTCF
282	54	54.83738669039779	CTCF	CTCF
283	57	54.794031359756715	CTCF	CTCF
284	57	54.64458569398564	CTCF	CTCF
285	54	54.8711247599887	CTCF	CTCF
286	60	54.98832833269977	CTCF	CTCF
287	66	54.87856019327828	CTCF	CTCF
288	52	54.76533169119086	CTCF	CTCF
289	52	54.636744484492745	CTCF	CTCF
290	51	54.659819136016004	CTCF	CTCF
291	53	54.730849366466906	CTCF	CTCF
292	51	54.83739913993367	CTCF	CTCF
293	42	54.820886309501546	CTCF	CTCF
294	52	54.80452423371031	CTCF	CTCF
295	64	54.6270999950143	CTCF	CTCF
296	72	54.649725214571355	CTCF	CTCF
297	63	54.734104038542625	CTCF	CTCF
298	45	54.60399633720625	CTCF	CTCF
299	62	54.66724437191101	CTCF	CTCF
300	64	54.41524671290265	CTCF	CTCF
301	53	54.46500535334061	CTCF	CTCF
302	59	54.728226895585415	CTCF	CTCF
303	52	54.806290025410036	CTCF	CTCF
304	67	54.63643319456351	CTCF	CTCF
305	60	54.52295719650104	CTCF	CTCF
306	66	54.7836077355029	CTCF	CTCF
307	66	54.87403826780818	CTCF	CTCF
308	63	54.65448325773552	CTCF	CTCF
309	46	54.821647810677156	CTCF	CTCF
310	57	54.87872215220309	CTCF	CTCF
311	64	54.817846105266014	CTCF	CTCF
312	64	54.84895561758583	CTCF	CTCF
313	62	54.885895994739485	CTCF	CTCF
314	44	54.97796445880644	CTCF	CTCF
315	58	54.91048902216614	CTCF	CTCF
316	63	54.70421311472464	CTCF	CTCF
317	57	54.82997305984233	CTCF	CTCF
318	62	54.82150383879932	CTCF	CTCF
319	62	54.53730973507408	CTCF	CTCF
320	56	54.74123549069282	CTCF	CTCF
321	53	54.9463551913044	CTCF	CTCF
322	39	54.76508959099501	CTCF	CTCF
323	57	54.77737067858936	CTCF	CTCF
324	51	54.64943624241428	CTCF	CTCF
325	48	54.56440440005684	CTCF	CTCF
326	54	54.684934998974036	CTCF	CTCF
327	52	54.647569584783554	CTCF	CTCF
328	52	54.52703209178931	CTCF	CTCF
329	54	54.55468859808673	CTCF	CTCF
330	66	54.87959227348233	CTCF	CTCF
331	57	54.75739024055913	CTCF	CTCF
332	55	54.83286026126896	CTCF	CTCF
333	58	54.58205620937683	CTCF	CTCF
334	55	54.43595303657069	CTCF	CTCF
335	56	54.769603829631784	CTCF	CTCF
336	39	55.01107762182479	CTCF	CTCF
337	61	54.798520238638716	CTCF	CTCF
338	53	54.6612713017409	CTCF	CTCF
339	47	54.53387142810327	CTCF	CTCF
340	57	54.558536480378486	CTCF	CTCF
341	56	54.67083247831139	CTCF	CTCF
342	50	54.71547459154181	CTCF	CTCF
343	59	54.75059807433393	CTCF	CTCF
344	50	54.578342756563906	CTCF	CTCF
345	55	54.58674291252804	CTCF	CTCF
346	51	54.631372823202796	CTCF	CTCF
347	62	54.67487200733192	CTCF	CTCF
348	55	54.66346694246791	CTCF	CTCF
349	53	54.582852330636754	CTCF	CTCF
350	69	54.83715301380123	CTCF	CTCF
351	49	54.91857048025461	CTCF	CTCF
352	82	54.88286148919558	CTCF	CTCF
353	58	54.72202188007738	CTCF	CTCF
354	57	54.730656688625515	CTCF	CTCF
355	62	54.70812760207646	CTCF	CTCF
356	69	54.66345053605078	CTCF	CTCF
357	51	54.61414906458494	CTCF	CTCF
358	56	54.66682104042535	CTCF	CTCF
359	64	54.732915052184325	CTCF	CTCF
360	53	54.755252652340495	CTCF	CTCF
361	41	54.656752077177124	CTCF	CTCF
362	65	54.639071350362435	CTCF	CTCF
363	50	54.65906144298982	CTCF	CTCF
364	57	54.935162986618444	CTCF	CTCF
365	52	54.79670289140796	CTCF	CTCF
366	56	54.630192402083985	CTCF	CTCF
367	49	54.649947131908945	CTCF	CTCF
368	52	54.780104076746355	CTCF	CTCF
369	55	54.82718559418683	CTCF	CTCF
370	60	54.7182125056899	CTCF	CTCF
371	52	54.68186968203368	CTCF	CTCF
372	54	54.71913893871744	CTCF	CTCF
373	60	54.78491571078486	CTCF	CTCF
374	50	54.844031448149266	CTCF	CTCF
375	64	54.892091937217316	CTCF	CTCF
376	75	54.68796371453524	CTCF	CTCF
377	45	54.73855180217602	CTCF	CTCF
378	55	54.82773451491054	CTCF	CTCF
379	59	54.69283411785887	CTCF	CTCF
380	53	54.633376250899104	CTCF	CTCF
381	63	54.62706678674123	CTCF	CTCF
382	56	54.69906070259409	CTCF	CTCF
383	52	55.016548902642405	CTCF	CTCF
384	51	54.985137202303434	CTCF	CTCF
385	54	54.78200467243668	CTCF	CTCF
386	50	54.79266157048698	CTCF	CTCF
387	42	54.71658894076554	CTCF	CTCF
388	54	54.57811821392595	CTCF	CTCF
389	50	54.54381593653808	CTCF	CTCF
390	48	54.550069380329994	CTCF	CTCF
391	52	54.60089924831274	CTCF	CTCF
392	55	54.63696743523523	CTCF	CTCF
393	50	54.59384326723198	CTCF	CTCF
394	67	54.475132261155565	CTCF	CTCF
395	52	54.640388751247094	CTCF	CTCF
396	56	54.702855943273605	CTCF	CTCF
397	64	54.47725806853312	CTCF	CTCF
398	46	54.46540977273679	CTCF	CTCF
399	60	54.61502639537388	CTCF	CTCF
400	60	54.66846835293856	CTCF	CTCF
401	56	54.789452655406635	CTCF	CTCF
402	57	54.717128664487824	CTCF	CTCF
403	45	54.51004716232291	CTCF	CTCF
404	60	54.61177848274459	CTCF	CTCF
405	48	54.744561200127976	CTCF	CTCF
406	40	54.65712949927986	CTCF	CTCF
407	55	54.59416671234276	CTCF	CTCF
408	49	54.66233298615199	CTCF	CTCF
409	43	54.81708616667279	CTCF	CTCF
410	60	54.76931390262002	CTCF	CTCF
411	47	54.6001225583204	CTCF	CTCF
412	54	54.550089359271574	CTCF	CTCF
413	61	54.46106852291238	CTCF	CTCF
414	60	54.55856029760619	CTCF	CTCF
415	56	54.65137436176515	CTCF	CTCF
416	50	54.71371121429922	CTCF	CTCF
417	48	54.63964337403857	CTCF	CTCF
418	54	54.68514445681522	CTCF	CTCF
419	50	54.88092547517411	CTCF	CTCF
420	53	54.722134270135875	CTCF	CTCF
421	63	54.6307534438066	CTCF	CTCF
422	55	54.675659892486	CTCF	CTCF
423	60	54.61852913529528	CTCF	CTCF
424	43	54.595140213070266	CTCF	CTCF
425	53	54.61867206979109	CTCF	CTCF
426	57	54.844774444645346	CTCF	CTCF
427	60	54.80682451960067	CTCF	CTCF
428	61	54.650304874729855	CTCF	CTCF
429	65	54.58399672910103	CTCF	CTCF
430	53	54.56653587024855	CTCF	CTCF
431	49	54.48132575111102	CTCF	CTCF
432	48	54.52107926393042	CTCF	CTCF
433	58	54.668051945237146	CTCF	CTCF
434	53	54.79974861635995	CTCF	CTCF
435	40	54.58647186109803	CTCF	CTCF
436	57	54.5098051650576	CTCF	CTCF
437	37	54.72662578014478	CTCF	CTCF
438	54	54.62530973412588	CTCF	CTCF
439	52	54.481463554098085	CTCF	CTCF
440	58	54.692253773133835	CTCF	CTCF
441	50	54.80592133462947	CTCF	CTCF
442	67	54.713088478566995	CTCF	CTCF
443	49	54.747080801380726	CTCF	CTCF
444	57	54.59567294329109	CTCF	CTCF
445	53	54.58542238498681	CTCF	CTCF
446	44	54.77634239123138	CTCF	CTCF
447	51	54.643044849061695	CTCF	CTCF
448	59	54.545153532496165	CTCF	CTCF
449	51	54.53501256749712	CTCF	CTCF
450	62	54.67017988366833	CTCF	CTCF
451	60	54.697304205739975	CTCF	CTCF
452	45	54.595044999238155	CTCF	CTCF
453	54	54.685706334675324	CTCF	CTCF
454	60	54.72327630756287	CTCF	CTCF
455	50	54.67181017025175	CTCF	CTCF
456	51	54.7141845840175	CTCF	CTCF
457	39	54.559482011361666	CTCF	CTCF
458	49	54.50757314465978	CTCF	CTCF
459	65	54.70916865368394	CTCF	CTCF
460	62	54.688787812370954	CTCF	CTCF
461	45	54.69427699398996	CTCF	CTCF
462	51	54.64998060714603	CTCF	CTCF
463	45	54.624324345621694	CTCF	CTCF
464	71	54.59482139614858	CTCF	CTCF
465	54	54.60594321912228	CTCF	CTCF
466	56	54.600364137548986	CTCF	CTCF
467	46	54.62591745050402	CTCF	CTCF
468	61	54.666278178309895	CTCF	CTCF
469	63	54.75621945147307	CTCF	CTCF
470	54	54.66271818059271	CTCF	CTCF
471	67	54.59844792722894	CTCF	CTCF
472	43	54.677231422009804	CTCF	CTCF
473	49	54.542690682036174	CTCF	CTCF
474	60	54.57550145649105	CTCF	CTCF
475	74	54.57518765358314	CTCF	CTCF
476	43	54.700299091124386	CTCF	CTCF
477	42	54.726561199039516	CTCF	CTCF
478	45	54.783234158729904	CTCF	CTCF
479	53	54.623426883964385	CTCF	CTCF
480	60	54.593993718515975	CTCF	CTCF
481	54	54.555948102679245	CTCF	CTCF
482	52	54.57551309639434	CTCF	CTCF
483	54	54.67713542959954	CTCF	CTCF
484	53	54.6190523758978	CTCF	CTCF
485	67	54.73184089929648	CTCF	CTCF
486	56	54.582118990648326	CTCF	CTCF
487	39	54.588311751625454	CTCF	CTCF
488	54	54.66494410508357	CTCF	CTCF
489	49	54.735619609142546	CTCF	CTCF
490	44	54.48243150812613	CTCF	CTCF
491	53	54.473368568684606	CTCF	CTCF
492	62	54.55223480884743	CTCF	CTCF
493	62	54.530649716010025	CTCF	CTCF
494	59	54.67930865038384	CTCF	CTCF
495	63	54.671638793984314	CTCF	CTCF
496	59	54.6550472917149	CTCF	CTCF
497	65	54.64137486841797	CTCF	CTCF
498	50	54.502615667729884	CTCF	CTCF
499	71	54.54648642589694	CTCF	CTCF
500	48	54.430872594948404	CTCF	CTCF
501	61	54.62477161511112	CTCF	CTCF
502	62	54.637418779086524	CTCF	CTCF
503	61	54.528267164205005	CTCF	CTCF
504	48	54.5802682718204	CTCF	CTCF
505	59	54.570458234716504	CTCF	CTCF
506	46	54.688518562635345	CTCF	CTCF
507	59	54.701164998781046	CTCF	CTCF
508	53	54.59341628263236	CTCF	CTCF
509	61	54.50868501441562	CTCF	CTCF
510	55	54.61455738857769	CTCF	CTCF
511	61	54.558322657173534	CTCF	CTCF
512	68	54.71854038476993	CTCF	CTCF
513	56	54.52611231606617	CTCF	CTCF
514	47	54.405257257291666	CTCF	CTCF
515	52	54.51631244600746	CTCF	CTCF
516	54	54.548551799380824	CTCF	CTCF
517	57	54.597703781625285	CTCF	CTCF
518	39	54.60697090152654	CTCF	CTCF
519	47	54.754853995324794	CTCF	CTCF
520	40	54.70340164221689	CTCF	CTCF
521	56	54.60952594150675	CTCF	CTCF
522	68	54.51224647986386	CTCF	CTCF
523	67	54.64128355575992	CTCF	CTCF
524	52	54.62857675620562	CTCF	CTCF
525	48	54.65345555035022	CTCF	CTCF
526	60	54.495454847074825	CTCF	CTCF
527	54	54.655000027985146	CTCF	CTCF
528	50	54.68205088396599	CTCF	CTCF
529	52	54.77925997940784	CTCF	CTCF
530	53	54.81529156871612	CTCF	CTCF
531	55	54.501052048956254	CTCF	CTCF
532	50	54.51641388907317	CTCF	CTCF
533	57	54.79186841969879	CTCF	CTCF
534	63	54.65307642813504	CTCF	CTCF
535	64	54.50274395713369	CTCF	CTCF
536	47	54.55542345600962	CTCF	CTCF
537	57	54.67412161010251	CTCF	CTCF
538	53	54.69325381061075	CTCF	CTCF
539	58	54.61913280021802	CTCF	CTCF
540	42	54.52688435061117	CTCF	CTCF
541	50	54.68368033901308	CTCF	CTCF
542	52	54.69947469952386	CTCF	CTCF
543	56	54.66097250689372	CTCF	CTCF
544	58	54.697089002200826	CTCF	CTCF
545	56	54.645619572092066	CTCF	CTCF
546	43	54.533466783990846	CTCF	CTCF
547	49	54.42583966751253	CTCF	CTCF
548	54	54.669971931111476	CTCF	CTCF
549	73	54.76597876762788	CTCF	CTCF
550	48	54.66585986145746	CTCF	CTCF
551	55	54.84706560093977	CTCF	CTCF
552	61	54.74127936763795	CTCF	CTCF
553	55	54.598734644240444	CTCF	CTCF
554	60	54.57602186208054	CTCF	CTCF
555	54	54.71265167908275	CTCF	CTCF
556	52	54.67574999861259	CTCF	CTCF
557	45	54.540868017194335	CTCF	CTCF
558	59	54.65532983103155	CTCF	CTCF
559	59	54.793174977826745	CTCF	CTCF
560	58	54.964250196924176	CTCF	CTCF
561	44	54.67913505769684	CTCF	CTCF
562	65	54.56982973117308	CTCF	CTCF
563	40	54.49338014910124	CTCF	CTCF
564	49	54.60913771558393	CTCF	CTCF
565	44	54.78145809126681	CTCF	CTCF
566	51	54.63557929307857	CTCF	CTCF
567	56	54.47536063383757	CTCF	CTCF
568	59	54.58459406696252	CTCF	CTCF
569	68	54.52333257617788	CTCF	CTCF
570	52	54.52167187488511	CTCF	CTCF
571	51	54.57479620826329	CTCF	CTCF
572	57	54.4630506891585	CTCF	CTCF
573	70	54.367092679862346	CTCF	CTCF
574	51	54.62338125660767	CTCF	CTCF
575	54	54.6941316014766	CTCF	CTCF
576	52	54.66073203789969	CTCF	CTCF
577	64	54.65975739146438	CTCF	CTCF
578	49	54.60848854767896	CTCF	CTCF
579	55	54.617274983383005	CTCF	CTCF
580	47	54.510033741541626	CTCF	CTCF
581	57	54.54140681542902	CTCF	CTCF
582	59	54.61863719933661	CTCF	CTCF
583	60	54.596566626318065	CTCF	CTCF
584	58	54.66649929248731	CTCF	CTCF
585	44	54.45989096469269	CTCF	CTCF
586	57	54.44754666618306	CTCF	CTCF
587	62	54.392694644362315	CTCF	CTCF
588	52	54.46380227100092	CTCF	CTCF
589	48	54.412728822126276	CTCF	CTCF
590	51	54.61045087373649	CTCF	CTCF
591	61	54.643284757208704	CTCF	CTCF
592	64	54.53634766594431	CTCF	CTCF
593	44	54.54340096860821	CTCF	CTCF
594	35	54.5323887502919	CTCF	CTCF
595	56	54.481014181910666	CTCF	CTCF
596	52	54.53712540597399	CTCF	CTCF
597	52	54.56852748940044	CTCF	CTCF
598	45	54.46818114949293	CTCF	CTCF
599	47	54.50083378714312	CTCF	CTCF
600	59	54.434831251110516	CTCF	CTCF
601	61	54.449441359128194	CTCF	CTCF
602	55	54.445924477650394	CTCF	CTCF
603	59	54.58731187914082	CTCF	CTCF
604	51	54.48005149355984	CTCF	CTCF
605	46	54.5040689469077	CTCF	CTCF
606	54	54.5414259082429	CTCF	CTCF
607	56	54.552989906364026	CTCF	CTCF
608	51	54.480839004427644	CTCF	CTCF
609	51	54.59349605394333	CTCF	CTCF
610	62	54.57802335574514	CTCF	CTCF
611	35	54.603175367700786	CTCF	CTCF
612	57	54.583357308343615	CTCF	CTCF
613	49	54.71173824626688	CTCF	CTCF
614	53	54.71876179355074	CTCF	CTCF
615	46	54.58883193651243	CTCF	CTCF
616	50	54.4265896001014	CTCF	CTCF
617	43	54.61271328673308	CTCF	CTCF
618	44	54.78006771610749	CTCF	CTCF
619	59	54.53569738976016	CTCF	CTCF
620	48	54.54518218098096	CTCF	CTCF
621	66	54.640259245245986	CTCF	CTCF
622	55	54.76404710825392	CTCF	CTCF
623	60	54.713322406943455	CTCF	CTCF
624	68	54.553559995208786	CTCF	CTCF
625	66	54.58491661153219	CTCF	CTCF
626	58	54.556981028031835	CTCF	CTCF
627	60	54.49920682866014	CTCF	CTCF
628	65	54.57939075169209	CTCF	CTCF
629	45	54.57966469376522	CTCF	CTCF
630	52	54.64859292501304	CTCF	CTCF
631	67	54.52462267166318	CTCF	CTCF
632	61	54.50444905628868	CTCF	CTCF
633	47	54.54581706225063	CTCF	CTCF
634	53	54.68135801782867	CTCF	CTCF
635	46	54.55118952775232	CTCF	CTCF
636	63	54.42875978737496	CTCF	CTCF
637	49	54.553456076780925	CTCF	CTCF
638	46	54.55420295856989	CTCF	CTCF
639	60	54.38878655606691	CTCF	CTCF
640	56	54.42214734971348	CTCF	CTCF
641	52	54.54648420696141	CTCF	CTCF
642	39	54.5667101248647	CTCF	CTCF
643	69	54.42398266425512	CTCF	CTCF
644	34	54.59925800210193	CTCF	CTCF
645	53	54.61672233023731	CTCF	CTCF
646	55	54.51517400271299	CTCF	CTCF
647	61	54.4841066479744	CTCF	CTCF
648	64	54.56374841225427	CTCF	CTCF
649	44	54.54584087560087	CTCF	CTCF
650	45	54.70656923095923	CTCF	CTCF
651	52	54.710753864322974	CTCF	CTCF
652	61	54.683949287858105	CTCF	CTCF
653	43	54.64489753505206	CTCF	CTCF
654	52	54.50373274750877	CTCF	CTCF
655	62	54.50963338914259	CTCF	CTCF
656	53	54.49568311851986	CTCF	CTCF
657	47	54.33287069038018	CTCF	CTCF
658	57	54.604473181341696	CTCF	CTCF
659	63	54.62692680264702	CTCF	CTCF
660	49	54.48279970020839	CTCF	CTCF
661	53	54.503327187807315	CTCF	CTCF
662	47	54.39772494190527	CTCF	CTCF
663	51	54.60465572039584	CTCF	CTCF
664	57	54.477243930018474	CTCF	CTCF
665	56	54.551900856631605	CTCF	CTCF
666	49	54.72064144568942	CTCF	CTCF
667	56	54.62078633740433	CTCF	CTCF
668	71	54.53582619510835	CTCF	CTCF
669	54	54.49783143705757	CTCF	CTCF
670	59	54.52267363368687	CTCF	CTCF
671	47	54.51711140760651	CTCF	CTCF
672	70	54.372918235207074	CTCF	CTCF
673	55	54.53122009988348	CTCF	CTCF
674	58	54.56446945011907	CTCF	CTCF
675	57	54.530966353659466	CTCF	CTCF
676	66	54.57750379921002	CTCF	CTCF
677	56	54.60707015591682	CTCF	CTCF
678	50	54.52709350637789	CTCF	CTCF
679	63	54.56691771967241	CTCF	CTCF
680	42	54.67922808568839	CTCF	CTCF
681	60	54.56074766613689	CTCF	CTCF
682	62	54.58596457210355	CTCF	CTCF
683	55	54.66325958207955	CTCF	CTCF
684	65	54.56576210370351	CTCF	CTCF
685	62	54.54789102328713	CTCF	CTCF
686	55	54.65639752076544	CTCF	CTCF
687	52	54.78580644968894	CTCF	CTCF
688	46	54.686618644711196	CTCF	CTCF
689	59	54.59911783476104	CTCF	CTCF
690	50	54.36316383804409	CTCF	CTCF
691	53	54.38727651961262	CTCF	CTCF
692	44	54.43276781119112	CTCF	CTCF
693	53	54.51518960846779	CTCF	CTCF
694	62	54.57336617868449	CTCF	CTCF
695	56	54.52908116148441	CTCF	CTCF
696	48	54.66579259564973	CTCF	CTCF
697	62	54.4083739084538	CTCF	CTCF
698	59	54.47230939769412	CTCF	CTCF
699	60	54.62358813518985	CTCF	CTCF
700	33	54.5110624921202	CTCF	CTCF
701	48	54.639369910258964	CTCF	CTCF
702	54	54.71070463023192	CTCF	CTCF
703	61	54.48116397844193	CTCF	CTCF
704	46	54.50859757349666	CTCF	CTCF
705	49	54.47057193492745	CTCF	CTCF
706	57	54.41561667925398	CTCF	CTCF
707	59	54.481861526590244	CTCF	CTCF
708	54	54.617840064684835	CTCF	CTCF
709	60	54.53202441672953	CTCF	CTCF
710	59	54.402783570467264	CTCF	CTCF
711	39	54.40689758954475	CTCF	CTCF
712	57	54.420168395653526	CTCF	CTCF
713	59	54.389836221680355	CTCF	CTCF
714	60	54.29186402078838	CTCF	CTCF
715	49	54.34466873307827	CTCF	CTCF
716	62	54.617883255033554	CTCF	CTCF
717	61	54.604046392972045	CTCF	CTCF
718	45	54.445249892101025	CTCF	CTCF
719	53	54.431936555644185	CTCF	CTCF
720	71	54.50171396515225	CTCF	CTCF
721	48	54.487653439632865	CTCF	CTCF
722	58	54.55236836709246	CTCF	CTCF
723	57	54.53999799859005	CTCF	CTCF
724	35	54.634561774874626	CTCF	CTCF
725	64	54.64255916028816	CTCF	CTCF
726	56	54.53177245432968	CTCF	CTCF
727	58	54.61266996605731	CTCF	CTCF
728	52	54.37176310872189	CTCF	CTCF
729	54	54.429650247671695	CTCF	CTCF
730	56	54.32693299782869	CTCF	CTCF
731	56	54.298529123931694	CTCF	CTCF
732	59	54.5258584572336	CTCF	CTCF
733	61	54.578587319026894	CTCF	CTCF
734	48	54.58610929398301	CTCF	CTCF
735	77	54.76020483964988	CTCF	CTCF
736	33	54.555230869868495	CTCF	CTCF
737	60	54.49456520510464	CTCF	CTCF
738	52	54.54491308763315	CTCF	CTCF
739	56	54.482982466365755	CTCF	CTCF
740	52	54.429454727041836	CTCF	CTCF
741	59	54.59068866473795	CTCF	CTCF
742	55	54.532034370765764	CTCF	CTCF
743	50	54.41968398061736	CTCF	CTCF
744	57	54.61439666229415	CTCF	CTCF
745	48	54.569679707915164	CTCF	CTCF
746	58	54.547917066506415	CTCF	CTCF
747	48	54.556715619900224	CTCF	CTCF
748	55	54.595231360377106	CTCF	CTCF
749	72	54.51654834209848	CTCF	CTCF
750	59	54.35610943773276	CTCF	CTCF
751	62	54.45778996347028	CTCF	CTCF
752	54	54.5914606829903	CTCF	CTCF
753	32	54.6170480417254	CTCF	CTCF
754	59	54.46409039999285	CTCF	CTCF
755	59	54.68811244138826	CTCF	CTCF
756	58	54.675231126035484	CTCF	CTCF
757	56	54.562423052271676	CTCF	CTCF
758	49	54.69489504811239	CTCF	CTCF
759	47	54.62653274828523	CTCF	CTCF
760	52	54.43689751654904	CTCF	CTCF
761	49	54.47285215143753	CTCF	CTCF
762	58	54.55394579750802	CTCF	CTCF
763	63	54.43571784857039	CTCF	CTCF
764	47	54.67576180813861	CTCF	CTCF
765	71	54.65376168312791	CTCF	CTCF
766	61	54.496407446414004	CTCF	CTCF
767	70	54.55530381038599	CTCF	CTCF
768	46	54.51553527001888	CTCF	CTCF
769	58	54.557245728117344	CTCF	CTCF
770	48	54.587724331841784	CTCF	CTCF
771	52	54.47228228716388	CTCF	CTCF
772	45	54.6366993011449	CTCF	CTCF
773	52	54.55661521614665	CTCF	CTCF
774	42	54.549790007546974	CTCF	CTCF
775	62	54.40593376168402	CTCF	CTCF
776	55	54.506865100059905	CTCF	CTCF
777	58	54.44408485815468	CTCF	CTCF
778	47	54.31621318957263	CTCF	CTCF
779	56	54.25049122321356	CTCF	CTCF
780	55	54.36066862796963	CTCF	CTCF
781	64	54.46169644850282	CTCF	CTCF
782	56	54.677582037902376	CTCF	CTCF
783	53	54.391892237448786	CTCF	CTCF
784	53	54.448005348971144	CTCF	CTCF
785	52	54.444217460817306	CTCF	CTCF
786	66	54.567881795638186	CTCF	CTCF
787	50	54.52534071000012	CTCF	CTCF
788	48	54.489319933534524	CTCF	CTCF
789	44	54.51977725421622	CTCF	CTCF
790	52	54.66577871498872	CTCF	CTCF
791	55	54.6501451424241	CTCF	CTCF
792	54	54.49608527451932	CTCF	CTCF
793	67	54.50411114771477	CTCF	CTCF
794	61	54.564420282765695	CTCF	CTCF
795	49	54.50879238021489	CTCF	CTCF
796	54	54.39202072225323	CTCF	CTCF
797	57	54.564969359910606	CTCF	CTCF
798	52	54.55463917202406	CTCF	CTCF
799	45	54.455227341553	CTCF	CTCF
800	48	54.61752590949112	CTCF	CTCF
801	50	54.52625837562959	CTCF	CTCF
802	55	54.76727576944945	CTCF	CTCF
803	58	54.538316736837004	CTCF	CTCF
804	46	54.38016934324847	CTCF	CTCF
805	50	54.35384587001722	CTCF	CTCF
806	57	54.420651476933635	CTCF	CTCF
807	53	54.324366551840946	CTCF	CTCF
808	49	54.53228859290449	CTCF	CTCF
809	54	54.64488185016354	CTCF	CTCF
810	56	54.70713087175523	CTCF	CTCF
811	55	54.57908771000641	CTCF	CTCF
812	57	54.611913021647	CTCF	CTCF
813	49	54.694045653354095	CTCF	CTCF
814	53	54.6046081927628	CTCF	CTCF
815	45	54.546238494435464	CTCF	CTCF
816	48	54.42849382249406	CTCF	CTCF
817	54	54.46737091805376	CTCF	CTCF
818	52	54.5296437951463	CTCF	CTCF
819	58	54.621356032983066	CTCF	CTCF
820	67	54.53917140741134	CTCF	CTCF
821	60	54.57063723514008	CTCF	CTCF
822	49	54.61399239877338	CTCF	CTCF
823	74	54.62569039549822	CTCF	CTCF
824	59	54.42936531178035	CTCF	CTCF
825	58	54.425006865169415	CTCF	CTCF
826	60	54.573878058340945	CTCF	CTCF
827	58	54.63408099440113	CTCF	CTCF
828	65	54.4693625231538	CTCF	CTCF
829	63	54.51423467895487	CTCF	CTCF
830	48	54.49584441580947	CTCF	CTCF
831	52	54.482799114049705	CTCF	CTCF
832	66	54.51935350252879	CTCF	CTCF
833	56	54.49540619817144	CTCF	CTCF
834	68	54.491365592024906	CTCF	CTCF
835	45	54.610464613983474	CTCF	CTCF
836	53	54.52701047280519	CTCF	CTCF
837	53	54.38152734969297	CTCF	CTCF
838	46	54.43826869011861	CTCF	CTCF
839	59	54.5354891131114	CTCF	CTCF
840	48	54.55838253986536	CTCF	CTCF
841	72	54.63559084350765	CTCF	CTCF
842	45	54.45751336442387	CTCF	CTCF
843	43	54.39489243961894	CTCF	CTCF
844	73	54.55810194171381	CTCF	CTCF
845	44	54.581058548015946	CTCF	CTCF
846	53	54.61167520395174	CTCF	CTCF
847	46	54.30031401184338	CTCF	CTCF
848	56	54.49534666261059	CTCF	CTCF
849	69	54.645190532795866	CTCF	CTCF
850	55	54.34562084084212	CTCF	CTCF
851	41	54.34004897445453	CTCF	CTCF
852	67	54.40162979606205	CTCF	CTCF
853	62	54.471991874181334	CTCF	CTCF
854	46	54.31717882502304	CTCF	CTCF
855	57	54.34512720119371	CTCF	CTCF
856	68	54.47333603013863	CTCF	CTCF
857	58	54.57292493534296	CTCF	CTCF
858	65	54.60309114256086	CTCF	CTCF
859	52	54.619325589751874	CTCF	CTCF
860	57	54.547387713607236	CTCF	CTCF
861	57	54.40335421576381	CTCF	CTCF
862	52	54.65560685865917	CTCF	CTCF
863	56	54.56509819248628	CTCF	CTCF
864	42	54.49749946515929	CTCF	CTCF
865	49	54.43800249361345	CTCF	CTCF
866	55	54.268664079339615	CTCF	CTCF
867	53	54.432531731705645	CTCF	CTCF
868	59	54.48631705624585	CTCF	CTCF
869	58	54.3329234821605	CTCF	CTCF
870	59	54.58234178614587	CTCF	CTCF
871	48	54.598242958454065	CTCF	CTCF
872	59	54.463944843802594	CTCF	CTCF
873	60	54.60769588525417	CTCF	CTCF
874	55	54.62059077757601	CTCF	CTCF
875	61	54.47357224257744	CTCF	CTCF
876	61	54.58357040578283	CTCF	CTCF
877	50	54.64717436815211	CTCF	CTCF
878	58	54.55502682307874	CTCF	CTCF
879	57	54.432579774736524	CTCF	CTCF
880	64	54.61128538381667	CTCF	CTCF
881	58	54.48101852551001	CTCF	CTCF
882	59	54.38457698402608	CTCF	CTCF
883	61	54.44979439886257	CTCF	CTCF
884	58	54.63681514937482	CTCF	CTCF
885	60	54.544398261903595	CTCF	CTCF
886	59	54.4539336174932	CTCF	CTCF
887	49	54.43905394604594	CTCF	CTCF
888	47	54.630141870974754	CTCF	CTCF
889	51	54.597514369629565	CTCF	CTCF
890	52	54.6409837520814	CTCF	CTCF
891	51	54.35633824087151	CTCF	CTCF
892	59	54.32441719492643	CTCF	CTCF
893	44	54.43114778215337	CTCF	CTCF
894	50	54.40370657656202	CTCF	CTCF
895	57	54.443921681897514	CTCF	CTCF
896	52	54.50349585872274	CTCF	CTCF
897	57	54.401915117742966	CTCF	CTCF
898	46	54.29446191086406	CTCF	CTCF
899	60	54.24595807428253	CTCF	CTCF
900	45	54.362631604480384	CTCF	CTCF
901	55	54.48660756412575	CTCF	CTCF
902	67	54.37822615194088	CTCF	CTCF
903	51	54.31135148074852	CTCF	CTCF
904	53	54.48144071784498	CTCF	CTCF
905	60	54.4149380569375	CTCF	CTCF
906	59	54.461730270557226	CTCF	CTCF
907	58	54.44274801258405	CTCF	CTCF
908	46	54.53630311978883	CTCF	CTCF
909	43	54.48461710109817	CTCF	CTCF
910	37	54.352816585114304	CTCF	CTCF
911	73	54.38182387222857	CTCF	CTCF
912	59	54.51431519480171	CTCF	CTCF
913	56	54.430886489791774	CTCF	CTCF
914	57	54.50983869500302	CTCF	CTCF
915	52	54.39285475909804	CTCF	CTCF
916	68	54.34392333504797	CTCF	CTCF
917	68	54.31911792539412	CTCF	CTCF
918	56	54.60049985405179	CTCF	CTCF
919	68	54.597814118068655	CTCF	CTCF
920	50	54.59451936414083	CTCF	CTCF
921	55	54.555596167450226	CTCF	CTCF
922	50	54.513264166661344	CTCF	CTCF
923	65	54.53792967987518	CTCF	CTCF
924	57	54.501623014720735	CTCF	CTCF
925	60	54.693425656089325	CTCF	CTCF
926	49	54.62459467153993	CTCF	CTCF
927	53	54.54271196914593	CTCF	CTCF
928	42	54.50179274452141	CTCF	CTCF
929	56	54.54159656576156	CTCF	CTCF
930	54	54.61701565375441	CTCF	CTCF
931	54	54.56516138231989	CTCF	CTCF
932	59	54.387363559189794	CTCF	CTCF
933	45	54.557566424132645	CTCF	CTCF
934	66	54.73895954635187	CTCF	CTCF
935	45	54.5832087383501	CTCF	CTCF
936	54	54.35818998324859	CTCF	CTCF
937	55	54.49652311828039	CTCF	CTCF
938	54	54.766733024566875	CTCF	CTCF
939	43	54.62485448322989	CTCF	CTCF
940	60	54.39367683218404	CTCF	CTCF
941	62	54.45141860474672	CTCF	CTCF
942	40	54.21757652676188	CTCF	CTCF
943	62	54.4068423254133	CTCF	CTCF
944	62	54.41603729198881	CTCF	CTCF
945	56	54.4705797776914	CTCF	CTCF
946	54	54.49106105032537	CTCF	CTCF
947	51	54.54226773471152	CTCF	CTCF
948	61	54.658418137965654	CTCF	CTCF
949	51	54.468719859377636	CTCF	CTCF
950	59	54.376755169417734	CTCF	CTCF
951	71	54.52681190336427	CTCF	CTCF
952	60	54.57213865725651	CTCF	CTCF
953	54	54.691777901048575	CTCF	CTCF
954	60	54.64945119250931	CTCF	CTCF
955	52	54.54404652270329	CTCF	CTCF
956	51	54.58038490543365	CTCF	CTCF
957	61	54.65891357653535	CTCF	CTCF
958	67	54.57278596557513	CTCF	CTCF
959	64	54.49179453249812	CTCF	CTCF
960	55	54.49525257743721	CTCF	CTCF
961	48	54.508844135520434	CTCF	CTCF
962	49	54.47931144341388	CTCF	CTCF
963	63	54.37586278987179	CTCF	CTCF
964	49	54.34059635028508	CTCF	CTCF
965	66	54.494654093588174	CTCF	CTCF
966	57	54.55777727537813	CTCF	CTCF
967	52	54.60197310907273	CTCF	CTCF
968	66	54.60893038158991	CTCF	CTCF
969	50	54.63269839635735	CTCF	CTCF
970	47	54.58813237407144	CTCF	CTCF
971	55	54.74210191818904	CTCF	CTCF
972	56	54.499838709784456	CTCF	CTCF
973	61	54.40654056318283	CTCF	CTCF
974	69	54.415311957506034	CTCF	CTCF
975	53	54.34775600770827	CTCF	CTCF
976	58	54.54153775794107	CTCF	CTCF
977	45	54.7180390426967	CTCF	CTCF
978	49	54.39294035860469	CTCF	CTCF
979	62	54.29380650050721	CTCF	CTCF
980	56	54.516894121825324	CTCF	CTCF
981	62	54.544069056792736	CTCF	CTCF
982	55	54.40618821627969	CTCF	CTCF
983	56	54.39586101793118	CTCF	CTCF
984	60	54.428966551371786	CTCF	CTCF
985	57	54.71038015819757	CTCF	CTCF
986	56	54.70986291310748	CTCF	CTCF
987	54	54.437430650201314	CTCF	CTCF
988	53	54.548341807164825	CTCF	CTCF
989	53	54.421157296943996	CTCF	CTCF
990	56	54.57576035643691	CTCF	CTCF
991	55	54.5866197240991	CTCF	CTCF
992	68	54.47182502982034	CTCF	CTCF
993	55	54.42733982486967	CTCF	CTCF
994	69	54.597543439698576	CTCF	CTCF
995	66	54.60522979134278	CTCF	CTCF
996	54	54.47021714551907	CTCF	CTCF
997	43	54.43307357288368	CTCF	CTCF
998	52	54.55869009139173	CTCF	CTCF
999	61	54.52545914115007	CTCF	CTCF
1000	47	54.57449119920395	CTCF	CTCF
-1000	14	12.32730647750302	HNF1A	HNF1A
-999	15	12.31192937625366	HNF1A	HNF1A
-998	11	12.450473516845019	HNF1A	HNF1A
-997	5	12.396379411561895	HNF1A	HNF1A
-996	11	12.325865659812587	HNF1A	HNF1A
-995	11	12.343340166779802	HNF1A	HNF1A
-994	15	12.403306499584476	HNF1A	HNF1A
-993	13	12.431831718711814	HNF1A	HNF1A
-992	14	12.412281872946421	HNF1A	HNF1A
-991	11	12.40587861325602	HNF1A	HNF1A
-990	15	12.305855211350995	HNF1A	HNF1A
-989	11	12.242185693631491	HNF1A	HNF1A
-988	11	12.30418744875108	HNF1A	HNF1A
-987	15	12.357262772345878	HNF1A	HNF1A
-986	10	12.366394230249298	HNF1A	HNF1A
-985	13	12.364765258139588	HNF1A	HNF1A
-984	20	12.375734988203076	HNF1A	HNF1A
-983	14	12.323090931279696	HNF1A	HNF1A
-982	14	12.240629586250058	HNF1A	HNF1A
-981	16	12.325224169207367	HNF1A	HNF1A
-980	10	12.318494614745582	HNF1A	HNF1A
-979	14	12.224687115293577	HNF1A	HNF1A
-978	11	12.312304703859411	HNF1A	HNF1A
-977	14	12.251707653516137	HNF1A	HNF1A
-976	13	12.26914924133674	HNF1A	HNF1A
-975	12	12.24171550652152	HNF1A	HNF1A
-974	20	12.321151069309698	HNF1A	HNF1A
-973	11	12.300790174822659	HNF1A	HNF1A
-972	8	12.263716256452984	HNF1A	HNF1A
-971	18	12.246449632924653	HNF1A	HNF1A
-970	17	12.281870424082074	HNF1A	HNF1A
-969	16	12.252629105918432	HNF1A	HNF1A
-968	7	12.280256931637252	HNF1A	HNF1A
-967	13	12.249445353017075	HNF1A	HNF1A
-966	11	12.287532377073457	HNF1A	HNF1A
-965	12	12.361695337583425	HNF1A	HNF1A
-964	13	12.287625319682537	HNF1A	HNF1A
-963	11	12.193538378729848	HNF1A	HNF1A
-962	9	12.296702661831022	HNF1A	HNF1A
-961	14	12.293788505625297	HNF1A	HNF1A
-960	17	12.331584632296474	HNF1A	HNF1A
-959	12	12.333410799003198	HNF1A	HNF1A
-958	13	12.328558195218882	HNF1A	HNF1A
-957	11	12.362567030107437	HNF1A	HNF1A
-956	6	12.226091182937218	HNF1A	HNF1A
-955	7	12.278458878322905	HNF1A	HNF1A
-954	13	12.338349470219857	HNF1A	HNF1A
-953	10	12.344944546277533	HNF1A	HNF1A
-952	18	12.277464728829173	HNF1A	HNF1A
-951	15	12.156612415281675	HNF1A	HNF1A
-950	10	12.275266874675015	HNF1A	HNF1A
-949	12	12.328518783471628	HNF1A	HNF1A
-948	16	12.288973358394871	HNF1A	HNF1A
-947	12	12.164751528171866	HNF1A	HNF1A
-946	12	12.257720780768683	HNF1A	HNF1A
-945	13	12.202084643565485	HNF1A	HNF1A
-944	10	12.295201826347176	HNF1A	HNF1A
-943	13	12.373915972114006	HNF1A	HNF1A
-942	19	12.22348132050325	HNF1A	HNF1A
-941	14	12.194491485737789	HNF1A	HNF1A
-940	12	12.30522946607868	HNF1A	HNF1A
-939	10	12.31401712569235	HNF1A	HNF1A
-938	15	12.266347449728501	HNF1A	HNF1A
-937	15	12.389663437551464	HNF1A	HNF1A
-936	11	12.38853142491027	HNF1A	HNF1A
-935	16	12.262963112240717	HNF1A	HNF1A
-934	17	12.272587292051195	HNF1A	HNF1A
-933	10	12.278796931916917	HNF1A	HNF1A
-932	13	12.321021225510732	HNF1A	HNF1A
-931	14	12.267154921477996	HNF1A	HNF1A
-930	12	12.322347787327551	HNF1A	HNF1A
-929	11	12.24517474271159	HNF1A	HNF1A
-928	10	12.355760267305389	HNF1A	HNF1A
-927	21	12.325745024569354	HNF1A	HNF1A
-926	14	12.24106494817435	HNF1A	HNF1A
-925	14	12.248436810980031	HNF1A	HNF1A
-924	9	12.242036138014255	HNF1A	HNF1A
-923	11	12.28693803252713	HNF1A	HNF1A
-922	11	12.362287149515288	HNF1A	HNF1A
-921	10	12.3594980704766	HNF1A	HNF1A
-920	9	12.362906652194432	HNF1A	HNF1A
-919	10	12.35543724597919	HNF1A	HNF1A
-918	12	12.33511004975017	HNF1A	HNF1A
-917	12	12.381661003838532	HNF1A	HNF1A
-916	16	12.389603958507157	HNF1A	HNF1A
-915	9	12.274812331087226	HNF1A	HNF1A
-914	13	12.25258443118057	HNF1A	HNF1A
-913	7	12.315764300479902	HNF1A	HNF1A
-912	19	12.28539076919294	HNF1A	HNF1A
-911	14	12.283824544544004	HNF1A	HNF1A
-910	15	12.347218772932365	HNF1A	HNF1A
-909	16	12.310902090703987	HNF1A	HNF1A
-908	21	12.239242239737896	HNF1A	HNF1A
-907	16	12.314499174712958	HNF1A	HNF1A
-906	8	12.372031174906805	HNF1A	HNF1A
-905	18	12.375575042193672	HNF1A	HNF1A
-904	16	12.284836749527761	HNF1A	HNF1A
-903	13	12.237482280640414	HNF1A	HNF1A
-902	17	12.277433087457872	HNF1A	HNF1A
-901	17	12.261407593364869	HNF1A	HNF1A
-900	14	12.27556357610777	HNF1A	HNF1A
-899	12	12.24648402130974	HNF1A	HNF1A
-898	10	12.25486197632051	HNF1A	HNF1A
-897	7	12.25915144773072	HNF1A	HNF1A
-896	16	12.294819092092691	HNF1A	HNF1A
-895	10	12.285243593038055	HNF1A	HNF1A
-894	11	12.195640707231933	HNF1A	HNF1A
-893	10	12.164113814493183	HNF1A	HNF1A
-892	6	12.346039291497172	HNF1A	HNF1A
-891	14	12.34271389760195	HNF1A	HNF1A
-890	12	12.305264391737468	HNF1A	HNF1A
-889	18	12.352288416155284	HNF1A	HNF1A
-888	15	12.271992318324251	HNF1A	HNF1A
-887	18	12.200751473420985	HNF1A	HNF1A
-886	9	12.305406316616635	HNF1A	HNF1A
-885	11	12.420120530909728	HNF1A	HNF1A
-884	20	12.381880620511236	HNF1A	HNF1A
-883	20	12.324297106535072	HNF1A	HNF1A
-882	14	12.250051198926402	HNF1A	HNF1A
-881	11	12.317465297719318	HNF1A	HNF1A
-880	14	12.330460936008683	HNF1A	HNF1A
-879	14	12.305163559712673	HNF1A	HNF1A
-878	16	12.257769593167188	HNF1A	HNF1A
-877	10	12.276123396496642	HNF1A	HNF1A
-876	15	12.374835199390235	HNF1A	HNF1A
-875	16	12.301456074664996	HNF1A	HNF1A
-874	14	12.26092375054182	HNF1A	HNF1A
-873	19	12.290374639279905	HNF1A	HNF1A
-872	5	12.252748664844184	HNF1A	HNF1A
-871	14	12.245789444720314	HNF1A	HNF1A
-870	12	12.305984043068403	HNF1A	HNF1A
-869	11	12.332920048510218	HNF1A	HNF1A
-868	11	12.240493806936378	HNF1A	HNF1A
-867	10	12.301609997544276	HNF1A	HNF1A
-866	13	12.329160560480986	HNF1A	HNF1A
-865	6	12.400139247838187	HNF1A	HNF1A
-864	13	12.329952597477105	HNF1A	HNF1A
-863	12	12.332381162338894	HNF1A	HNF1A
-862	11	12.318380250040816	HNF1A	HNF1A
-861	13	12.352702226633683	HNF1A	HNF1A
-860	15	12.3461963501438	HNF1A	HNF1A
-859	8	12.29564790451956	HNF1A	HNF1A
-858	13	12.360430211891973	HNF1A	HNF1A
-857	16	12.34794807753854	HNF1A	HNF1A
-856	8	12.302320933200255	HNF1A	HNF1A
-855	15	12.357329275959216	HNF1A	HNF1A
-854	10	12.401583727410818	HNF1A	HNF1A
-853	9	12.304546874313315	HNF1A	HNF1A
-852	9	12.312070866098075	HNF1A	HNF1A
-851	12	12.307991768560411	HNF1A	HNF1A
-850	16	12.350298670568224	HNF1A	HNF1A
-849	11	12.265964931896253	HNF1A	HNF1A
-848	8	12.293442648247034	HNF1A	HNF1A
-847	6	12.377754319686506	HNF1A	HNF1A
-846	11	12.345679339420316	HNF1A	HNF1A
-845	4	12.239691069898425	HNF1A	HNF1A
-844	17	12.416769532809173	HNF1A	HNF1A
-843	10	12.422645649620069	HNF1A	HNF1A
-842	10	12.336621889036614	HNF1A	HNF1A
-841	10	12.300491031955445	HNF1A	HNF1A
-840	12	12.276234579118077	HNF1A	HNF1A
-839	13	12.284140235788204	HNF1A	HNF1A
-838	13	12.297601162282453	HNF1A	HNF1A
-837	13	12.295486610821147	HNF1A	HNF1A
-836	19	12.34384878424846	HNF1A	HNF1A
-835	12	12.398483111325309	HNF1A	HNF1A
-834	18	12.32558877767754	HNF1A	HNF1A
-833	14	12.335516712564504	HNF1A	HNF1A
-832	11	12.367979380649508	HNF1A	HNF1A
-831	15	12.380624100004777	HNF1A	HNF1A
-830	16	12.3421120921459	HNF1A	HNF1A
-829	14	12.288541651262177	HNF1A	HNF1A
-828	12	12.314112111825175	HNF1A	HNF1A
-827	12	12.332496839670934	HNF1A	HNF1A
-826	13	12.343063181579637	HNF1A	HNF1A
-825	13	12.3930875326066	HNF1A	HNF1A
-824	6	12.348858587336785	HNF1A	HNF1A
-823	5	12.370818387075767	HNF1A	HNF1A
-822	8	12.351655685679306	HNF1A	HNF1A
-821	20	12.319094733881588	HNF1A	HNF1A
-820	14	12.361107565247089	HNF1A	HNF1A
-819	15	12.388500345348616	HNF1A	HNF1A
-818	12	12.275879065798316	HNF1A	HNF1A
-817	14	12.261100934277273	HNF1A	HNF1A
-816	13	12.225193679076362	HNF1A	HNF1A
-815	12	12.286303671770883	HNF1A	HNF1A
-814	15	12.31921213026494	HNF1A	HNF1A
-813	13	12.250575735380817	HNF1A	HNF1A
-812	18	12.317129822020311	HNF1A	HNF1A
-811	13	12.342450860661243	HNF1A	HNF1A
-810	12	12.337771180808305	HNF1A	HNF1A
-809	17	12.289239581091215	HNF1A	HNF1A
-808	9	12.254628851810594	HNF1A	HNF1A
-807	11	12.27063266875131	HNF1A	HNF1A
-806	12	12.319986516276623	HNF1A	HNF1A
-805	18	12.257007583380092	HNF1A	HNF1A
-804	9	12.246962005154627	HNF1A	HNF1A
-803	12	12.23448556553937	HNF1A	HNF1A
-802	16	12.241504963823362	HNF1A	HNF1A
-801	16	12.327048743667389	HNF1A	HNF1A
-800	11	12.279338138856264	HNF1A	HNF1A
-799	13	12.260060551430369	HNF1A	HNF1A
-798	9	12.388124033530152	HNF1A	HNF1A
-797	10	12.35005298792394	HNF1A	HNF1A
-796	19	12.39252463084035	HNF1A	HNF1A
-795	11	12.35032387190051	HNF1A	HNF1A
-794	14	12.329197257914515	HNF1A	HNF1A
-793	11	12.251590269815194	HNF1A	HNF1A
-792	12	12.25534353135918	HNF1A	HNF1A
-791	15	12.325102740014527	HNF1A	HNF1A
-790	12	12.362807127532541	HNF1A	HNF1A
-789	12	12.31141404929962	HNF1A	HNF1A
-788	7	12.316454209846455	HNF1A	HNF1A
-787	20	12.278402588519041	HNF1A	HNF1A
-786	21	12.302145806657695	HNF1A	HNF1A
-785	9	12.305462683275692	HNF1A	HNF1A
-784	16	12.259429592110605	HNF1A	HNF1A
-783	7	12.289738991472156	HNF1A	HNF1A
-782	19	12.35789645493859	HNF1A	HNF1A
-781	10	12.268644060301472	HNF1A	HNF1A
-780	5	12.236008010303095	HNF1A	HNF1A
-779	11	12.244660326214442	HNF1A	HNF1A
-778	12	12.270330604575314	HNF1A	HNF1A
-777	7	12.294695675149878	HNF1A	HNF1A
-776	10	12.344781848863919	HNF1A	HNF1A
-775	11	12.251726427971823	HNF1A	HNF1A
-774	20	12.208758755262796	HNF1A	HNF1A
-773	14	12.311831583668024	HNF1A	HNF1A
-772	12	12.372352631608118	HNF1A	HNF1A
-771	10	12.403177419054204	HNF1A	HNF1A
-770	6	12.24862461237745	HNF1A	HNF1A
-769	15	12.263756552945756	HNF1A	HNF1A
-768	9	12.286231396664054	HNF1A	HNF1A
-767	13	12.284732061070821	HNF1A	HNF1A
-766	17	12.271964343777476	HNF1A	HNF1A
-765	15	12.168944620841827	HNF1A	HNF1A
-764	13	12.251250550502084	HNF1A	HNF1A
-763	16	12.26950108687385	HNF1A	HNF1A
-762	9	12.307715068863839	HNF1A	HNF1A
-761	14	12.261072522183992	HNF1A	HNF1A
-760	8	12.288812090047886	HNF1A	HNF1A
-759	16	12.303224852272889	HNF1A	HNF1A
-758	10	12.337560753543322	HNF1A	HNF1A
-757	10	12.340682868870292	HNF1A	HNF1A
-756	15	12.268864517563607	HNF1A	HNF1A
-755	18	12.263949000689502	HNF1A	HNF1A
-754	12	12.281221030643696	HNF1A	HNF1A
-753	7	12.331105480739533	HNF1A	HNF1A
-752	11	12.269461426868201	HNF1A	HNF1A
-751	11	12.30169308582247	HNF1A	HNF1A
-750	11	12.254740140786463	HNF1A	HNF1A
-749	8	12.275211897601961	HNF1A	HNF1A
-748	13	12.378443750296672	HNF1A	HNF1A
-747	9	12.290887216777051	HNF1A	HNF1A
-746	16	12.211277859870522	HNF1A	HNF1A
-745	17	12.301349335559884	HNF1A	HNF1A
-744	17	12.362575450678063	HNF1A	HNF1A
-743	6	12.446539382873967	HNF1A	HNF1A
-742	12	12.336047630326364	HNF1A	HNF1A
-741	9	12.296909074269632	HNF1A	HNF1A
-740	11	12.288440773710429	HNF1A	HNF1A
-739	8	12.249602263625768	HNF1A	HNF1A
-738	13	12.221080236542283	HNF1A	HNF1A
-737	16	12.237264769731695	HNF1A	HNF1A
-736	11	12.246518062045569	HNF1A	HNF1A
-735	13	12.246841505603514	HNF1A	HNF1A
-734	11	12.333294242918965	HNF1A	HNF1A
-733	11	12.325477050673907	HNF1A	HNF1A
-732	13	12.295517995055768	HNF1A	HNF1A
-731	17	12.340677968596683	HNF1A	HNF1A
-730	14	12.335804907591683	HNF1A	HNF1A
-729	15	12.384394700469562	HNF1A	HNF1A
-728	11	12.373049494016474	HNF1A	HNF1A
-727	16	12.287034003420999	HNF1A	HNF1A
-726	13	12.353957207495391	HNF1A	HNF1A
-725	16	12.32969275000482	HNF1A	HNF1A
-724	8	12.254210997762621	HNF1A	HNF1A
-723	6	12.293750158939213	HNF1A	HNF1A
-722	13	12.345480817197986	HNF1A	HNF1A
-721	17	12.368172403674023	HNF1A	HNF1A
-720	14	12.296716773911074	HNF1A	HNF1A
-719	9	12.302020881057924	HNF1A	HNF1A
-718	16	12.367886468007523	HNF1A	HNF1A
-717	20	12.328711224853098	HNF1A	HNF1A
-716	16	12.266015903599692	HNF1A	HNF1A
-715	17	12.247399210526604	HNF1A	HNF1A
-714	12	12.361566419705024	HNF1A	HNF1A
-713	9	12.313638542530636	HNF1A	HNF1A
-712	11	12.298475848521173	HNF1A	HNF1A
-711	7	12.305311165164778	HNF1A	HNF1A
-710	9	12.31000011342142	HNF1A	HNF1A
-709	9	12.336657790420563	HNF1A	HNF1A
-708	12	12.322514403711585	HNF1A	HNF1A
-707	12	12.301895178341558	HNF1A	HNF1A
-706	14	12.327428859462719	HNF1A	HNF1A
-705	15	12.300658030516075	HNF1A	HNF1A
-704	19	12.277493318452308	HNF1A	HNF1A
-703	14	12.190626843331977	HNF1A	HNF1A
-702	11	12.229172396437278	HNF1A	HNF1A
-701	9	12.289103733708464	HNF1A	HNF1A
-700	12	12.237712484643266	HNF1A	HNF1A
-699	9	12.228244444482693	HNF1A	HNF1A
-698	12	12.265935217470584	HNF1A	HNF1A
-697	8	12.365600668336008	HNF1A	HNF1A
-696	12	12.3065361343312	HNF1A	HNF1A
-695	6	12.326134418720137	HNF1A	HNF1A
-694	18	12.287524747022578	HNF1A	HNF1A
-693	16	12.211566113436893	HNF1A	HNF1A
-692	11	12.376262434071782	HNF1A	HNF1A
-691	14	12.27623500534151	HNF1A	HNF1A
-690	13	12.342632842802002	HNF1A	HNF1A
-689	13	12.359214114350088	HNF1A	HNF1A
-688	18	12.377684798826373	HNF1A	HNF1A
-687	14	12.411720766860666	HNF1A	HNF1A
-686	12	12.261079081113387	HNF1A	HNF1A
-685	12	12.29092732674574	HNF1A	HNF1A
-684	11	12.294658083868423	HNF1A	HNF1A
-683	8	12.224480880849574	HNF1A	HNF1A
-682	15	12.340083947611285	HNF1A	HNF1A
-681	8	12.360180598132205	HNF1A	HNF1A
-680	12	12.349704135774642	HNF1A	HNF1A
-679	15	12.44057780860651	HNF1A	HNF1A
-678	17	12.28526587916608	HNF1A	HNF1A
-677	16	12.281797565477744	HNF1A	HNF1A
-676	14	12.295440561283534	HNF1A	HNF1A
-675	16	12.307315761066436	HNF1A	HNF1A
-674	13	12.29370390650316	HNF1A	HNF1A
-673	18	12.348389697824176	HNF1A	HNF1A
-672	14	12.396586070583032	HNF1A	HNF1A
-671	15	12.293330578832023	HNF1A	HNF1A
-670	13	12.271593798982762	HNF1A	HNF1A
-669	13	12.281600382920272	HNF1A	HNF1A
-668	11	12.294956157029413	HNF1A	HNF1A
-667	18	12.334482572000928	HNF1A	HNF1A
-666	11	12.314005556579458	HNF1A	HNF1A
-665	16	12.303994461586363	HNF1A	HNF1A
-664	13	12.307301491774611	HNF1A	HNF1A
-663	9	12.326613339563476	HNF1A	HNF1A
-662	10	12.353159892925621	HNF1A	HNF1A
-661	10	12.35320458928357	HNF1A	HNF1A
-660	8	12.428739422403332	HNF1A	HNF1A
-659	20	12.321517119864248	HNF1A	HNF1A
-658	15	12.369379415890855	HNF1A	HNF1A
-657	15	12.404325014455111	HNF1A	HNF1A
-656	11	12.339978296783315	HNF1A	HNF1A
-655	14	12.258689272417632	HNF1A	HNF1A
-654	11	12.244908345299931	HNF1A	HNF1A
-653	16	12.236060214456353	HNF1A	HNF1A
-652	12	12.289489749910869	HNF1A	HNF1A
-651	9	12.351498241197168	HNF1A	HNF1A
-650	13	12.286561870149358	HNF1A	HNF1A
-649	11	12.180766378206227	HNF1A	HNF1A
-648	17	12.228599696254216	HNF1A	HNF1A
-647	14	12.303750201866256	HNF1A	HNF1A
-646	15	12.352034674493382	HNF1A	HNF1A
-645	13	12.392664829748108	HNF1A	HNF1A
-644	13	12.3165959417305	HNF1A	HNF1A
-643	7	12.308420413228973	HNF1A	HNF1A
-642	18	12.387098065791987	HNF1A	HNF1A
-641	13	12.230968528593138	HNF1A	HNF1A
-640	11	12.247463896070622	HNF1A	HNF1A
-639	13	12.26243307459222	HNF1A	HNF1A
-638	11	12.228944692560242	HNF1A	HNF1A
-637	12	12.18957971027819	HNF1A	HNF1A
-636	13	12.154875407399238	HNF1A	HNF1A
-635	14	12.260760212078642	HNF1A	HNF1A
-634	8	12.263226150317765	HNF1A	HNF1A
-633	13	12.28967519378599	HNF1A	HNF1A
-632	11	12.276284428847601	HNF1A	HNF1A
-631	15	12.30588453866565	HNF1A	HNF1A
-630	18	12.279867104781479	HNF1A	HNF1A
-629	18	12.281170966629702	HNF1A	HNF1A
-628	15	12.291156229666473	HNF1A	HNF1A
-627	5	12.350486539347118	HNF1A	HNF1A
-626	12	12.346532869734821	HNF1A	HNF1A
-625	8	12.264049871325476	HNF1A	HNF1A
-624	15	12.253272217316304	HNF1A	HNF1A
-623	8	12.363408015561399	HNF1A	HNF1A
-622	8	12.371084507849876	HNF1A	HNF1A
-621	10	12.243908007875344	HNF1A	HNF1A
-620	12	12.298231033958853	HNF1A	HNF1A
-619	10	12.293535626330753	HNF1A	HNF1A
-618	16	12.26288627760364	HNF1A	HNF1A
-617	16	12.266887160352907	HNF1A	HNF1A
-616	17	12.29104726972535	HNF1A	HNF1A
-615	8	12.256645669311226	HNF1A	HNF1A
-614	12	12.252657084837903	HNF1A	HNF1A
-613	19	12.273395077750857	HNF1A	HNF1A
-612	11	12.209829141933552	HNF1A	HNF1A
-611	19	12.249085640706237	HNF1A	HNF1A
-610	9	12.308427444088732	HNF1A	HNF1A
-609	15	12.299922869774397	HNF1A	HNF1A
-608	12	12.332241452729786	HNF1A	HNF1A
-607	13	12.38463827897276	HNF1A	HNF1A
-606	18	12.339317539620929	HNF1A	HNF1A
-605	13	12.311044795216366	HNF1A	HNF1A
-604	13	12.294031759428943	HNF1A	HNF1A
-603	13	12.337701856815992	HNF1A	HNF1A
-602	13	12.238606188039164	HNF1A	HNF1A
-601	11	12.291024518567237	HNF1A	HNF1A
-600	9	12.343055333264019	HNF1A	HNF1A
-599	10	12.260210366335505	HNF1A	HNF1A
-598	12	12.224980019868903	HNF1A	HNF1A
-597	8	12.301977132615905	HNF1A	HNF1A
-596	11	12.271809808601676	HNF1A	HNF1A
-595	11	12.255489648205382	HNF1A	HNF1A
-594	11	12.311156941784857	HNF1A	HNF1A
-593	14	12.297593026768306	HNF1A	HNF1A
-592	13	12.338332466350387	HNF1A	HNF1A
-591	16	12.32903143399514	HNF1A	HNF1A
-590	21	12.241726037673697	HNF1A	HNF1A
-589	16	12.18720410605068	HNF1A	HNF1A
-588	13	12.333950167012402	HNF1A	HNF1A
-587	17	12.343490447279619	HNF1A	HNF1A
-586	11	12.28499733920199	HNF1A	HNF1A
-585	12	12.256269726563216	HNF1A	HNF1A
-584	5	12.309008568077342	HNF1A	HNF1A
-583	10	12.227489106323302	HNF1A	HNF1A
-582	10	12.312085124204748	HNF1A	HNF1A
-581	17	12.280005166113378	HNF1A	HNF1A
-580	9	12.238627934928767	HNF1A	HNF1A
-579	17	12.358914888025936	HNF1A	HNF1A
-578	13	12.34721984587765	HNF1A	HNF1A
-577	15	12.255214847445846	HNF1A	HNF1A
-576	8	12.236839313594546	HNF1A	HNF1A
-575	13	12.231541824273828	HNF1A	HNF1A
-574	15	12.317574691654821	HNF1A	HNF1A
-573	15	12.402138634138526	HNF1A	HNF1A
-572	6	12.361266171618471	HNF1A	HNF1A
-571	13	12.335976867391505	HNF1A	HNF1A
-570	6	12.297890053891015	HNF1A	HNF1A
-569	11	12.301805416915855	HNF1A	HNF1A
-568	16	12.340824442960479	HNF1A	HNF1A
-567	11	12.327786980455267	HNF1A	HNF1A
-566	12	12.347271896049955	HNF1A	HNF1A
-565	7	12.375564104474249	HNF1A	HNF1A
-564	15	12.310832070580156	HNF1A	HNF1A
-563	11	12.322083053668436	HNF1A	HNF1A
-562	7	12.297943128961867	HNF1A	HNF1A
-561	17	12.344221081541946	HNF1A	HNF1A
-560	13	12.280568980836092	HNF1A	HNF1A
-559	17	12.223128420895648	HNF1A	HNF1A
-558	8	12.232897117405484	HNF1A	HNF1A
-557	10	12.188327260745519	HNF1A	HNF1A
-556	16	12.27943283476121	HNF1A	HNF1A
-555	16	12.304929934196348	HNF1A	HNF1A
-554	8	12.322367242740473	HNF1A	HNF1A
-553	15	12.284864115105842	HNF1A	HNF1A
-552	11	12.302966084485718	HNF1A	HNF1A
-551	12	12.323759985996883	HNF1A	HNF1A
-550	16	12.23138531926599	HNF1A	HNF1A
-549	12	12.247757337733045	HNF1A	HNF1A
-548	13	12.336952858143768	HNF1A	HNF1A
-547	12	12.382648430838627	HNF1A	HNF1A
-546	13	12.288773016382281	HNF1A	HNF1A
-545	19	12.25032642345683	HNF1A	HNF1A
-544	8	12.33432881271406	HNF1A	HNF1A
-543	8	12.317934022981795	HNF1A	HNF1A
-542	10	12.29465584386128	HNF1A	HNF1A
-541	21	12.320160623374466	HNF1A	HNF1A
-540	9	12.37880393599	HNF1A	HNF1A
-539	8	12.412648735082067	HNF1A	HNF1A
-538	9	12.373909606665602	HNF1A	HNF1A
-537	16	12.312668145132907	HNF1A	HNF1A
-536	10	12.313237621442719	HNF1A	HNF1A
-535	8	12.344578633337965	HNF1A	HNF1A
-534	16	12.385652922839904	HNF1A	HNF1A
-533	13	12.318544592920764	HNF1A	HNF1A
-532	9	12.292306436718862	HNF1A	HNF1A
-531	12	12.340329449618228	HNF1A	HNF1A
-530	9	12.364061948676216	HNF1A	HNF1A
-529	10	12.320453660752566	HNF1A	HNF1A
-528	13	12.382085172829521	HNF1A	HNF1A
-527	12	12.382987388399133	HNF1A	HNF1A
-526	8	12.2891219190415	HNF1A	HNF1A
-525	11	12.309454147303128	HNF1A	HNF1A
-524	9	12.364250482966778	HNF1A	HNF1A
-523	15	12.292557923312962	HNF1A	HNF1A
-522	16	12.277324472281917	HNF1A	HNF1A
-521	6	12.274223262328466	HNF1A	HNF1A
-520	13	12.266783841531403	HNF1A	HNF1A
-519	14	12.239762836346987	HNF1A	HNF1A
-518	13	12.29487391703795	HNF1A	HNF1A
-517	8	12.363895703950744	HNF1A	HNF1A
-516	11	12.380778021481117	HNF1A	HNF1A
-515	9	12.372031437153947	HNF1A	HNF1A
-514	14	12.289851670979003	HNF1A	HNF1A
-513	13	12.25015563546838	HNF1A	HNF1A
-512	17	12.23988185198309	HNF1A	HNF1A
-511	13	12.252426614237717	HNF1A	HNF1A
-510	10	12.370871130507776	HNF1A	HNF1A
-509	13	12.332427527240428	HNF1A	HNF1A
-508	11	12.315845913315657	HNF1A	HNF1A
-507	10	12.336756899374281	HNF1A	HNF1A
-506	12	12.308737469316382	HNF1A	HNF1A
-505	8	12.26406064834657	HNF1A	HNF1A
-504	15	12.315944525454148	HNF1A	HNF1A
-503	13	12.297106885002549	HNF1A	HNF1A
-502	9	12.42771531605275	HNF1A	HNF1A
-501	16	12.399156419397626	HNF1A	HNF1A
-500	10	12.28228912678318	HNF1A	HNF1A
-499	14	12.29708087139881	HNF1A	HNF1A
-498	13	12.290444737844581	HNF1A	HNF1A
-497	10	12.281790158470109	HNF1A	HNF1A
-496	16	12.19831641786099	HNF1A	HNF1A
-495	21	12.298224008957247	HNF1A	HNF1A
-494	12	12.314799187221624	HNF1A	HNF1A
-493	10	12.2831284016073	HNF1A	HNF1A
-492	15	12.24995840953255	HNF1A	HNF1A
-491	8	12.233012175686696	HNF1A	HNF1A
-490	14	12.316165409817303	HNF1A	HNF1A
-489	9	12.372249319168533	HNF1A	HNF1A
-488	12	12.272283290025573	HNF1A	HNF1A
-487	13	12.302276532973924	HNF1A	HNF1A
-486	12	12.323057389721313	HNF1A	HNF1A
-485	18	12.370298965642855	HNF1A	HNF1A
-484	5	12.356149462354969	HNF1A	HNF1A
-483	13	12.34899654565186	HNF1A	HNF1A
-482	7	12.293457754756687	HNF1A	HNF1A
-481	16	12.321160915664228	HNF1A	HNF1A
-480	16	12.32780229594311	HNF1A	HNF1A
-479	10	12.293518229695248	HNF1A	HNF1A
-478	9	12.277905677139142	HNF1A	HNF1A
-477	14	12.307724871718985	HNF1A	HNF1A
-476	16	12.297077416715885	HNF1A	HNF1A
-475	7	12.263587131192537	HNF1A	HNF1A
-474	10	12.275669034723075	HNF1A	HNF1A
-473	15	12.297395980896722	HNF1A	HNF1A
-472	13	12.25087102728477	HNF1A	HNF1A
-471	10	12.281111190133467	HNF1A	HNF1A
-470	14	12.258502970410994	HNF1A	HNF1A
-469	11	12.298028040904919	HNF1A	HNF1A
-468	8	12.337126138047903	HNF1A	HNF1A
-467	15	12.317007833956445	HNF1A	HNF1A
-466	10	12.260906505938706	HNF1A	HNF1A
-465	4	12.188442382032811	HNF1A	HNF1A
-464	16	12.22062463598242	HNF1A	HNF1A
-463	11	12.301977259982182	HNF1A	HNF1A
-462	9	12.33790494940777	HNF1A	HNF1A
-461	16	12.24897181124421	HNF1A	HNF1A
-460	9	12.274550450015015	HNF1A	HNF1A
-459	13	12.249011501250717	HNF1A	HNF1A
-458	9	12.278016295394947	HNF1A	HNF1A
-457	18	12.290704517608466	HNF1A	HNF1A
-456	12	12.34551315472347	HNF1A	HNF1A
-455	15	12.288493495425293	HNF1A	HNF1A
-454	12	12.361110434746195	HNF1A	HNF1A
-453	13	12.313634920454565	HNF1A	HNF1A
-452	12	12.324446876627032	HNF1A	HNF1A
-451	15	12.343076544605792	HNF1A	HNF1A
-450	17	12.261247572762578	HNF1A	HNF1A
-449	8	12.256305004800149	HNF1A	HNF1A
-448	15	12.295145485666385	HNF1A	HNF1A
-447	11	12.227382842798455	HNF1A	HNF1A
-446	10	12.298488907402248	HNF1A	HNF1A
-445	6	12.350800883163773	HNF1A	HNF1A
-444	10	12.378674742012391	HNF1A	HNF1A
-443	11	12.286028747616347	HNF1A	HNF1A
-442	12	12.288018128029872	HNF1A	HNF1A
-441	19	12.331462378286483	HNF1A	HNF1A
-440	14	12.318326761776833	HNF1A	HNF1A
-439	11	12.297980669722321	HNF1A	HNF1A
-438	12	12.338902282589892	HNF1A	HNF1A
-437	13	12.2884568648714	HNF1A	HNF1A
-436	12	12.321965222586202	HNF1A	HNF1A
-435	9	12.293731078942894	HNF1A	HNF1A
-434	15	12.34671884620141	HNF1A	HNF1A
-433	10	12.370562772298873	HNF1A	HNF1A
-432	17	12.3678817605476	HNF1A	HNF1A
-431	4	12.240177974009995	HNF1A	HNF1A
-430	16	12.236651417405703	HNF1A	HNF1A
-429	6	12.27118642744523	HNF1A	HNF1A
-428	4	12.258164693235418	HNF1A	HNF1A
-427	12	12.386573171523978	HNF1A	HNF1A
-426	5	12.30662569084483	HNF1A	HNF1A
-425	13	12.261185619916974	HNF1A	HNF1A
-424	13	12.247153638198682	HNF1A	HNF1A
-423	11	12.260508519851026	HNF1A	HNF1A
-422	13	12.351246672352952	HNF1A	HNF1A
-421	11	12.295751649113194	HNF1A	HNF1A
-420	14	12.250393034139963	HNF1A	HNF1A
-419	10	12.285654945098504	HNF1A	HNF1A
-418	10	12.329300993126703	HNF1A	HNF1A
-417	10	12.285008924279364	HNF1A	HNF1A
-416	12	12.342671968424924	HNF1A	HNF1A
-415	16	12.332112652883819	HNF1A	HNF1A
-414	9	12.310958677201624	HNF1A	HNF1A
-413	6	12.2654165027135	HNF1A	HNF1A
-412	13	12.172589793615032	HNF1A	HNF1A
-411	12	12.218071939047816	HNF1A	HNF1A
-410	9	12.325978918279409	HNF1A	HNF1A
-409	13	12.296092998858422	HNF1A	HNF1A
-408	14	12.288724177020706	HNF1A	HNF1A
-407	5	12.295990775225786	HNF1A	HNF1A
-406	15	12.319323908205119	HNF1A	HNF1A
-405	10	12.250987271351166	HNF1A	HNF1A
-404	12	12.31469310931997	HNF1A	HNF1A
-403	14	12.309929425928866	HNF1A	HNF1A
-402	16	12.358750654857165	HNF1A	HNF1A
-401	11	12.240074478571238	HNF1A	HNF1A
-400	10	12.247271709925194	HNF1A	HNF1A
-399	13	12.26482566634279	HNF1A	HNF1A
-398	12	12.35240069250839	HNF1A	HNF1A
-397	21	12.361338109574994	HNF1A	HNF1A
-396	9	12.321217046993612	HNF1A	HNF1A
-395	13	12.256929838575246	HNF1A	HNF1A
-394	17	12.314700411320963	HNF1A	HNF1A
-393	10	12.31603679098416	HNF1A	HNF1A
-392	15	12.25247930238865	HNF1A	HNF1A
-391	15	12.279217638921894	HNF1A	HNF1A
-390	14	12.335052241284515	HNF1A	HNF1A
-389	6	12.278855769746055	HNF1A	HNF1A
-388	16	12.288811001353386	HNF1A	HNF1A
-387	16	12.37445441346471	HNF1A	HNF1A
-386	4	12.41301340657156	HNF1A	HNF1A
-385	14	12.435767263746836	HNF1A	HNF1A
-384	11	12.428750617046356	HNF1A	HNF1A
-383	16	12.367330448295125	HNF1A	HNF1A
-382	15	12.337204761411474	HNF1A	HNF1A
-381	14	12.345769727043537	HNF1A	HNF1A
-380	18	12.365222147282006	HNF1A	HNF1A
-379	10	12.3149141996563	HNF1A	HNF1A
-378	14	12.349802501940529	HNF1A	HNF1A
-377	11	12.279491716796047	HNF1A	HNF1A
-376	13	12.325168425989983	HNF1A	HNF1A
-375	13	12.247989379306526	HNF1A	HNF1A
-374	6	12.247430944312555	HNF1A	HNF1A
-373	13	12.210713110970747	HNF1A	HNF1A
-372	17	12.18817383426073	HNF1A	HNF1A
-371	9	12.31736078923356	HNF1A	HNF1A
-370	17	12.346114110550063	HNF1A	HNF1A
-369	10	12.380857337011848	HNF1A	HNF1A
-368	7	12.37857524567124	HNF1A	HNF1A
-367	18	12.420316103243062	HNF1A	HNF1A
-366	12	12.290652062116829	HNF1A	HNF1A
-365	14	12.257277461234754	HNF1A	HNF1A
-364	12	12.31401586599348	HNF1A	HNF1A
-363	14	12.34828868615193	HNF1A	HNF1A
-362	7	12.342911741864896	HNF1A	HNF1A
-361	9	12.368011466547248	HNF1A	HNF1A
-360	14	12.366333487084992	HNF1A	HNF1A
-359	8	12.335442831412026	HNF1A	HNF1A
-358	9	12.23578277888938	HNF1A	HNF1A
-357	15	12.294267777477742	HNF1A	HNF1A
-356	10	12.335461349531828	HNF1A	HNF1A
-355	11	12.3142113601099	HNF1A	HNF1A
-354	8	12.210358856522646	HNF1A	HNF1A
-353	12	12.260354022905723	HNF1A	HNF1A
-352	21	12.268476054778658	HNF1A	HNF1A
-351	16	12.243513810712468	HNF1A	HNF1A
-350	8	12.329006150838023	HNF1A	HNF1A
-349	7	12.279130115572203	HNF1A	HNF1A
-348	10	12.30089848205729	HNF1A	HNF1A
-347	7	12.325433485203948	HNF1A	HNF1A
-346	14	12.345422040592638	HNF1A	HNF1A
-345	12	12.297318202370851	HNF1A	HNF1A
-344	8	12.343005617065185	HNF1A	HNF1A
-343	11	12.262262783075391	HNF1A	HNF1A
-342	4	12.23626926573284	HNF1A	HNF1A
-341	14	12.28107413470518	HNF1A	HNF1A
-340	10	12.310790089028668	HNF1A	HNF1A
-339	12	12.302217741089828	HNF1A	HNF1A
-338	15	12.264181962358176	HNF1A	HNF1A
-337	13	12.286902111799682	HNF1A	HNF1A
-336	11	12.283305573618511	HNF1A	HNF1A
-335	12	12.31489460996465	HNF1A	HNF1A
-334	18	12.293497501269698	HNF1A	HNF1A
-333	12	12.245900628382756	HNF1A	HNF1A
-332	10	12.332059922181992	HNF1A	HNF1A
-331	13	12.392421401403386	HNF1A	HNF1A
-330	11	12.300735879579156	HNF1A	HNF1A
-329	11	12.238645990347793	HNF1A	HNF1A
-328	11	12.294565458686368	HNF1A	HNF1A
-327	18	12.321018886437598	HNF1A	HNF1A
-326	13	12.346189319265376	HNF1A	HNF1A
-325	10	12.267191255321679	HNF1A	HNF1A
-324	11	12.263549215292162	HNF1A	HNF1A
-323	14	12.341455724733438	HNF1A	HNF1A
-322	12	12.300631841981168	HNF1A	HNF1A
-321	9	12.278655055271559	HNF1A	HNF1A
-320	14	12.291660330064222	HNF1A	HNF1A
-319	15	12.305476046327929	HNF1A	HNF1A
-318	17	12.282509921718328	HNF1A	HNF1A
-317	14	12.264908626292454	HNF1A	HNF1A
-316	13	12.318807863583338	HNF1A	HNF1A
-315	12	12.315215947265461	HNF1A	HNF1A
-314	10	12.260846818695878	HNF1A	HNF1A
-313	7	12.241171298250267	HNF1A	HNF1A
-312	15	12.316460272633893	HNF1A	HNF1A
-311	15	12.325856745162906	HNF1A	HNF1A
-310	18	12.221391263313267	HNF1A	HNF1A
-309	6	12.164629610443116	HNF1A	HNF1A
-308	10	12.302741725790103	HNF1A	HNF1A
-307	12	12.348180834037214	HNF1A	HNF1A
-306	11	12.379644146225017	HNF1A	HNF1A
-305	8	12.281636279205053	HNF1A	HNF1A
-304	12	12.238849871561703	HNF1A	HNF1A
-303	10	12.260692972793889	HNF1A	HNF1A
-302	14	12.26589438493447	HNF1A	HNF1A
-301	17	12.285263902222438	HNF1A	HNF1A
-300	13	12.261216686901417	HNF1A	HNF1A
-299	12	12.284302816979434	HNF1A	HNF1A
-298	7	12.328080861565425	HNF1A	HNF1A
-297	20	12.360005608969361	HNF1A	HNF1A
-296	16	12.304912666750704	HNF1A	HNF1A
-295	15	12.245099833026744	HNF1A	HNF1A
-294	11	12.344232663236077	HNF1A	HNF1A
-293	8	12.371075098514236	HNF1A	HNF1A
-292	10	12.326284342877614	HNF1A	HNF1A
-291	21	12.40257927033142	HNF1A	HNF1A
-290	15	12.371421597777934	HNF1A	HNF1A
-289	14	12.273691614747506	HNF1A	HNF1A
-288	9	12.259289813773695	HNF1A	HNF1A
-287	13	12.34259856088693	HNF1A	HNF1A
-286	12	12.280437934881139	HNF1A	HNF1A
-285	10	12.229283230096438	HNF1A	HNF1A
-284	12	12.220510617712774	HNF1A	HNF1A
-283	8	12.299357818346172	HNF1A	HNF1A
-282	15	12.286392438941135	HNF1A	HNF1A
-281	10	12.305743972740194	HNF1A	HNF1A
-280	9	12.272637366181238	HNF1A	HNF1A
-279	9	12.208430474486741	HNF1A	HNF1A
-278	18	12.237857309217869	HNF1A	HNF1A
-277	10	12.19512497395009	HNF1A	HNF1A
-276	3	12.216685280248221	HNF1A	HNF1A
-275	14	12.293249402129792	HNF1A	HNF1A
-274	14	12.380378528820026	HNF1A	HNF1A
-273	10	12.370665188762759	HNF1A	HNF1A
-272	15	12.269528263030901	HNF1A	HNF1A
-271	13	12.184357895225224	HNF1A	HNF1A
-270	7	12.25123041153099	HNF1A	HNF1A
-269	9	12.36345912361979	HNF1A	HNF1A
-268	16	12.316788845777667	HNF1A	HNF1A
-267	15	12.2308273035677	HNF1A	HNF1A
-266	10	12.294368433174771	HNF1A	HNF1A
-265	8	12.344941525272613	HNF1A	HNF1A
-264	9	12.352450582882938	HNF1A	HNF1A
-263	6	12.275054472152082	HNF1A	HNF1A
-262	12	12.261472081895596	HNF1A	HNF1A
-261	13	12.311626182486412	HNF1A	HNF1A
-260	15	12.335498766217576	HNF1A	HNF1A
-259	10	12.37836817982029	HNF1A	HNF1A
-258	15	12.337051940850234	HNF1A	HNF1A
-257	7	12.252662571503329	HNF1A	HNF1A
-256	9	12.288566923268144	HNF1A	HNF1A
-255	13	12.28235431380624	HNF1A	HNF1A
-254	24	12.25390386532361	HNF1A	HNF1A
-253	7	12.2964764641577	HNF1A	HNF1A
-252	15	12.243812684561158	HNF1A	HNF1A
-251	11	12.345404623347997	HNF1A	HNF1A
-250	9	12.382999748937909	HNF1A	HNF1A
-249	9	12.375643983980849	HNF1A	HNF1A
-248	13	12.479442748354174	HNF1A	HNF1A
-247	11	12.352990284870051	HNF1A	HNF1A
-246	14	12.291109270484926	HNF1A	HNF1A
-245	12	12.360733217546716	HNF1A	HNF1A
-244	10	12.34699288067	HNF1A	HNF1A
-243	11	12.259953303079104	HNF1A	HNF1A
-242	11	12.25860749832772	HNF1A	HNF1A
-241	7	12.32279788029528	HNF1A	HNF1A
-240	10	12.295956311169476	HNF1A	HNF1A
-239	15	12.34515600759185	HNF1A	HNF1A
-238	15	12.324757042574031	HNF1A	HNF1A
-237	12	12.216541268640334	HNF1A	HNF1A
-236	14	12.276890134667365	HNF1A	HNF1A
-235	13	12.37980964767131	HNF1A	HNF1A
-234	10	12.256262118388804	HNF1A	HNF1A
-233	15	12.333687209008861	HNF1A	HNF1A
-232	15	12.332756064904567	HNF1A	HNF1A
-231	8	12.332177040849915	HNF1A	HNF1A
-230	14	12.334245254966033	HNF1A	HNF1A
-229	14	12.285864186237903	HNF1A	HNF1A
-228	5	12.219847718988971	HNF1A	HNF1A
-227	11	12.24979473396213	HNF1A	HNF1A
-226	8	12.278847719993045	HNF1A	HNF1A
-225	12	12.33827635635817	HNF1A	HNF1A
-224	14	12.279245716904187	HNF1A	HNF1A
-223	7	12.244927531231875	HNF1A	HNF1A
-222	18	12.291002259745184	HNF1A	HNF1A
-221	9	12.335203367591008	HNF1A	HNF1A
-220	10	12.361005531447123	HNF1A	HNF1A
-219	16	12.268349075844876	HNF1A	HNF1A
-218	17	12.287784880963628	HNF1A	HNF1A
-217	12	12.279104750345647	HNF1A	HNF1A
-216	15	12.354682222183188	HNF1A	HNF1A
-215	13	12.30167875279923	HNF1A	HNF1A
-214	18	12.161911091750135	HNF1A	HNF1A
-213	13	12.247162862582014	HNF1A	HNF1A
-212	15	12.386063925685672	HNF1A	HNF1A
-211	9	12.328175345322014	HNF1A	HNF1A
-210	12	12.290905955296612	HNF1A	HNF1A
-209	10	12.314136124028462	HNF1A	HNF1A
-208	7	12.286320155976728	HNF1A	HNF1A
-207	12	12.2622476120151	HNF1A	HNF1A
-206	23	12.29908477736676	HNF1A	HNF1A
-205	15	12.22708995240575	HNF1A	HNF1A
-204	11	12.287442977646764	HNF1A	HNF1A
-203	11	12.24438407169097	HNF1A	HNF1A
-202	11	12.291619530985562	HNF1A	HNF1A
-201	15	12.289211123360536	HNF1A	HNF1A
-200	10	12.305740732548477	HNF1A	HNF1A
-199	10	12.25862939002289	HNF1A	HNF1A
-198	13	12.263910631730052	HNF1A	HNF1A
-197	13	12.327713407915194	HNF1A	HNF1A
-196	15	12.316661501376329	HNF1A	HNF1A
-195	16	12.184702039901788	HNF1A	HNF1A
-194	13	12.165635443205245	HNF1A	HNF1A
-193	10	12.220638087853118	HNF1A	HNF1A
-192	17	12.338705589287871	HNF1A	HNF1A
-191	10	12.226233485386297	HNF1A	HNF1A
-190	15	12.207028940541397	HNF1A	HNF1A
-189	6	12.276522803576047	HNF1A	HNF1A
-188	20	12.392614185909348	HNF1A	HNF1A
-187	10	12.267260541718654	HNF1A	HNF1A
-186	15	12.313008534830642	HNF1A	HNF1A
-185	9	12.304572194149234	HNF1A	HNF1A
-184	10	12.3511775376868	HNF1A	HNF1A
-183	5	12.325468272903725	HNF1A	HNF1A
-182	16	12.332261246197199	HNF1A	HNF1A
-181	12	12.24428533548721	HNF1A	HNF1A
-180	9	12.170894334045592	HNF1A	HNF1A
-179	12	12.23971212673459	HNF1A	HNF1A
-178	19	12.255533355527831	HNF1A	HNF1A
-177	18	12.264688735997456	HNF1A	HNF1A
-176	14	12.235551167162628	HNF1A	HNF1A
-175	10	12.174735905432316	HNF1A	HNF1A
-174	15	12.214457975557648	HNF1A	HNF1A
-173	15	12.279148838499777	HNF1A	HNF1A
-172	9	12.241297872975196	HNF1A	HNF1A
-171	12	12.262912363546096	HNF1A	HNF1A
-170	10	12.234610551573212	HNF1A	HNF1A
-169	10	12.170233349703295	HNF1A	HNF1A
-168	16	12.254251283929943	HNF1A	HNF1A
-167	5	12.233359440618328	HNF1A	HNF1A
-166	12	12.250921195685759	HNF1A	HNF1A
-165	5	12.25176722031462	HNF1A	HNF1A
-164	14	12.169156320133347	HNF1A	HNF1A
-163	8	12.19314851825225	HNF1A	HNF1A
-162	15	12.249516700483325	HNF1A	HNF1A
-161	11	12.198569804258844	HNF1A	HNF1A
-160	11	12.27706686621953	HNF1A	HNF1A
-159	12	12.264100107938196	HNF1A	HNF1A
-158	8	12.218654038427761	HNF1A	HNF1A
-157	6	12.233751184027446	HNF1A	HNF1A
-156	20	12.25621705173998	HNF1A	HNF1A
-155	12	12.21254872216414	HNF1A	HNF1A
-154	17	12.174874610185041	HNF1A	HNF1A
-153	7	12.298352334832645	HNF1A	HNF1A
-152	10	12.218989323517386	HNF1A	HNF1A
-151	15	12.215975534442862	HNF1A	HNF1A
-150	15	12.277484523533436	HNF1A	HNF1A
-149	11	12.25230932621972	HNF1A	HNF1A
-148	11	12.20346435742559	HNF1A	HNF1A
-147	17	12.26890877218589	HNF1A	HNF1A
-146	10	12.279237431514671	HNF1A	HNF1A
-145	11	12.219276118585912	HNF1A	HNF1A
-144	12	12.211754967827453	HNF1A	HNF1A
-143	11	12.146646609757349	HNF1A	HNF1A
-142	10	12.196542763421174	HNF1A	HNF1A
-141	11	12.201353055989655	HNF1A	HNF1A
-140	5	12.197257059658545	HNF1A	HNF1A
-139	11	12.21564479968049	HNF1A	HNF1A
-138	9	12.29478619675706	HNF1A	HNF1A
-137	20	12.331016095241297	HNF1A	HNF1A
-136	9	12.360128817120955	HNF1A	HNF1A
-135	12	12.253250473033901	HNF1A	HNF1A
-134	17	12.201167699162427	HNF1A	HNF1A
-133	10	12.193351959865765	HNF1A	HNF1A
-132	10	12.330840969515009	HNF1A	HNF1A
-131	8	12.265487080512711	HNF1A	HNF1A
-130	8	12.226246263935266	HNF1A	HNF1A
-129	10	12.252222280640792	HNF1A	HNF1A
-128	18	12.301229224056272	HNF1A	HNF1A
-127	10	12.382152944950684	HNF1A	HNF1A
-126	11	12.397948978844175	HNF1A	HNF1A
-125	11	12.244753152456768	HNF1A	HNF1A
-124	11	12.313003480958736	HNF1A	HNF1A
-123	13	12.406442838278334	HNF1A	HNF1A
-122	18	12.395409947760692	HNF1A	HNF1A
-121	13	12.348372828072103	HNF1A	HNF1A
-120	14	12.289721909696151	HNF1A	HNF1A
-119	15	12.306853061353547	HNF1A	HNF1A
-118	14	12.283850783462347	HNF1A	HNF1A
-117	12	12.183472910777256	HNF1A	HNF1A
-116	6	12.25701904975225	HNF1A	HNF1A
-115	11	12.313587229216848	HNF1A	HNF1A
-114	13	12.311208697171496	HNF1A	HNF1A
-113	11	12.226551104942907	HNF1A	HNF1A
-112	6	12.25610397555427	HNF1A	HNF1A
-111	13	12.324744120480494	HNF1A	HNF1A
-110	11	12.37702028383854	HNF1A	HNF1A
-109	14	12.264617529290915	HNF1A	HNF1A
-108	12	12.263086443100345	HNF1A	HNF1A
-107	19	12.265180370116703	HNF1A	HNF1A
-106	15	12.372988595787744	HNF1A	HNF1A
-105	10	12.315152413224421	HNF1A	HNF1A
-104	14	12.172049594251304	HNF1A	HNF1A
-103	11	12.144350997945667	HNF1A	HNF1A
-102	16	12.29590234345646	HNF1A	HNF1A
-101	9	12.322033257251585	HNF1A	HNF1A
-100	15	12.26609872069517	HNF1A	HNF1A
-99	9	12.210358824850486	HNF1A	HNF1A
-98	9	12.181025725602634	HNF1A	HNF1A
-97	12	12.336564503774476	HNF1A	HNF1A
-96	12	12.30730801269263	HNF1A	HNF1A
-95	14	12.228422273106421	HNF1A	HNF1A
-94	13	12.163120509915215	HNF1A	HNF1A
-93	21	12.15503925155153	HNF1A	HNF1A
-92	10	12.211670737351653	HNF1A	HNF1A
-91	10	12.25814799227928	HNF1A	HNF1A
-90	15	12.229756992326307	HNF1A	HNF1A
-89	12	12.228166396266095	HNF1A	HNF1A
-88	13	12.192979421176183	HNF1A	HNF1A
-87	19	12.268679748527662	HNF1A	HNF1A
-86	17	12.258856052369383	HNF1A	HNF1A
-85	10	12.231337352581088	HNF1A	HNF1A
-84	14	12.27608873206052	HNF1A	HNF1A
-83	14	12.303853785009867	HNF1A	HNF1A
-82	11	12.357746110791048	HNF1A	HNF1A
-81	11	12.229216600546886	HNF1A	HNF1A
-80	13	12.343111541559248	HNF1A	HNF1A
-79	17	12.273641414600982	HNF1A	HNF1A
-78	13	12.335675052754615	HNF1A	HNF1A
-77	8	12.497541786773505	HNF1A	HNF1A
-76	13	12.388250790548563	HNF1A	HNF1A
-75	12	12.359209085521458	HNF1A	HNF1A
-74	11	12.28073979706467	HNF1A	HNF1A
-73	15	12.310436908517204	HNF1A	HNF1A
-72	11	12.190999438957993	HNF1A	HNF1A
-71	8	12.148123134553519	HNF1A	HNF1A
-70	7	12.18844917782114	HNF1A	HNF1A
-69	10	12.153071089243324	HNF1A	HNF1A
-68	14	12.164417917833545	HNF1A	HNF1A
-67	15	12.271264482910736	HNF1A	HNF1A
-66	10	12.181133562979417	HNF1A	HNF1A
-65	11	12.232847098108248	HNF1A	HNF1A
-64	5	12.190856032078518	HNF1A	HNF1A
-63	14	12.169663006180885	HNF1A	HNF1A
-62	18	12.141609557021663	HNF1A	HNF1A
-61	14	12.20726528253181	HNF1A	HNF1A
-60	12	12.260246712653133	HNF1A	HNF1A
-59	16	12.21155981080045	HNF1A	HNF1A
-58	16	12.251595630453004	HNF1A	HNF1A
-57	16	12.193709230782389	HNF1A	HNF1A
-56	12	12.24431522569381	HNF1A	HNF1A
-55	14	12.236591636609338	HNF1A	HNF1A
-54	12	12.241395983530984	HNF1A	HNF1A
-53	9	12.20265367323685	HNF1A	HNF1A
-52	13	12.178177812323701	HNF1A	HNF1A
-51	6	12.1304335230046	HNF1A	HNF1A
-50	10	12.107705497540291	HNF1A	HNF1A
-49	12	12.1097211724174	HNF1A	HNF1A
-48	14	12.190215036636294	HNF1A	HNF1A
-47	15	12.280634173625	HNF1A	HNF1A
-46	12	12.200162316975353	HNF1A	HNF1A
-45	13	12.239072993719038	HNF1A	HNF1A
-44	20	12.240245585042999	HNF1A	HNF1A
-43	22	12.21149012940519	HNF1A	HNF1A
-42	5	12.10863445684742	HNF1A	HNF1A
-41	13	12.0808390692005	HNF1A	HNF1A
-40	18	12.277593913235494	HNF1A	HNF1A
-39	14	12.177631247665582	HNF1A	HNF1A
-38	9	12.092785176903487	HNF1A	HNF1A
-37	15	12.216766007465234	HNF1A	HNF1A
-36	13	12.138040639180204	HNF1A	HNF1A
-35	17	12.137190057350606	HNF1A	HNF1A
-34	16	12.204709767250387	HNF1A	HNF1A
-33	12	12.325745953573612	HNF1A	HNF1A
-32	11	12.2061647298495	HNF1A	HNF1A
-31	9	12.172152441672491	HNF1A	HNF1A
-30	11	12.118909841649124	HNF1A	HNF1A
-29	12	12.210570380489424	HNF1A	HNF1A
-28	16	12.123010057568289	HNF1A	HNF1A
-27	14	12.147271421127023	HNF1A	HNF1A
-26	17	12.201881519993748	HNF1A	HNF1A
-25	10	12.300853215502949	HNF1A	HNF1A
-24	15	12.222574419512137	HNF1A	HNF1A
-23	11	12.226195144028546	HNF1A	HNF1A
-22	12	12.211315215286602	HNF1A	HNF1A
-21	15	12.333629253322155	HNF1A	HNF1A
-20	15	12.247417792791765	HNF1A	HNF1A
-19	13	12.16154101783021	HNF1A	HNF1A
-18	11	11.985917808854424	HNF1A	HNF1A
-17	12	12.061077728409979	HNF1A	HNF1A
-16	12	12.08557095316201	HNF1A	HNF1A
-15	18	12.145874147260685	HNF1A	HNF1A
-14	13	12.157477821655915	HNF1A	HNF1A
-13	13	12.072070858673989	HNF1A	HNF1A
-12	10	12.061408311806792	HNF1A	HNF1A
-11	10	12.134318524353437	HNF1A	HNF1A
-10	15	12.089610555387608	HNF1A	HNF1A
-9	9	12.031846918162262	HNF1A	HNF1A
-8	15	12.116034206308138	HNF1A	HNF1A
-7	5	12.105446318747937	HNF1A	HNF1A
-6	14	12.097146939430463	HNF1A	HNF1A
-5	16	11.56107335290647	HNF1A	HNF1A
-4	12	11.950905519160882	HNF1A	HNF1A
-3	15	11.144077637948472	HNF1A	HNF1A
-2	14	10.446174774524104	HNF1A	HNF1A
-1	13	12.067659168958697	HNF1A	HNF1A
0	14	12.112059940174966	HNF1A	HNF1A
1	11	12.064273137921912	HNF1A	HNF1A
2	17	10.377745903571041	HNF1A	HNF1A
3	12	11.137723448577939	HNF1A	HNF1A
4	20	12.022907449018442	HNF1A	HNF1A
5	13	11.674241918252054	HNF1A	HNF1A
6	15	12.102887632098463	HNF1A	HNF1A
7	4	12.017680404549731	HNF1A	HNF1A
8	11	12.035756636534222	HNF1A	HNF1A
9	13	12.043418196905597	HNF1A	HNF1A
10	17	12.054631283923344	HNF1A	HNF1A
11	18	12.20453418572363	HNF1A	HNF1A
12	21	12.13087483994901	HNF1A	HNF1A
13	21	12.008751579903704	HNF1A	HNF1A
14	13	12.047016699959167	HNF1A	HNF1A
15	16	12.047162968142104	HNF1A	HNF1A
16	10	11.996657821113487	HNF1A	HNF1A
17	13	12.04300330220597	HNF1A	HNF1A
18	16	12.12189943897946	HNF1A	HNF1A
19	17	12.231206188381773	HNF1A	HNF1A
20	15	12.193311007918554	HNF1A	HNF1A
21	14	12.11236054840207	HNF1A	HNF1A
22	17	12.145033862947269	HNF1A	HNF1A
23	16	12.288383038160855	HNF1A	HNF1A
24	16	12.285046854114464	HNF1A	HNF1A
25	13	12.245567355615494	HNF1A	HNF1A
26	15	12.16893503727165	HNF1A	HNF1A
27	15	12.143016969869864	HNF1A	HNF1A
28	17	12.166910521022146	HNF1A	HNF1A
29	21	12.147073550264599	HNF1A	HNF1A
30	19	12.101085049643752	HNF1A	HNF1A
31	19	12.253532176564157	HNF1A	HNF1A
32	11	12.27557415152515	HNF1A	HNF1A
33	13	12.32279938641915	HNF1A	HNF1A
34	11	12.246582323257865	HNF1A	HNF1A
35	8	12.137143277298804	HNF1A	HNF1A
36	12	12.1389633998774	HNF1A	HNF1A
37	17	12.179356712135043	HNF1A	HNF1A
38	12	12.224009094494582	HNF1A	HNF1A
39	10	12.206216308178725	HNF1A	HNF1A
40	18	12.226692893063184	HNF1A	HNF1A
41	12	12.181523137244854	HNF1A	HNF1A
42	11	12.183759739044072	HNF1A	HNF1A
43	13	12.266779059151842	HNF1A	HNF1A
44	8	12.235850806401938	HNF1A	HNF1A
45	15	12.138000499532579	HNF1A	HNF1A
46	13	12.133815381252322	HNF1A	HNF1A
47	11	12.10385055184882	HNF1A	HNF1A
48	17	12.181282600574646	HNF1A	HNF1A
49	12	12.194578491563389	HNF1A	HNF1A
50	13	12.188793480934864	HNF1A	HNF1A
51	12	12.178790521635722	HNF1A	HNF1A
52	13	12.336961893213775	HNF1A	HNF1A
53	14	12.306619043171771	HNF1A	HNF1A
54	13	12.256569810149694	HNF1A	HNF1A
55	16	12.266319588994264	HNF1A	HNF1A
56	14	12.270617693194959	HNF1A	HNF1A
57	14	12.207215006069754	HNF1A	HNF1A
58	16	12.13157955179555	HNF1A	HNF1A
59	10	12.21587183986899	HNF1A	HNF1A
60	17	12.219855887105657	HNF1A	HNF1A
61	17	12.313248797248551	HNF1A	HNF1A
62	21	12.251132422570466	HNF1A	HNF1A
63	13	12.26820709606796	HNF1A	HNF1A
64	9	12.23842429777091	HNF1A	HNF1A
65	7	12.166797196025502	HNF1A	HNF1A
66	10	12.132912957683141	HNF1A	HNF1A
67	14	12.262140710125042	HNF1A	HNF1A
68	10	12.312682793233561	HNF1A	HNF1A
69	5	12.21600271610859	HNF1A	HNF1A
70	14	12.2320650230689	HNF1A	HNF1A
71	9	12.240498176565287	HNF1A	HNF1A
72	13	12.173269884989839	HNF1A	HNF1A
73	15	12.217903406814512	HNF1A	HNF1A
74	13	12.277245281034498	HNF1A	HNF1A
75	10	12.322180453712695	HNF1A	HNF1A
76	12	12.378789350299154	HNF1A	HNF1A
77	6	12.387639287100745	HNF1A	HNF1A
78	12	12.404961010782621	HNF1A	HNF1A
79	15	12.329028458610601	HNF1A	HNF1A
80	14	12.27032525193005	HNF1A	HNF1A
81	12	12.267471645899898	HNF1A	HNF1A
82	12	12.301893517048697	HNF1A	HNF1A
83	9	12.2997966443762	HNF1A	HNF1A
84	12	12.224508988446225	HNF1A	HNF1A
85	16	12.18131635050012	HNF1A	HNF1A
86	13	12.227189232681395	HNF1A	HNF1A
87	10	12.271133619071387	HNF1A	HNF1A
88	11	12.294308380273682	HNF1A	HNF1A
89	15	12.271377832940384	HNF1A	HNF1A
90	16	12.284376448546768	HNF1A	HNF1A
91	11	12.212074901724103	HNF1A	HNF1A
92	16	12.149092169828897	HNF1A	HNF1A
93	6	12.230753447846508	HNF1A	HNF1A
94	17	12.219773186995853	HNF1A	HNF1A
95	13	12.275024080884153	HNF1A	HNF1A
96	8	12.328860359183082	HNF1A	HNF1A
97	22	12.251767837232386	HNF1A	HNF1A
98	12	12.20035082600537	HNF1A	HNF1A
99	18	12.286126169310451	HNF1A	HNF1A
100	10	12.275778390065344	HNF1A	HNF1A
101	8	12.269950712872378	HNF1A	HNF1A
102	16	12.225611201353802	HNF1A	HNF1A
103	10	12.176562012862876	HNF1A	HNF1A
104	12	12.268317478569523	HNF1A	HNF1A
105	17	12.298549799457923	HNF1A	HNF1A
106	13	12.288502242610065	HNF1A	HNF1A
107	10	12.366631811343048	HNF1A	HNF1A
108	8	12.370034444206128	HNF1A	HNF1A
109	16	12.21010559300849	HNF1A	HNF1A
110	15	12.276441900976852	HNF1A	HNF1A
111	13	12.2672623242454	HNF1A	HNF1A
112	11	12.180332782473121	HNF1A	HNF1A
113	17	12.211600411158646	HNF1A	HNF1A
114	11	12.188503302084925	HNF1A	HNF1A
115	8	12.197413999606765	HNF1A	HNF1A
116	17	12.236434445111932	HNF1A	HNF1A
117	9	12.292981558551665	HNF1A	HNF1A
118	13	12.22583153138532	HNF1A	HNF1A
119	16	12.274115843258777	HNF1A	HNF1A
120	15	12.410968054399126	HNF1A	HNF1A
121	9	12.299694390302342	HNF1A	HNF1A
122	11	12.330794779322249	HNF1A	HNF1A
123	12	12.339302112205402	HNF1A	HNF1A
124	11	12.279150145167034	HNF1A	HNF1A
125	13	12.27390279116539	HNF1A	HNF1A
126	10	12.254305229917765	HNF1A	HNF1A
127	12	12.32670304021355	HNF1A	HNF1A
128	11	12.26535194015338	HNF1A	HNF1A
129	6	12.24831430584439	HNF1A	HNF1A
130	15	12.309435848746256	HNF1A	HNF1A
131	10	12.264611595620517	HNF1A	HNF1A
132	12	12.303344827890765	HNF1A	HNF1A
133	8	12.183655087153998	HNF1A	HNF1A
134	21	12.244521889156037	HNF1A	HNF1A
135	11	12.339464187348224	HNF1A	HNF1A
136	15	12.357525939655483	HNF1A	HNF1A
137	13	12.399667165588792	HNF1A	HNF1A
138	11	12.389999835362673	HNF1A	HNF1A
139	13	12.41471163018633	HNF1A	HNF1A
140	18	12.369461740720137	HNF1A	HNF1A
141	9	12.288572185482979	HNF1A	HNF1A
142	11	12.2391326022999	HNF1A	HNF1A
143	9	12.258652829158152	HNF1A	HNF1A
144	12	12.357320522900448	HNF1A	HNF1A
145	10	12.405533243521315	HNF1A	HNF1A
146	6	12.361430919022206	HNF1A	HNF1A
147	10	12.36136628939359	HNF1A	HNF1A
148	17	12.419092874181512	HNF1A	HNF1A
149	12	12.303195936749146	HNF1A	HNF1A
150	8	12.289068230505572	HNF1A	HNF1A
151	12	12.23674262306673	HNF1A	HNF1A
152	9	12.22848234055537	HNF1A	HNF1A
153	8	12.259440871025166	HNF1A	HNF1A
154	12	12.384882904114283	HNF1A	HNF1A
155	8	12.28859224236394	HNF1A	HNF1A
156	10	12.292162972748438	HNF1A	HNF1A
157	10	12.312047402198951	HNF1A	HNF1A
158	15	12.34577377089354	HNF1A	HNF1A
159	14	12.25140091293579	HNF1A	HNF1A
160	18	12.135043923016113	HNF1A	HNF1A
161	8	12.191186491601227	HNF1A	HNF1A
162	11	12.305487008178904	HNF1A	HNF1A
163	15	12.31491733412273	HNF1A	HNF1A
164	12	12.265013357855723	HNF1A	HNF1A
165	12	12.213957191008507	HNF1A	HNF1A
166	11	12.18796826618523	HNF1A	HNF1A
167	14	12.148807352064823	HNF1A	HNF1A
168	14	12.222556390180818	HNF1A	HNF1A
169	12	12.262462192938672	HNF1A	HNF1A
170	13	12.232027156082278	HNF1A	HNF1A
171	12	12.181814024240866	HNF1A	HNF1A
172	21	12.210755940942532	HNF1A	HNF1A
173	11	12.215282467501337	HNF1A	HNF1A
174	15	12.228977545449446	HNF1A	HNF1A
175	9	12.197454205106085	HNF1A	HNF1A
176	8	12.244613613829241	HNF1A	HNF1A
177	14	12.288945658398461	HNF1A	HNF1A
178	12	12.228295408888092	HNF1A	HNF1A
179	17	12.252491058878586	HNF1A	HNF1A
180	18	12.16928618653201	HNF1A	HNF1A
181	8	12.179681811350996	HNF1A	HNF1A
182	8	12.178454003061223	HNF1A	HNF1A
183	12	12.176019959943568	HNF1A	HNF1A
184	4	12.262823559574896	HNF1A	HNF1A
185	17	12.323645915987763	HNF1A	HNF1A
186	19	12.211556539335536	HNF1A	HNF1A
187	16	12.237396155601	HNF1A	HNF1A
188	15	12.328130476108685	HNF1A	HNF1A
189	6	12.341422315779885	HNF1A	HNF1A
190	3	12.297326111351891	HNF1A	HNF1A
191	20	12.223482263174018	HNF1A	HNF1A
192	9	12.241218487617825	HNF1A	HNF1A
193	13	12.351877033002811	HNF1A	HNF1A
194	8	12.274141058180927	HNF1A	HNF1A
195	12	12.285099630594095	HNF1A	HNF1A
196	11	12.303763311775393	HNF1A	HNF1A
197	13	12.22990436691542	HNF1A	HNF1A
198	20	12.236203949653744	HNF1A	HNF1A
199	13	12.257924375708532	HNF1A	HNF1A
200	6	12.266933612685852	HNF1A	HNF1A
201	9	12.244135487037786	HNF1A	HNF1A
202	10	12.220577709212554	HNF1A	HNF1A
203	15	12.220575151345756	HNF1A	HNF1A
204	10	12.223630627758675	HNF1A	HNF1A
205	7	12.294587221789685	HNF1A	HNF1A
206	9	12.355674803237713	HNF1A	HNF1A
207	7	12.385921473912516	HNF1A	HNF1A
208	14	12.241001356892165	HNF1A	HNF1A
209	12	12.292736088372829	HNF1A	HNF1A
210	13	12.337000307719691	HNF1A	HNF1A
211	10	12.326331410667258	HNF1A	HNF1A
212	20	12.29190923228636	HNF1A	HNF1A
213	11	12.256861800057118	HNF1A	HNF1A
214	17	12.340634849803827	HNF1A	HNF1A
215	10	12.378120799738433	HNF1A	HNF1A
216	10	12.330876040643009	HNF1A	HNF1A
217	18	12.252156990478852	HNF1A	HNF1A
218	13	12.241185305357334	HNF1A	HNF1A
219	19	12.21621864740426	HNF1A	HNF1A
220	19	12.238328307912335	HNF1A	HNF1A
221	6	12.246197182480401	HNF1A	HNF1A
222	11	12.315139152339531	HNF1A	HNF1A
223	14	12.424705113284352	HNF1A	HNF1A
224	12	12.325005550382661	HNF1A	HNF1A
225	8	12.326000271984837	HNF1A	HNF1A
226	12	12.319278144255662	HNF1A	HNF1A
227	12	12.343483434405039	HNF1A	HNF1A
228	15	12.30583573316601	HNF1A	HNF1A
229	13	12.339864144823407	HNF1A	HNF1A
230	11	12.28997017417712	HNF1A	HNF1A
231	11	12.334261468677488	HNF1A	HNF1A
232	6	12.258415805552358	HNF1A	HNF1A
233	14	12.382616491432787	HNF1A	HNF1A
234	10	12.352830458234173	HNF1A	HNF1A
235	11	12.33076569121136	HNF1A	HNF1A
236	16	12.239094139199656	HNF1A	HNF1A
237	8	12.314841670449432	HNF1A	HNF1A
238	13	12.428252092553157	HNF1A	HNF1A
239	4	12.341145253537958	HNF1A	HNF1A
240	12	12.25443493162948	HNF1A	HNF1A
241	15	12.42940726535627	HNF1A	HNF1A
242	10	12.440047440476006	HNF1A	HNF1A
243	8	12.409900268800818	HNF1A	HNF1A
244	8	12.362245924996518	HNF1A	HNF1A
245	6	12.350653852628248	HNF1A	HNF1A
246	6	12.331427405987268	HNF1A	HNF1A
247	3	12.450696015513996	HNF1A	HNF1A
248	12	12.34656574355338	HNF1A	HNF1A
249	16	12.254364855863582	HNF1A	HNF1A
250	12	12.398752270964977	HNF1A	HNF1A
251	16	12.384818188729183	HNF1A	HNF1A
252	9	12.284397423025629	HNF1A	HNF1A
253	16	12.250347874214693	HNF1A	HNF1A
254	12	12.28387023073838	HNF1A	HNF1A
255	12	12.255459537389218	HNF1A	HNF1A
256	14	12.313815685758598	HNF1A	HNF1A
257	13	12.327282926042923	HNF1A	HNF1A
258	12	12.329207641757408	HNF1A	HNF1A
259	8	12.310787523838721	HNF1A	HNF1A
260	12	12.384678927715422	HNF1A	HNF1A
261	13	12.293904528609309	HNF1A	HNF1A
262	7	12.270217438388404	HNF1A	HNF1A
263	14	12.323566139030266	HNF1A	HNF1A
264	13	12.283570316241406	HNF1A	HNF1A
265	16	12.358614689644204	HNF1A	HNF1A
266	9	12.258723199636284	HNF1A	HNF1A
267	9	12.279131233434407	HNF1A	HNF1A
268	14	12.338918065196475	HNF1A	HNF1A
269	8	12.345493453805172	HNF1A	HNF1A
270	18	12.298214120543271	HNF1A	HNF1A
271	8	12.278600208056142	HNF1A	HNF1A
272	13	12.379278785967104	HNF1A	HNF1A
273	17	12.312829539117612	HNF1A	HNF1A
274	8	12.299386607773622	HNF1A	HNF1A
275	12	12.289834586844165	HNF1A	HNF1A
276	17	12.31640844156083	HNF1A	HNF1A
277	13	12.326165113892571	HNF1A	HNF1A
278	6	12.283952849919373	HNF1A	HNF1A
279	16	12.290379118168554	HNF1A	HNF1A
280	12	12.365617203468995	HNF1A	HNF1A
281	10	12.321623655154463	HNF1A	HNF1A
282	12	12.306424140941266	HNF1A	HNF1A
283	9	12.319556899304075	HNF1A	HNF1A
284	14	12.405994700875475	HNF1A	HNF1A
285	10	12.396075144363609	HNF1A	HNF1A
286	21	12.416847522458703	HNF1A	HNF1A
287	9	12.427931449746355	HNF1A	HNF1A
288	9	12.408256707383362	HNF1A	HNF1A
289	13	12.354703218233348	HNF1A	HNF1A
290	16	12.292924834427435	HNF1A	HNF1A
291	14	12.353996288693383	HNF1A	HNF1A
292	15	12.393002300163946	HNF1A	HNF1A
293	8	12.333410414325993	HNF1A	HNF1A
294	11	12.251453785787364	HNF1A	HNF1A
295	19	12.227546218269977	HNF1A	HNF1A
296	11	12.306952398627368	HNF1A	HNF1A
297	11	12.278955323205881	HNF1A	HNF1A
298	21	12.186441948362155	HNF1A	HNF1A
299	13	12.22817210129338	HNF1A	HNF1A
300	7	12.294256623118887	HNF1A	HNF1A
301	9	12.363490828110919	HNF1A	HNF1A
302	11	12.370663817363365	HNF1A	HNF1A
303	15	12.315315608276128	HNF1A	HNF1A
304	14	12.234936315814156	HNF1A	HNF1A
305	13	12.255202627162465	HNF1A	HNF1A
306	17	12.31531809368027	HNF1A	HNF1A
307	13	12.3409954696763	HNF1A	HNF1A
308	9	12.294424769930547	HNF1A	HNF1A
309	15	12.296164361831611	HNF1A	HNF1A
310	12	12.35784809906951	HNF1A	HNF1A
311	6	12.288733136345696	HNF1A	HNF1A
312	9	12.311776310376615	HNF1A	HNF1A
313	18	12.261207056318165	HNF1A	HNF1A
314	7	12.29002850657333	HNF1A	HNF1A
315	13	12.345636882963069	HNF1A	HNF1A
316	12	12.262937423829191	HNF1A	HNF1A
317	13	12.279027120057142	HNF1A	HNF1A
318	6	12.245652062763824	HNF1A	HNF1A
319	8	12.334050054009483	HNF1A	HNF1A
320	10	12.257158643174906	HNF1A	HNF1A
321	11	12.255626957369026	HNF1A	HNF1A
322	10	12.25693150692694	HNF1A	HNF1A
323	16	12.198744262917177	HNF1A	HNF1A
324	11	12.247395426139796	HNF1A	HNF1A
325	11	12.308425990551784	HNF1A	HNF1A
326	14	12.291048793881604	HNF1A	HNF1A
327	13	12.319036508027336	HNF1A	HNF1A
328	9	12.382384306710922	HNF1A	HNF1A
329	13	12.338371693438884	HNF1A	HNF1A
330	13	12.267513235607439	HNF1A	HNF1A
331	14	12.266308001339617	HNF1A	HNF1A
332	18	12.357881948694294	HNF1A	HNF1A
333	18	12.325697973365605	HNF1A	HNF1A
334	5	12.351325633662698	HNF1A	HNF1A
335	14	12.31958878383631	HNF1A	HNF1A
336	10	12.202263978757108	HNF1A	HNF1A
337	9	12.259695147366756	HNF1A	HNF1A
338	12	12.240502539399461	HNF1A	HNF1A
339	14	12.22806297531112	HNF1A	HNF1A
340	13	12.260770604080532	HNF1A	HNF1A
341	14	12.323505354141128	HNF1A	HNF1A
342	14	12.297243322276405	HNF1A	HNF1A
343	14	12.281665875415186	HNF1A	HNF1A
344	5	12.311710147631581	HNF1A	HNF1A
345	14	12.300038209107651	HNF1A	HNF1A
346	17	12.286056461184739	HNF1A	HNF1A
347	17	12.32624329792204	HNF1A	HNF1A
348	13	12.40476222886438	HNF1A	HNF1A
349	15	12.302216502008692	HNF1A	HNF1A
350	10	12.285655806613018	HNF1A	HNF1A
351	8	12.253903814718786	HNF1A	HNF1A
352	6	12.176245845615037	HNF1A	HNF1A
353	8	12.213413984998178	HNF1A	HNF1A
354	18	12.225658808311094	HNF1A	HNF1A
355	15	12.230154008713555	HNF1A	HNF1A
356	8	12.220855356424178	HNF1A	HNF1A
357	10	12.234076756839539	HNF1A	HNF1A
358	12	12.350414853228703	HNF1A	HNF1A
359	9	12.360356787770383	HNF1A	HNF1A
360	13	12.288987352871697	HNF1A	HNF1A
361	13	12.279831141749874	HNF1A	HNF1A
362	8	12.235964504495646	HNF1A	HNF1A
363	11	12.235641869798137	HNF1A	HNF1A
364	6	12.271994983219463	HNF1A	HNF1A
365	17	12.251580053552264	HNF1A	HNF1A
366	8	12.314776324099103	HNF1A	HNF1A
367	10	12.30731395364794	HNF1A	HNF1A
368	14	12.322160781318445	HNF1A	HNF1A
369	14	12.281795925643966	HNF1A	HNF1A
370	18	12.31418259858162	HNF1A	HNF1A
371	8	12.324815232610485	HNF1A	HNF1A
372	17	12.39244680395682	HNF1A	HNF1A
373	16	12.296852407435741	HNF1A	HNF1A
374	10	12.2472420532954	HNF1A	HNF1A
375	16	12.321017470036992	HNF1A	HNF1A
376	12	12.349675722552595	HNF1A	HNF1A
377	14	12.309851993675684	HNF1A	HNF1A
378	16	12.320920786811579	HNF1A	HNF1A
379	5	12.29025828945447	HNF1A	HNF1A
380	12	12.28071081915579	HNF1A	HNF1A
381	15	12.29279194397739	HNF1A	HNF1A
382	12	12.386410516582409	HNF1A	HNF1A
383	14	12.416481646115136	HNF1A	HNF1A
384	8	12.418594600044031	HNF1A	HNF1A
385	15	12.347240923971025	HNF1A	HNF1A
386	7	12.356288151415345	HNF1A	HNF1A
387	9	12.23927775513467	HNF1A	HNF1A
388	10	12.203221495717912	HNF1A	HNF1A
389	17	12.228447561033931	HNF1A	HNF1A
390	14	12.32110054556221	HNF1A	HNF1A
391	19	12.299133091424054	HNF1A	HNF1A
392	12	12.221582359557116	HNF1A	HNF1A
393	15	12.31403453264572	HNF1A	HNF1A
394	16	12.312464607063507	HNF1A	HNF1A
395	15	12.33758150312424	HNF1A	HNF1A
396	15	12.360686475428198	HNF1A	HNF1A
397	10	12.324182590491896	HNF1A	HNF1A
398	13	12.300582989539427	HNF1A	HNF1A
399	9	12.274311163992273	HNF1A	HNF1A
400	13	12.349711984102168	HNF1A	HNF1A
401	12	12.290550399469884	HNF1A	HNF1A
402	10	12.313252851805876	HNF1A	HNF1A
403	6	12.335390148007965	HNF1A	HNF1A
404	21	12.302612955716022	HNF1A	HNF1A
405	12	12.35813663636074	HNF1A	HNF1A
406	12	12.330009781867236	HNF1A	HNF1A
407	10	12.31051005030193	HNF1A	HNF1A
408	11	12.2850763440391	HNF1A	HNF1A
409	7	12.196780032389709	HNF1A	HNF1A
410	9	12.25318011615106	HNF1A	HNF1A
411	13	12.326727794947928	HNF1A	HNF1A
412	15	12.327105988425824	HNF1A	HNF1A
413	10	12.353640712275583	HNF1A	HNF1A
414	8	12.376061964177062	HNF1A	HNF1A
415	17	12.289697790035378	HNF1A	HNF1A
416	10	12.307803960161237	HNF1A	HNF1A
417	15	12.29804513008282	HNF1A	HNF1A
418	10	12.270500950116032	HNF1A	HNF1A
419	8	12.259935006891196	HNF1A	HNF1A
420	9	12.213698782088633	HNF1A	HNF1A
421	18	12.206010686925971	HNF1A	HNF1A
422	11	12.20686100808838	HNF1A	HNF1A
423	8	12.199893161834414	HNF1A	HNF1A
424	11	12.296309901679386	HNF1A	HNF1A
425	10	12.365483108555956	HNF1A	HNF1A
426	13	12.286332388280925	HNF1A	HNF1A
427	11	12.265583051880938	HNF1A	HNF1A
428	10	12.338415616467005	HNF1A	HNF1A
429	19	12.331845779367525	HNF1A	HNF1A
430	11	12.265759982527465	HNF1A	HNF1A
431	13	12.290317622840876	HNF1A	HNF1A
432	13	12.263958426355124	HNF1A	HNF1A
433	14	12.321131275090599	HNF1A	HNF1A
434	12	12.324583194459777	HNF1A	HNF1A
435	19	12.324214707954706	HNF1A	HNF1A
436	17	12.309929105164327	HNF1A	HNF1A
437	14	12.332873240958488	HNF1A	HNF1A
438	19	12.264857495419124	HNF1A	HNF1A
439	16	12.281891474273404	HNF1A	HNF1A
440	11	12.29644019498273	HNF1A	HNF1A
441	10	12.356490539948043	HNF1A	HNF1A
442	14	12.357057186504715	HNF1A	HNF1A
443	13	12.354415164077983	HNF1A	HNF1A
444	15	12.40176270590851	HNF1A	HNF1A
445	16	12.425539377556547	HNF1A	HNF1A
446	13	12.345054713907064	HNF1A	HNF1A
447	8	12.291397835746546	HNF1A	HNF1A
448	13	12.266822268933694	HNF1A	HNF1A
449	10	12.29969285223606	HNF1A	HNF1A
450	9	12.367437760209086	HNF1A	HNF1A
451	14	12.36282374349125	HNF1A	HNF1A
452	13	12.272052236547994	HNF1A	HNF1A
453	13	12.305513060946733	HNF1A	HNF1A
454	13	12.184573464691487	HNF1A	HNF1A
455	12	12.281556084561638	HNF1A	HNF1A
456	15	12.330766245344897	HNF1A	HNF1A
457	17	12.297901408138685	HNF1A	HNF1A
458	8	12.350248766101858	HNF1A	HNF1A
459	4	12.313697270358363	HNF1A	HNF1A
460	7	12.373946419212956	HNF1A	HNF1A
461	10	12.293140542062071	HNF1A	HNF1A
462	14	12.275123676497333	HNF1A	HNF1A
463	13	12.331646939372867	HNF1A	HNF1A
464	10	12.352136513287878	HNF1A	HNF1A
465	12	12.303880536084133	HNF1A	HNF1A
466	14	12.352395597383774	HNF1A	HNF1A
467	16	12.27402433784095	HNF1A	HNF1A
468	15	12.262986950369472	HNF1A	HNF1A
469	15	12.326907138779951	HNF1A	HNF1A
470	14	12.292438951838355	HNF1A	HNF1A
471	13	12.266188935433812	HNF1A	HNF1A
472	11	12.233331802989582	HNF1A	HNF1A
473	15	12.308510914864609	HNF1A	HNF1A
474	8	12.314720831874496	HNF1A	HNF1A
475	12	12.34432285496058	HNF1A	HNF1A
476	10	12.251531575807945	HNF1A	HNF1A
477	13	12.227299992272933	HNF1A	HNF1A
478	14	12.290409490493708	HNF1A	HNF1A
479	9	12.323808852614361	HNF1A	HNF1A
480	15	12.29230727464716	HNF1A	HNF1A
481	7	12.233107207159318	HNF1A	HNF1A
482	13	12.199535772330137	HNF1A	HNF1A
483	13	12.297972746735853	HNF1A	HNF1A
484	10	12.268190412903321	HNF1A	HNF1A
485	17	12.298972902312226	HNF1A	HNF1A
486	13	12.292213460111936	HNF1A	HNF1A
487	8	12.275903652017949	HNF1A	HNF1A
488	4	12.390682217918204	HNF1A	HNF1A
489	10	12.340803334873542	HNF1A	HNF1A
490	13	12.289837620506262	HNF1A	HNF1A
491	10	12.378817519972458	HNF1A	HNF1A
492	17	12.44130082935255	HNF1A	HNF1A
493	10	12.294658644455437	HNF1A	HNF1A
494	17	12.25805364288596	HNF1A	HNF1A
495	9	12.176285068498546	HNF1A	HNF1A
496	11	12.245324284928778	HNF1A	HNF1A
497	7	12.29411294664193	HNF1A	HNF1A
498	10	12.3541508826738	HNF1A	HNF1A
499	11	12.394375360636962	HNF1A	HNF1A
500	12	12.385400910157676	HNF1A	HNF1A
501	15	12.333673357291959	HNF1A	HNF1A
502	16	12.395429731261304	HNF1A	HNF1A
503	13	12.334226360313252	HNF1A	HNF1A
504	8	12.274297622116107	HNF1A	HNF1A
505	8	12.285482264117904	HNF1A	HNF1A
506	10	12.326602098059983	HNF1A	HNF1A
507	8	12.322176817413474	HNF1A	HNF1A
508	14	12.305189958999959	HNF1A	HNF1A
509	15	12.355044134736968	HNF1A	HNF1A
510	9	12.40035469205989	HNF1A	HNF1A
511	14	12.326481743847648	HNF1A	HNF1A
512	9	12.281312864990545	HNF1A	HNF1A
513	16	12.212529065512777	HNF1A	HNF1A
514	13	12.309631702617802	HNF1A	HNF1A
515	6	12.348123975948631	HNF1A	HNF1A
516	14	12.317859547961481	HNF1A	HNF1A
517	21	12.328792548349451	HNF1A	HNF1A
518	16	12.325538900346897	HNF1A	HNF1A
519	11	12.290523568710588	HNF1A	HNF1A
520	15	12.244356598078628	HNF1A	HNF1A
521	9	12.226461990710538	HNF1A	HNF1A
522	10	12.280001173610666	HNF1A	HNF1A
523	6	12.297937201189038	HNF1A	HNF1A
524	18	12.31850580069425	HNF1A	HNF1A
525	10	12.26526447171413	HNF1A	HNF1A
526	10	12.33540088793854	HNF1A	HNF1A
527	16	12.322508714720335	HNF1A	HNF1A
528	16	12.304989735950736	HNF1A	HNF1A
529	14	12.379371871901176	HNF1A	HNF1A
530	13	12.342555436866064	HNF1A	HNF1A
531	13	12.363369056353486	HNF1A	HNF1A
532	16	12.287651307197017	HNF1A	HNF1A
533	11	12.281370722872307	HNF1A	HNF1A
534	18	12.344412642424045	HNF1A	HNF1A
535	12	12.297644102722261	HNF1A	HNF1A
536	12	12.237921301410335	HNF1A	HNF1A
537	9	12.30768861261926	HNF1A	HNF1A
538	7	12.27347819966458	HNF1A	HNF1A
539	13	12.365508498360697	HNF1A	HNF1A
540	15	12.41082298779769	HNF1A	HNF1A
541	17	12.327857085366286	HNF1A	HNF1A
542	10	12.328313070511463	HNF1A	HNF1A
543	11	12.239601187140062	HNF1A	HNF1A
544	17	12.276130185252782	HNF1A	HNF1A
545	13	12.286887889464731	HNF1A	HNF1A
546	7	12.288510324396931	HNF1A	HNF1A
547	11	12.334755633164873	HNF1A	HNF1A
548	20	12.304850414476963	HNF1A	HNF1A
549	15	12.225736713448155	HNF1A	HNF1A
550	12	12.286727051060488	HNF1A	HNF1A
551	15	12.362150336360548	HNF1A	HNF1A
552	11	12.394028429652069	HNF1A	HNF1A
553	22	12.326541026146488	HNF1A	HNF1A
554	16	12.281297234230387	HNF1A	HNF1A
555	12	12.349392748494754	HNF1A	HNF1A
556	13	12.273764686330765	HNF1A	HNF1A
557	15	12.238851159456923	HNF1A	HNF1A
558	9	12.240465069226056	HNF1A	HNF1A
559	16	12.360818233545317	HNF1A	HNF1A
560	7	12.310430287159695	HNF1A	HNF1A
561	18	12.334841920494274	HNF1A	HNF1A
562	13	12.340596170361838	HNF1A	HNF1A
563	8	12.342719510290863	HNF1A	HNF1A
564	13	12.355900498431124	HNF1A	HNF1A
565	14	12.465215430431051	HNF1A	HNF1A
566	12	12.421863307178441	HNF1A	HNF1A
567	7	12.35161302777227	HNF1A	HNF1A
568	14	12.329595594415759	HNF1A	HNF1A
569	12	12.27794263036093	HNF1A	HNF1A
570	13	12.311423627606707	HNF1A	HNF1A
571	11	12.373244115088665	HNF1A	HNF1A
572	15	12.329476860453426	HNF1A	HNF1A
573	15	12.262390501587959	HNF1A	HNF1A
574	14	12.412114770388088	HNF1A	HNF1A
575	14	12.297523007005793	HNF1A	HNF1A
576	7	12.245361553489595	HNF1A	HNF1A
577	11	12.356773981531207	HNF1A	HNF1A
578	11	12.325106880415204	HNF1A	HNF1A
579	7	12.353204352200015	HNF1A	HNF1A
580	7	12.331647729148026	HNF1A	HNF1A
581	11	12.213387809533408	HNF1A	HNF1A
582	13	12.253377573483712	HNF1A	HNF1A
583	10	12.338819030596106	HNF1A	HNF1A
584	11	12.283715854381503	HNF1A	HNF1A
585	14	12.336188619336015	HNF1A	HNF1A
586	13	12.364834027842953	HNF1A	HNF1A
587	14	12.25515242036532	HNF1A	HNF1A
588	10	12.253547239126595	HNF1A	HNF1A
589	12	12.305309222874548	HNF1A	HNF1A
590	11	12.259146676608436	HNF1A	HNF1A
591	11	12.26637815682506	HNF1A	HNF1A
592	18	12.255160670174298	HNF1A	HNF1A
593	15	12.22245000492582	HNF1A	HNF1A
594	12	12.361901215817813	HNF1A	HNF1A
595	10	12.400118473294928	HNF1A	HNF1A
596	12	12.267099679758148	HNF1A	HNF1A
597	21	12.238677159355436	HNF1A	HNF1A
598	7	12.312544307828421	HNF1A	HNF1A
599	7	12.255730465894343	HNF1A	HNF1A
600	14	12.251340390211851	HNF1A	HNF1A
601	23	12.253920696607901	HNF1A	HNF1A
602	14	12.348849995041812	HNF1A	HNF1A
603	8	12.300005686598482	HNF1A	HNF1A
604	15	12.266018590495952	HNF1A	HNF1A
605	7	12.347096139187347	HNF1A	HNF1A
606	12	12.357125979531899	HNF1A	HNF1A
607	15	12.333221899757445	HNF1A	HNF1A
608	14	12.219861111371605	HNF1A	HNF1A
609	10	12.278809668261632	HNF1A	HNF1A
610	8	12.335743284317408	HNF1A	HNF1A
611	16	12.332948980357255	HNF1A	HNF1A
612	12	12.299639308127004	HNF1A	HNF1A
613	10	12.247013356323539	HNF1A	HNF1A
614	18	12.305652168246782	HNF1A	HNF1A
615	6	12.334339202851814	HNF1A	HNF1A
616	11	12.426871996751881	HNF1A	HNF1A
617	8	12.348721615878496	HNF1A	HNF1A
618	15	12.338196561458805	HNF1A	HNF1A
619	9	12.299297030964027	HNF1A	HNF1A
620	14	12.309247630058577	HNF1A	HNF1A
621	15	12.365213000516308	HNF1A	HNF1A
622	7	12.378571772378425	HNF1A	HNF1A
623	16	12.331235367036806	HNF1A	HNF1A
624	15	12.402257953490993	HNF1A	HNF1A
625	12	12.330118667250424	HNF1A	HNF1A
626	14	12.34031674433368	HNF1A	HNF1A
627	17	12.284307681728446	HNF1A	HNF1A
628	9	12.306929600925898	HNF1A	HNF1A
629	19	12.423557324114773	HNF1A	HNF1A
630	14	12.3705688900581	HNF1A	HNF1A
631	12	12.416757917990054	HNF1A	HNF1A
632	6	12.37035196524873	HNF1A	HNF1A
633	18	12.319722642975997	HNF1A	HNF1A
634	7	12.347582826569699	HNF1A	HNF1A
635	12	12.290017477191927	HNF1A	HNF1A
636	15	12.343954178295498	HNF1A	HNF1A
637	14	12.227285339242247	HNF1A	HNF1A
638	14	12.32569639894681	HNF1A	HNF1A
639	18	12.340516393785437	HNF1A	HNF1A
640	6	12.257766477756578	HNF1A	HNF1A
641	9	12.320644498808253	HNF1A	HNF1A
642	14	12.350775786135092	HNF1A	HNF1A
643	12	12.239524242407162	HNF1A	HNF1A
644	9	12.258465739889449	HNF1A	HNF1A
645	13	12.32860009574153	HNF1A	HNF1A
646	7	12.33717515799079	HNF1A	HNF1A
647	10	12.354937313714466	HNF1A	HNF1A
648	12	12.36358742804146	HNF1A	HNF1A
649	14	12.34332941234681	HNF1A	HNF1A
650	10	12.336073584682833	HNF1A	HNF1A
651	14	12.372131083309663	HNF1A	HNF1A
652	10	12.338213494644242	HNF1A	HNF1A
653	15	12.369736757959476	HNF1A	HNF1A
654	10	12.342598686614416	HNF1A	HNF1A
655	16	12.266359282840387	HNF1A	HNF1A
656	8	12.321070675930647	HNF1A	HNF1A
657	10	12.303357626341514	HNF1A	HNF1A
658	9	12.332375443263944	HNF1A	HNF1A
659	12	12.40567840887196	HNF1A	HNF1A
660	13	12.358786118722943	HNF1A	HNF1A
661	9	12.357462410964446	HNF1A	HNF1A
662	9	12.344349322276393	HNF1A	HNF1A
663	11	12.3266696755154	HNF1A	HNF1A
664	13	12.26708398347281	HNF1A	HNF1A
665	16	12.325063658806144	HNF1A	HNF1A
666	9	12.304698183616448	HNF1A	HNF1A
667	7	12.312971439067308	HNF1A	HNF1A
668	13	12.330716397420247	HNF1A	HNF1A
669	9	12.36153245131328	HNF1A	HNF1A
670	7	12.388771418297173	HNF1A	HNF1A
671	13	12.31063525313559	HNF1A	HNF1A
672	12	12.279601962720369	HNF1A	HNF1A
673	12	12.301275619565954	HNF1A	HNF1A
674	6	12.253293923531404	HNF1A	HNF1A
675	11	12.295162564124961	HNF1A	HNF1A
676	25	12.394845010792976	HNF1A	HNF1A
677	17	12.370403140155807	HNF1A	HNF1A
678	17	12.278838037953898	HNF1A	HNF1A
679	11	12.392817005926219	HNF1A	HNF1A
680	15	12.41465602630163	HNF1A	HNF1A
681	14	12.379245729850242	HNF1A	HNF1A
682	10	12.419529043253034	HNF1A	HNF1A
683	6	12.30463169283174	HNF1A	HNF1A
684	11	12.35350261313605	HNF1A	HNF1A
685	11	12.401158345752856	HNF1A	HNF1A
686	12	12.281600489052538	HNF1A	HNF1A
687	13	12.298312158514317	HNF1A	HNF1A
688	10	12.291271836058545	HNF1A	HNF1A
689	6	12.346969089099684	HNF1A	HNF1A
690	5	12.26759214615734	HNF1A	HNF1A
691	17	12.300221935367455	HNF1A	HNF1A
692	13	12.340215312722835	HNF1A	HNF1A
693	9	12.24828913386699	HNF1A	HNF1A
694	13	12.290604074770595	HNF1A	HNF1A
695	14	12.304692923275987	HNF1A	HNF1A
696	10	12.393192800497975	HNF1A	HNF1A
697	17	12.292412938415357	HNF1A	HNF1A
698	12	12.28496161775213	HNF1A	HNF1A
699	6	12.258368845011363	HNF1A	HNF1A
700	10	12.279098165055528	HNF1A	HNF1A
701	4	12.32500060670652	HNF1A	HNF1A
702	12	12.251840187572766	HNF1A	HNF1A
703	15	12.232632507878167	HNF1A	HNF1A
704	12	12.340546927372895	HNF1A	HNF1A
705	10	12.438726158630148	HNF1A	HNF1A
706	13	12.26353388144166	HNF1A	HNF1A
707	9	12.201090980347567	HNF1A	HNF1A
708	14	12.24216893817954	HNF1A	HNF1A
709	12	12.250558297109295	HNF1A	HNF1A
710	8	12.266196336446953	HNF1A	HNF1A
711	9	12.2576223235783	HNF1A	HNF1A
712	11	12.314179697895382	HNF1A	HNF1A
713	17	12.294140128324512	HNF1A	HNF1A
714	10	12.3543623314726	HNF1A	HNF1A
715	8	12.342765944798002	HNF1A	HNF1A
716	15	12.259887757152717	HNF1A	HNF1A
717	13	12.292640637930376	HNF1A	HNF1A
718	8	12.364526569315675	HNF1A	HNF1A
719	10	12.282009932739774	HNF1A	HNF1A
720	9	12.287575364064459	HNF1A	HNF1A
721	12	12.262866827185423	HNF1A	HNF1A
722	13	12.37593113225644	HNF1A	HNF1A
723	14	12.399955095661094	HNF1A	HNF1A
724	11	12.389851894861874	HNF1A	HNF1A
725	8	12.391539354468202	HNF1A	HNF1A
726	10	12.350691943429679	HNF1A	HNF1A
727	9	12.286496440120962	HNF1A	HNF1A
728	10	12.306548349294083	HNF1A	HNF1A
729	8	12.274358008475833	HNF1A	HNF1A
730	7	12.297878762866295	HNF1A	HNF1A
731	12	12.32209853236598	HNF1A	HNF1A
732	10	12.3187816177714	HNF1A	HNF1A
733	15	12.314756658628264	HNF1A	HNF1A
734	12	12.239750445886523	HNF1A	HNF1A
735	15	12.329700621897924	HNF1A	HNF1A
736	8	12.318154089953381	HNF1A	HNF1A
737	17	12.25942138313629	HNF1A	HNF1A
738	10	12.350848093052347	HNF1A	HNF1A
739	12	12.337720843215683	HNF1A	HNF1A
740	13	12.266467688643367	HNF1A	HNF1A
741	12	12.264722572933506	HNF1A	HNF1A
742	11	12.27754395761689	HNF1A	HNF1A
743	14	12.296144723553647	HNF1A	HNF1A
744	10	12.326748161607407	HNF1A	HNF1A
745	6	12.335449615337678	HNF1A	HNF1A
746	16	12.331289935052219	HNF1A	HNF1A
747	12	12.367039505879449	HNF1A	HNF1A
748	9	12.400789058757864	HNF1A	HNF1A
749	12	12.309888441794174	HNF1A	HNF1A
750	12	12.410101663755004	HNF1A	HNF1A
751	9	12.367960973303022	HNF1A	HNF1A
752	17	12.435861567340982	HNF1A	HNF1A
753	16	12.305372770771458	HNF1A	HNF1A
754	14	12.297017266737997	HNF1A	HNF1A
755	9	12.235751054745345	HNF1A	HNF1A
756	13	12.245434881349663	HNF1A	HNF1A
757	12	12.232428517791393	HNF1A	HNF1A
758	19	12.290481033124864	HNF1A	HNF1A
759	18	12.338180164697366	HNF1A	HNF1A
760	16	12.35088641513751	HNF1A	HNF1A
761	10	12.413058420395773	HNF1A	HNF1A
762	19	12.324123855885821	HNF1A	HNF1A
763	12	12.225041762448793	HNF1A	HNF1A
764	18	12.271960744398369	HNF1A	HNF1A
765	11	12.37489636099678	HNF1A	HNF1A
766	12	12.424766909910419	HNF1A	HNF1A
767	13	12.389461268483464	HNF1A	HNF1A
768	12	12.337966333543633	HNF1A	HNF1A
769	8	12.305063608392382	HNF1A	HNF1A
770	8	12.343162268158833	HNF1A	HNF1A
771	10	12.287947659812433	HNF1A	HNF1A
772	16	12.373720181172354	HNF1A	HNF1A
773	11	12.478602364517279	HNF1A	HNF1A
774	14	12.477635018213956	HNF1A	HNF1A
775	11	12.307952851549635	HNF1A	HNF1A
776	10	12.291624781798754	HNF1A	HNF1A
777	11	12.35550089191082	HNF1A	HNF1A
778	10	12.399147824208379	HNF1A	HNF1A
779	14	12.34658060741768	HNF1A	HNF1A
780	15	12.290112311627237	HNF1A	HNF1A
781	15	12.260843134745178	HNF1A	HNF1A
782	8	12.191940514777604	HNF1A	HNF1A
783	7	12.348911617265232	HNF1A	HNF1A
784	7	12.30494200357398	HNF1A	HNF1A
785	11	12.338266190708294	HNF1A	HNF1A
786	10	12.362108801929656	HNF1A	HNF1A
787	11	12.285502232506813	HNF1A	HNF1A
788	10	12.225721497825276	HNF1A	HNF1A
789	18	12.211490991586848	HNF1A	HNF1A
790	10	12.269685290970465	HNF1A	HNF1A
791	11	12.237371357710671	HNF1A	HNF1A
792	12	12.372456384425757	HNF1A	HNF1A
793	14	12.329037252811846	HNF1A	HNF1A
794	11	12.342091024555529	HNF1A	HNF1A
795	12	12.387027693625406	HNF1A	HNF1A
796	9	12.382638769697973	HNF1A	HNF1A
797	18	12.299124848197872	HNF1A	HNF1A
798	16	12.384749873093288	HNF1A	HNF1A
799	10	12.37339080859423	HNF1A	HNF1A
800	10	12.267282663302955	HNF1A	HNF1A
801	14	12.23108277760433	HNF1A	HNF1A
802	13	12.272406700777124	HNF1A	HNF1A
803	10	12.247980865691384	HNF1A	HNF1A
804	11	12.334286989473583	HNF1A	HNF1A
805	15	12.412986264832613	HNF1A	HNF1A
806	8	12.30356503395788	HNF1A	HNF1A
807	13	12.263691120884518	HNF1A	HNF1A
808	15	12.270718740451198	HNF1A	HNF1A
809	7	12.244827083168849	HNF1A	HNF1A
810	10	12.269878230886823	HNF1A	HNF1A
811	13	12.335086689267094	HNF1A	HNF1A
812	8	12.372550414116324	HNF1A	HNF1A
813	17	12.344959888637826	HNF1A	HNF1A
814	12	12.346274704421885	HNF1A	HNF1A
815	12	12.320231353455412	HNF1A	HNF1A
816	12	12.310538558929373	HNF1A	HNF1A
817	13	12.25152382671798	HNF1A	HNF1A
818	13	12.267976849011745	HNF1A	HNF1A
819	11	12.267974737444222	HNF1A	HNF1A
820	9	12.349383047672733	HNF1A	HNF1A
821	15	12.305594791387259	HNF1A	HNF1A
822	13	12.301393746254623	HNF1A	HNF1A
823	12	12.33456007973201	HNF1A	HNF1A
824	13	12.340190009308431	HNF1A	HNF1A
825	13	12.35564245666037	HNF1A	HNF1A
826	10	12.291590524727221	HNF1A	HNF1A
827	9	12.327128345743882	HNF1A	HNF1A
828	10	12.347289798910559	HNF1A	HNF1A
829	10	12.332075623919918	HNF1A	HNF1A
830	14	12.40275162447781	HNF1A	HNF1A
831	11	12.420491788202417	HNF1A	HNF1A
832	7	12.341096933206993	HNF1A	HNF1A
833	12	12.218758157245638	HNF1A	HNF1A
834	9	12.355104675831907	HNF1A	HNF1A
835	11	12.436446249105447	HNF1A	HNF1A
836	6	12.368050975880031	HNF1A	HNF1A
837	7	12.29752526370305	HNF1A	HNF1A
838	10	12.37029034695395	HNF1A	HNF1A
839	18	12.277270076124767	HNF1A	HNF1A
840	7	12.262949156197132	HNF1A	HNF1A
841	11	12.33065182521099	HNF1A	HNF1A
842	6	12.27785449239835	HNF1A	HNF1A
843	12	12.24838170403992	HNF1A	HNF1A
844	8	12.234421932963118	HNF1A	HNF1A
845	8	12.337124733344004	HNF1A	HNF1A
846	10	12.30456628321419	HNF1A	HNF1A
847	15	12.285850240094199	HNF1A	HNF1A
848	17	12.305600737746994	HNF1A	HNF1A
849	12	12.278125383625426	HNF1A	HNF1A
850	8	12.33094144335774	HNF1A	HNF1A
851	16	12.262595866809237	HNF1A	HNF1A
852	11	12.296582739709544	HNF1A	HNF1A
853	13	12.304736627237883	HNF1A	HNF1A
854	11	12.320452265333609	HNF1A	HNF1A
855	11	12.273695357658372	HNF1A	HNF1A
856	11	12.410922324562463	HNF1A	HNF1A
857	16	12.45701077125851	HNF1A	HNF1A
858	18	12.317878484105565	HNF1A	HNF1A
859	9	12.361107842072293	HNF1A	HNF1A
860	13	12.343452801631374	HNF1A	HNF1A
861	8	12.288702649994649	HNF1A	HNF1A
862	14	12.301856239037859	HNF1A	HNF1A
863	9	12.323209162294619	HNF1A	HNF1A
864	10	12.331675700161389	HNF1A	HNF1A
865	15	12.359897371270227	HNF1A	HNF1A
866	14	12.371059623802303	HNF1A	HNF1A
867	18	12.412259202558968	HNF1A	HNF1A
868	9	12.43454969309419	HNF1A	HNF1A
869	11	12.372451116517352	HNF1A	HNF1A
870	9	12.445561132146937	HNF1A	HNF1A
871	14	12.33966991220653	HNF1A	HNF1A
872	13	12.265136752718792	HNF1A	HNF1A
873	20	12.376253271636807	HNF1A	HNF1A
874	8	12.299645379440744	HNF1A	HNF1A
875	11	12.330574779736745	HNF1A	HNF1A
876	13	12.343070140845182	HNF1A	HNF1A
877	15	12.40538908455912	HNF1A	HNF1A
878	14	12.375887996185586	HNF1A	HNF1A
879	11	12.316451971893057	HNF1A	HNF1A
880	10	12.383303849903953	HNF1A	HNF1A
881	21	12.304111102288413	HNF1A	HNF1A
882	17	12.302581411689353	HNF1A	HNF1A
883	13	12.240912330999732	HNF1A	HNF1A
884	12	12.220396779464432	HNF1A	HNF1A
885	14	12.34033474116614	HNF1A	HNF1A
886	14	12.294788486658891	HNF1A	HNF1A
887	8	12.265415140232646	HNF1A	HNF1A
888	14	12.381656595617354	HNF1A	HNF1A
889	12	12.393171037255266	HNF1A	HNF1A
890	8	12.348221981948454	HNF1A	HNF1A
891	11	12.366797399054462	HNF1A	HNF1A
892	9	12.244573659071118	HNF1A	HNF1A
893	8	12.263526735309949	HNF1A	HNF1A
894	14	12.276677367590683	HNF1A	HNF1A
895	13	12.211208689870954	HNF1A	HNF1A
896	9	12.25836247377684	HNF1A	HNF1A
897	18	12.248476100364813	HNF1A	HNF1A
898	12	12.18925413516173	HNF1A	HNF1A
899	13	12.287778690903114	HNF1A	HNF1A
900	11	12.32740385267571	HNF1A	HNF1A
901	13	12.358959756261529	HNF1A	HNF1A
902	15	12.34863290819867	HNF1A	HNF1A
903	10	12.248469691534106	HNF1A	HNF1A
904	14	12.29545281783141	HNF1A	HNF1A
905	7	12.374400963925261	HNF1A	HNF1A
906	14	12.282502014547028	HNF1A	HNF1A
907	16	12.307697102101853	HNF1A	HNF1A
908	10	12.34959554370319	HNF1A	HNF1A
909	13	12.241471590140192	HNF1A	HNF1A
910	11	12.27749172829609	HNF1A	HNF1A
911	8	12.324961720096946	HNF1A	HNF1A
912	13	12.310852919237748	HNF1A	HNF1A
913	13	12.280819123112618	HNF1A	HNF1A
914	11	12.33636792179713	HNF1A	HNF1A
915	14	12.367712788961672	HNF1A	HNF1A
916	11	12.266188101566351	HNF1A	HNF1A
917	17	12.247516419356069	HNF1A	HNF1A
918	13	12.326534803131869	HNF1A	HNF1A
919	11	12.335948880396764	HNF1A	HNF1A
920	12	12.313261421939918	HNF1A	HNF1A
921	12	12.292805384083536	HNF1A	HNF1A
922	17	12.323809308602296	HNF1A	HNF1A
923	14	12.474344195880548	HNF1A	HNF1A
924	12	12.332237225339778	HNF1A	HNF1A
925	6	12.235066279086382	HNF1A	HNF1A
926	12	12.312930720075094	HNF1A	HNF1A
927	7	12.345407019108178	HNF1A	HNF1A
928	12	12.277682470437751	HNF1A	HNF1A
929	17	12.339340649104939	HNF1A	HNF1A
930	11	12.258757621128835	HNF1A	HNF1A
931	9	12.341390079993825	HNF1A	HNF1A
932	13	12.287948281785443	HNF1A	HNF1A
933	12	12.22703290043381	HNF1A	HNF1A
934	16	12.344593426064348	HNF1A	HNF1A
935	12	12.390198283914073	HNF1A	HNF1A
936	9	12.34153969952073	HNF1A	HNF1A
937	13	12.336880008843362	HNF1A	HNF1A
938	5	12.340389927417327	HNF1A	HNF1A
939	11	12.300903338486986	HNF1A	HNF1A
940	14	12.374839436021011	HNF1A	HNF1A
941	15	12.32795705526298	HNF1A	HNF1A
942	11	12.341462409130108	HNF1A	HNF1A
943	13	12.3628317711577	HNF1A	HNF1A
944	12	12.282236468130034	HNF1A	HNF1A
945	14	12.276464467418862	HNF1A	HNF1A
946	15	12.297867458539937	HNF1A	HNF1A
947	17	12.371806985148066	HNF1A	HNF1A
948	10	12.339881251778175	HNF1A	HNF1A
949	10	12.410527165584245	HNF1A	HNF1A
950	16	12.364030379024582	HNF1A	HNF1A
951	9	12.351747620942632	HNF1A	HNF1A
952	8	12.301191854689899	HNF1A	HNF1A
953	17	12.372343936722247	HNF1A	HNF1A
954	12	12.313189446184493	HNF1A	HNF1A
955	13	12.364985015367049	HNF1A	HNF1A
956	13	12.3676407341353	HNF1A	HNF1A
957	10	12.391460003801694	HNF1A	HNF1A
958	14	12.36369372288886	HNF1A	HNF1A
959	11	12.357205619417226	HNF1A	HNF1A
960	13	12.324461725370302	HNF1A	HNF1A
961	15	12.352076305267639	HNF1A	HNF1A
962	12	12.344366357591445	HNF1A	HNF1A
963	17	12.299520283460051	HNF1A	HNF1A
964	10	12.260087145619641	HNF1A	HNF1A
965	19	12.282970975969851	HNF1A	HNF1A
966	7	12.267353017274559	HNF1A	HNF1A
967	3	12.216304841468947	HNF1A	HNF1A
968	11	12.403993735363967	HNF1A	HNF1A
969	17	12.475225566493306	HNF1A	HNF1A
970	12	12.343091247531529	HNF1A	HNF1A
971	13	12.246930777058358	HNF1A	HNF1A
972	10	12.395054260073195	HNF1A	HNF1A
973	11	12.309058469086102	HNF1A	HNF1A
974	6	12.280491748929306	HNF1A	HNF1A
975	12	12.313552888480054	HNF1A	HNF1A
976	7	12.252274205478233	HNF1A	HNF1A
977	12	12.313299227305688	HNF1A	HNF1A
978	18	12.333607617259876	HNF1A	HNF1A
979	11	12.227855939293008	HNF1A	HNF1A
980	10	12.338385055744764	HNF1A	HNF1A
981	8	12.30212030265965	HNF1A	HNF1A
982	14	12.377267695413934	HNF1A	HNF1A
983	16	12.291624015762919	HNF1A	HNF1A
984	10	12.267437690912258	HNF1A	HNF1A
985	13	12.316591222627144	HNF1A	HNF1A
986	12	12.256899707339928	HNF1A	HNF1A
987	12	12.20242351342336	HNF1A	HNF1A
988	10	12.288049727626733	HNF1A	HNF1A
989	14	12.28436043034727	HNF1A	HNF1A
990	7	12.243817769622842	HNF1A	HNF1A
991	12	12.285977861840399	HNF1A	HNF1A
992	16	12.251356823165581	HNF1A	HNF1A
993	16	12.34922539137845	HNF1A	HNF1A
994	10	12.386414951070794	HNF1A	HNF1A
995	16	12.348788773700244	HNF1A	HNF1A
996	17	12.324443970002049	HNF1A	HNF1A
997	12	12.275529436761637	HNF1A	HNF1A
998	14	12.33253871209047	HNF1A	HNF1A
999	9	12.429108170163282	HNF1A	HNF1A
1000	13	12.410057976920905	HNF1A	HNF1A
-1000	26	25.603628919888187	MIXL1	MIXL1
-999	25	25.66457011582603	MIXL1	MIXL1
-998	33	25.570679495888523	MIXL1	MIXL1
-997	20	25.516600196971005	MIXL1	MIXL1
-996	28	25.508549904073526	MIXL1	MIXL1
-995	28	25.535435392708145	MIXL1	MIXL1
-994	26	25.535365436854853	MIXL1	MIXL1
-993	28	25.553080468762918	MIXL1	MIXL1
-992	20	25.5278312742688	MIXL1	MIXL1
-991	19	25.572572792422648	MIXL1	MIXL1
-990	19	25.55529681998862	MIXL1	MIXL1
-989	30	25.487585468390783	MIXL1	MIXL1
-988	19	25.621414195978584	MIXL1	MIXL1
-987	29	25.48402557015429	MIXL1	MIXL1
-986	26	25.481800503136636	MIXL1	MIXL1
-985	24	25.566565352880563	MIXL1	MIXL1
-984	31	25.600177233647486	MIXL1	MIXL1
-983	34	25.577635337133092	MIXL1	MIXL1
-982	26	25.66846493895668	MIXL1	MIXL1
-981	26	25.65217626952147	MIXL1	MIXL1
-980	24	25.676803785559677	MIXL1	MIXL1
-979	31	25.538074498909623	MIXL1	MIXL1
-978	25	25.42076960772786	MIXL1	MIXL1
-977	26	25.59712402139416	MIXL1	MIXL1
-976	22	25.631922260806792	MIXL1	MIXL1
-975	19	25.596248154221005	MIXL1	MIXL1
-974	21	25.641164226161756	MIXL1	MIXL1
-973	20	25.674686475407718	MIXL1	MIXL1
-972	30	25.605520529271313	MIXL1	MIXL1
-971	17	25.491932943345788	MIXL1	MIXL1
-970	21	25.43231032318363	MIXL1	MIXL1
-969	27	25.45127589191616	MIXL1	MIXL1
-968	29	25.52480657488761	MIXL1	MIXL1
-967	25	25.50682178918997	MIXL1	MIXL1
-966	30	25.597208186785384	MIXL1	MIXL1
-965	27	25.642493452340837	MIXL1	MIXL1
-964	30	25.590676562888365	MIXL1	MIXL1
-963	31	25.46853930411358	MIXL1	MIXL1
-962	22	25.376623354225817	MIXL1	MIXL1
-961	22	25.39398273708614	MIXL1	MIXL1
-960	18	25.35756095761132	MIXL1	MIXL1
-959	24	25.40968820214193	MIXL1	MIXL1
-958	24	25.373446750938914	MIXL1	MIXL1
-957	23	25.51514136105597	MIXL1	MIXL1
-956	24	25.52810461551118	MIXL1	MIXL1
-955	21	25.498641283909194	MIXL1	MIXL1
-954	24	25.606889695486036	MIXL1	MIXL1
-953	25	25.55451502510113	MIXL1	MIXL1
-952	24	25.456570689206206	MIXL1	MIXL1
-951	24	25.47309891872316	MIXL1	MIXL1
-950	23	25.45979204866657	MIXL1	MIXL1
-949	27	25.55584572211776	MIXL1	MIXL1
-948	21	25.518395051565534	MIXL1	MIXL1
-947	30	25.597636877964344	MIXL1	MIXL1
-946	16	25.540100451570883	MIXL1	MIXL1
-945	31	25.424623083060162	MIXL1	MIXL1
-944	20	25.57326606739088	MIXL1	MIXL1
-943	26	25.57947823638591	MIXL1	MIXL1
-942	26	25.54724647694342	MIXL1	MIXL1
-941	23	25.606675094049297	MIXL1	MIXL1
-940	19	25.54449133643361	MIXL1	MIXL1
-939	26	25.562066025944564	MIXL1	MIXL1
-938	30	25.567499110570605	MIXL1	MIXL1
-937	21	25.519579114955953	MIXL1	MIXL1
-936	36	25.65354199607661	MIXL1	MIXL1
-935	29	25.679558969809356	MIXL1	MIXL1
-934	32	25.460669301865003	MIXL1	MIXL1
-933	20	25.609015921991865	MIXL1	MIXL1
-932	33	25.725088123032357	MIXL1	MIXL1
-931	30	25.536264146081017	MIXL1	MIXL1
-930	21	25.483650801268464	MIXL1	MIXL1
-929	22	25.51750706807889	MIXL1	MIXL1
-928	31	25.603103872058337	MIXL1	MIXL1
-927	15	25.630822071117056	MIXL1	MIXL1
-926	28	25.58132874825504	MIXL1	MIXL1
-925	28	25.58305020819287	MIXL1	MIXL1
-924	37	25.537849004938675	MIXL1	MIXL1
-923	23	25.528018620366588	MIXL1	MIXL1
-922	27	25.610215390733735	MIXL1	MIXL1
-921	19	25.545762196191188	MIXL1	MIXL1
-920	26	25.451457604426533	MIXL1	MIXL1
-919	27	25.592527279723964	MIXL1	MIXL1
-918	25	25.599279879387705	MIXL1	MIXL1
-917	29	25.570569239796615	MIXL1	MIXL1
-916	19	25.442140836925475	MIXL1	MIXL1
-915	25	25.510388404772947	MIXL1	MIXL1
-914	26	25.50944516779224	MIXL1	MIXL1
-913	36	25.587636232874452	MIXL1	MIXL1
-912	20	25.61508821861861	MIXL1	MIXL1
-911	27	25.52758906469111	MIXL1	MIXL1
-910	23	25.55234122145289	MIXL1	MIXL1
-909	30	25.492231150726948	MIXL1	MIXL1
-908	18	25.512302468086734	MIXL1	MIXL1
-907	27	25.59059725012395	MIXL1	MIXL1
-906	18	25.593025104371712	MIXL1	MIXL1
-905	24	25.699480725211437	MIXL1	MIXL1
-904	19	25.686089426433668	MIXL1	MIXL1
-903	22	25.533904540007807	MIXL1	MIXL1
-902	24	25.42328614310073	MIXL1	MIXL1
-901	24	25.57303966979234	MIXL1	MIXL1
-900	30	25.57003681985696	MIXL1	MIXL1
-899	24	25.548518758429818	MIXL1	MIXL1
-898	26	25.521680109121675	MIXL1	MIXL1
-897	30	25.565098988731616	MIXL1	MIXL1
-896	27	25.664255912223712	MIXL1	MIXL1
-895	23	25.519298358314455	MIXL1	MIXL1
-894	20	25.530763950719006	MIXL1	MIXL1
-893	27	25.59775287902594	MIXL1	MIXL1
-892	20	25.703877538782724	MIXL1	MIXL1
-891	23	25.625902407218927	MIXL1	MIXL1
-890	31	25.54095535407933	MIXL1	MIXL1
-889	27	25.41614816009191	MIXL1	MIXL1
-888	21	25.568207777541648	MIXL1	MIXL1
-887	28	25.589235829816083	MIXL1	MIXL1
-886	26	25.56326430997288	MIXL1	MIXL1
-885	31	25.513128512574944	MIXL1	MIXL1
-884	18	25.515029195316682	MIXL1	MIXL1
-883	20	25.543796473528232	MIXL1	MIXL1
-882	24	25.544477515288026	MIXL1	MIXL1
-881	15	25.65474280608591	MIXL1	MIXL1
-880	29	25.711810116757693	MIXL1	MIXL1
-879	16	25.59586472623505	MIXL1	MIXL1
-878	20	25.432741123640035	MIXL1	MIXL1
-877	24	25.44513449099811	MIXL1	MIXL1
-876	28	25.62957721438554	MIXL1	MIXL1
-875	24	25.603019613281568	MIXL1	MIXL1
-874	23	25.503884361232362	MIXL1	MIXL1
-873	27	25.531937886617612	MIXL1	MIXL1
-872	32	25.60701607600886	MIXL1	MIXL1
-871	27	25.613749240255885	MIXL1	MIXL1
-870	22	25.63197623735769	MIXL1	MIXL1
-869	25	25.656065323582407	MIXL1	MIXL1
-868	35	25.65105506728642	MIXL1	MIXL1
-867	31	25.527297984374396	MIXL1	MIXL1
-866	18	25.517098053230356	MIXL1	MIXL1
-865	32	25.561766707144425	MIXL1	MIXL1
-864	21	25.546045067329743	MIXL1	MIXL1
-863	21	25.47439416500354	MIXL1	MIXL1
-862	27	25.43225173537623	MIXL1	MIXL1
-861	25	25.424537457764146	MIXL1	MIXL1
-860	31	25.488140285960878	MIXL1	MIXL1
-859	27	25.60684784519993	MIXL1	MIXL1
-858	30	25.625701638354574	MIXL1	MIXL1
-857	29	25.525981494696065	MIXL1	MIXL1
-856	30	25.47285430407814	MIXL1	MIXL1
-855	28	25.568254662146963	MIXL1	MIXL1
-854	24	25.665352391506428	MIXL1	MIXL1
-853	23	25.687212556110513	MIXL1	MIXL1
-852	45	25.53284407805015	MIXL1	MIXL1
-851	22	25.463609732412753	MIXL1	MIXL1
-850	27	25.53777336983371	MIXL1	MIXL1
-849	22	25.689118077123517	MIXL1	MIXL1
-848	21	25.59649440686315	MIXL1	MIXL1
-847	26	25.626078707347133	MIXL1	MIXL1
-846	25	25.6625556586306	MIXL1	MIXL1
-845	25	25.657540580176605	MIXL1	MIXL1
-844	26	25.61738969760303	MIXL1	MIXL1
-843	33	25.53919511047549	MIXL1	MIXL1
-842	26	25.50645864677273	MIXL1	MIXL1
-841	20	25.655582573175245	MIXL1	MIXL1
-840	18	25.755548156882075	MIXL1	MIXL1
-839	31	25.6017405913126	MIXL1	MIXL1
-838	27	25.59495307528509	MIXL1	MIXL1
-837	22	25.69319391026365	MIXL1	MIXL1
-836	31	25.534157357956893	MIXL1	MIXL1
-835	23	25.63875822075052	MIXL1	MIXL1
-834	27	25.58563866172972	MIXL1	MIXL1
-833	20	25.507935462588453	MIXL1	MIXL1
-832	28	25.524027708982793	MIXL1	MIXL1
-831	24	25.630777646076435	MIXL1	MIXL1
-830	25	25.545457779202234	MIXL1	MIXL1
-829	27	25.50877153964096	MIXL1	MIXL1
-828	29	25.532151903930313	MIXL1	MIXL1
-827	29	25.543243859008783	MIXL1	MIXL1
-826	28	25.47840007276516	MIXL1	MIXL1
-825	16	25.529781230335182	MIXL1	MIXL1
-824	28	25.552746035484663	MIXL1	MIXL1
-823	34	25.599977553518247	MIXL1	MIXL1
-822	17	25.456824131333633	MIXL1	MIXL1
-821	24	25.528874947344413	MIXL1	MIXL1
-820	28	25.63263066914736	MIXL1	MIXL1
-819	21	25.720925730254155	MIXL1	MIXL1
-818	25	25.67278596237231	MIXL1	MIXL1
-817	20	25.56751033482862	MIXL1	MIXL1
-816	23	25.601790918814288	MIXL1	MIXL1
-815	23	25.665100500008336	MIXL1	MIXL1
-814	15	25.50590602418998	MIXL1	MIXL1
-813	28	25.541109391715267	MIXL1	MIXL1
-812	21	25.475496201068935	MIXL1	MIXL1
-811	19	25.433576353511036	MIXL1	MIXL1
-810	25	25.39786123315591	MIXL1	MIXL1
-809	20	25.648477569366317	MIXL1	MIXL1
-808	27	25.583152745211137	MIXL1	MIXL1
-807	25	25.685083433879253	MIXL1	MIXL1
-806	21	25.616300656474408	MIXL1	MIXL1
-805	31	25.481323105414308	MIXL1	MIXL1
-804	21	25.48718884289072	MIXL1	MIXL1
-803	24	25.495200160589413	MIXL1	MIXL1
-802	34	25.523239947252783	MIXL1	MIXL1
-801	31	25.563960289946834	MIXL1	MIXL1
-800	19	25.531269299527047	MIXL1	MIXL1
-799	26	25.659327294957425	MIXL1	MIXL1
-798	21	25.54294148364263	MIXL1	MIXL1
-797	28	25.558822033299094	MIXL1	MIXL1
-796	14	25.623072514092957	MIXL1	MIXL1
-795	24	25.508087198600315	MIXL1	MIXL1
-794	32	25.583826078456745	MIXL1	MIXL1
-793	26	25.699963494819936	MIXL1	MIXL1
-792	26	25.687648230881024	MIXL1	MIXL1
-791	28	25.600879355933007	MIXL1	MIXL1
-790	27	25.55062977959365	MIXL1	MIXL1
-789	26	25.574995558623282	MIXL1	MIXL1
-788	21	25.658830930469026	MIXL1	MIXL1
-787	25	25.72208502244627	MIXL1	MIXL1
-786	34	25.608800351607915	MIXL1	MIXL1
-785	24	25.574665664725735	MIXL1	MIXL1
-784	22	25.547173570318403	MIXL1	MIXL1
-783	33	25.657287028780893	MIXL1	MIXL1
-782	31	25.433246982727976	MIXL1	MIXL1
-781	18	25.462888367429713	MIXL1	MIXL1
-780	24	25.649331124509875	MIXL1	MIXL1
-779	19	25.65905870041178	MIXL1	MIXL1
-778	20	25.686817847213998	MIXL1	MIXL1
-777	23	25.60584310011355	MIXL1	MIXL1
-776	22	25.587051279838082	MIXL1	MIXL1
-775	14	25.554450178862957	MIXL1	MIXL1
-774	25	25.51530208792211	MIXL1	MIXL1
-773	27	25.621655716105295	MIXL1	MIXL1
-772	23	25.641368441132308	MIXL1	MIXL1
-771	34	25.616297545685015	MIXL1	MIXL1
-770	19	25.574885420084822	MIXL1	MIXL1
-769	26	25.571803072522002	MIXL1	MIXL1
-768	27	25.47320130794445	MIXL1	MIXL1
-767	30	25.564132606977772	MIXL1	MIXL1
-766	21	25.51659044906573	MIXL1	MIXL1
-765	24	25.565785325806207	MIXL1	MIXL1
-764	28	25.686347035852187	MIXL1	MIXL1
-763	17	25.608236773070956	MIXL1	MIXL1
-762	29	25.534756800685464	MIXL1	MIXL1
-761	17	25.6466699928363	MIXL1	MIXL1
-760	24	25.701206503388278	MIXL1	MIXL1
-759	28	25.706946021706873	MIXL1	MIXL1
-758	17	25.60718758928146	MIXL1	MIXL1
-757	24	25.588248116359647	MIXL1	MIXL1
-756	31	25.7681658330372	MIXL1	MIXL1
-755	26	25.612656949247427	MIXL1	MIXL1
-754	32	25.608335888717757	MIXL1	MIXL1
-753	28	25.556109321974073	MIXL1	MIXL1
-752	36	25.56598951228601	MIXL1	MIXL1
-751	15	25.67062988595289	MIXL1	MIXL1
-750	35	25.56715299113964	MIXL1	MIXL1
-749	27	25.52823730379746	MIXL1	MIXL1
-748	23	25.610784619245536	MIXL1	MIXL1
-747	22	25.653461930752187	MIXL1	MIXL1
-746	21	25.70303867633114	MIXL1	MIXL1
-745	30	25.53917289537548	MIXL1	MIXL1
-744	14	25.605576358793385	MIXL1	MIXL1
-743	24	25.66280771815816	MIXL1	MIXL1
-742	24	25.509989135887235	MIXL1	MIXL1
-741	24	25.574071184585417	MIXL1	MIXL1
-740	33	25.52154708521682	MIXL1	MIXL1
-739	22	25.596109813039273	MIXL1	MIXL1
-738	20	25.623079209346567	MIXL1	MIXL1
-737	26	25.628413403248764	MIXL1	MIXL1
-736	18	25.389706448032115	MIXL1	MIXL1
-735	21	25.568791820367604	MIXL1	MIXL1
-734	25	25.58165900522649	MIXL1	MIXL1
-733	26	25.522494110088143	MIXL1	MIXL1
-732	25	25.552485823191375	MIXL1	MIXL1
-731	17	25.624299545091773	MIXL1	MIXL1
-730	36	25.52469172562294	MIXL1	MIXL1
-729	22	25.48904834738301	MIXL1	MIXL1
-728	29	25.45308727426069	MIXL1	MIXL1
-727	25	25.40775781068613	MIXL1	MIXL1
-726	25	25.50206833808981	MIXL1	MIXL1
-725	25	25.698169854154884	MIXL1	MIXL1
-724	34	25.634987772766163	MIXL1	MIXL1
-723	22	25.464463340510587	MIXL1	MIXL1
-722	23	25.608505792883886	MIXL1	MIXL1
-721	38	25.661203754046287	MIXL1	MIXL1
-720	24	25.694047755459156	MIXL1	MIXL1
-719	30	25.671726202880723	MIXL1	MIXL1
-718	30	25.507942579905528	MIXL1	MIXL1
-717	24	25.476733917392234	MIXL1	MIXL1
-716	18	25.52164024871686	MIXL1	MIXL1
-715	31	25.46693847836405	MIXL1	MIXL1
-714	24	25.547273511461626	MIXL1	MIXL1
-713	25	25.580576798757857	MIXL1	MIXL1
-712	33	25.517501928690944	MIXL1	MIXL1
-711	28	25.599333276438312	MIXL1	MIXL1
-710	23	25.68484053473293	MIXL1	MIXL1
-709	32	25.728783334168774	MIXL1	MIXL1
-708	18	25.673998096254188	MIXL1	MIXL1
-707	20	25.549878895255883	MIXL1	MIXL1
-706	20	25.584917029839968	MIXL1	MIXL1
-705	20	25.59598067299397	MIXL1	MIXL1
-704	22	25.566161840199292	MIXL1	MIXL1
-703	21	25.619576787502222	MIXL1	MIXL1
-702	25	25.552427103836383	MIXL1	MIXL1
-701	32	25.47828556985745	MIXL1	MIXL1
-700	27	25.630653619878725	MIXL1	MIXL1
-699	19	25.696308776418906	MIXL1	MIXL1
-698	20	25.539492789192412	MIXL1	MIXL1
-697	21	25.52175471211229	MIXL1	MIXL1
-696	30	25.59759132610525	MIXL1	MIXL1
-695	27	25.594617904265498	MIXL1	MIXL1
-694	30	25.47123456707492	MIXL1	MIXL1
-693	33	25.615648520119635	MIXL1	MIXL1
-692	23	25.520928947455918	MIXL1	MIXL1
-691	24	25.573933922010234	MIXL1	MIXL1
-690	26	25.60788385685525	MIXL1	MIXL1
-689	32	25.597266559082023	MIXL1	MIXL1
-688	25	25.549324538989246	MIXL1	MIXL1
-687	33	25.610571942034017	MIXL1	MIXL1
-686	21	25.53811238192832	MIXL1	MIXL1
-685	26	25.544178867830613	MIXL1	MIXL1
-684	27	25.54004587462307	MIXL1	MIXL1
-683	22	25.57779584503589	MIXL1	MIXL1
-682	25	25.476649086669205	MIXL1	MIXL1
-681	23	25.531839728120488	MIXL1	MIXL1
-680	22	25.428169495731915	MIXL1	MIXL1
-679	22	25.52564945925807	MIXL1	MIXL1
-678	17	25.55167873090061	MIXL1	MIXL1
-677	28	25.48455641490765	MIXL1	MIXL1
-676	22	25.559717084702275	MIXL1	MIXL1
-675	33	25.578646580155553	MIXL1	MIXL1
-674	31	25.657368675152746	MIXL1	MIXL1
-673	29	25.444300971813448	MIXL1	MIXL1
-672	29	25.46037847356317	MIXL1	MIXL1
-671	22	25.548000257540664	MIXL1	MIXL1
-670	31	25.578616479534453	MIXL1	MIXL1
-669	19	25.48524405338987	MIXL1	MIXL1
-668	24	25.455063245513482	MIXL1	MIXL1
-667	26	25.48684988592913	MIXL1	MIXL1
-666	26	25.559474798886644	MIXL1	MIXL1
-665	34	25.750235666713756	MIXL1	MIXL1
-664	27	25.72860785161116	MIXL1	MIXL1
-663	18	25.535326645467435	MIXL1	MIXL1
-662	30	25.716056431484475	MIXL1	MIXL1
-661	25	25.542063298801057	MIXL1	MIXL1
-660	27	25.55034399194218	MIXL1	MIXL1
-659	30	25.506586669798036	MIXL1	MIXL1
-658	22	25.71169595386113	MIXL1	MIXL1
-657	27	25.81003926548403	MIXL1	MIXL1
-656	34	25.660494091811508	MIXL1	MIXL1
-655	32	25.57385333964562	MIXL1	MIXL1
-654	26	25.566081163908237	MIXL1	MIXL1
-653	22	25.584305365798475	MIXL1	MIXL1
-652	31	25.514873137252952	MIXL1	MIXL1
-651	36	25.5994283565017	MIXL1	MIXL1
-650	22	25.591617190086914	MIXL1	MIXL1
-649	19	25.509091166297345	MIXL1	MIXL1
-648	25	25.499079167625244	MIXL1	MIXL1
-647	29	25.533155536009485	MIXL1	MIXL1
-646	27	25.36182363066556	MIXL1	MIXL1
-645	21	25.46750943035027	MIXL1	MIXL1
-644	24	25.59936183705365	MIXL1	MIXL1
-643	23	25.56208470613678	MIXL1	MIXL1
-642	33	25.575559415625122	MIXL1	MIXL1
-641	18	25.512252752934913	MIXL1	MIXL1
-640	37	25.474498062266765	MIXL1	MIXL1
-639	25	25.462027930738245	MIXL1	MIXL1
-638	25	25.55853374521289	MIXL1	MIXL1
-637	36	25.603310561856947	MIXL1	MIXL1
-636	29	25.706087880250795	MIXL1	MIXL1
-635	29	25.722386477218475	MIXL1	MIXL1
-634	34	25.687678502625296	MIXL1	MIXL1
-633	29	25.66824415807946	MIXL1	MIXL1
-632	28	25.597231871710534	MIXL1	MIXL1
-631	33	25.55253416374765	MIXL1	MIXL1
-630	12	25.533292311038505	MIXL1	MIXL1
-629	27	25.4724359386686	MIXL1	MIXL1
-628	16	25.422389593047942	MIXL1	MIXL1
-627	27	25.563754850207186	MIXL1	MIXL1
-626	30	25.566441528774096	MIXL1	MIXL1
-625	26	25.57127198270563	MIXL1	MIXL1
-624	27	25.61713020849851	MIXL1	MIXL1
-623	25	25.574151145641682	MIXL1	MIXL1
-622	22	25.73223888378628	MIXL1	MIXL1
-621	34	25.650700885356354	MIXL1	MIXL1
-620	25	25.585623026243667	MIXL1	MIXL1
-619	28	25.55467947084555	MIXL1	MIXL1
-618	27	25.68730133284957	MIXL1	MIXL1
-617	23	25.67359033739007	MIXL1	MIXL1
-616	24	25.60540486344848	MIXL1	MIXL1
-615	29	25.688242488054012	MIXL1	MIXL1
-614	27	25.605377221570574	MIXL1	MIXL1
-613	26	25.51723091179366	MIXL1	MIXL1
-612	22	25.498599237963916	MIXL1	MIXL1
-611	25	25.55145927682096	MIXL1	MIXL1
-610	23	25.507686295273714	MIXL1	MIXL1
-609	29	25.670329792890502	MIXL1	MIXL1
-608	25	25.737652473078846	MIXL1	MIXL1
-607	28	25.52894504068782	MIXL1	MIXL1
-606	30	25.54330919224735	MIXL1	MIXL1
-605	21	25.56895767616248	MIXL1	MIXL1
-604	22	25.491988284930855	MIXL1	MIXL1
-603	26	25.67383454116363	MIXL1	MIXL1
-602	19	25.63791088956778	MIXL1	MIXL1
-601	21	25.604730948875158	MIXL1	MIXL1
-600	26	25.61851332283933	MIXL1	MIXL1
-599	18	25.716696652984343	MIXL1	MIXL1
-598	27	25.65357763486403	MIXL1	MIXL1
-597	19	25.546848259047614	MIXL1	MIXL1
-596	26	25.553558935306413	MIXL1	MIXL1
-595	14	25.48088215646585	MIXL1	MIXL1
-594	22	25.41610777003933	MIXL1	MIXL1
-593	30	25.557223614976042	MIXL1	MIXL1
-592	21	25.513759510855692	MIXL1	MIXL1
-591	23	25.52927250886607	MIXL1	MIXL1
-590	29	25.669055835774323	MIXL1	MIXL1
-589	27	25.57101416685926	MIXL1	MIXL1
-588	24	25.562994041625853	MIXL1	MIXL1
-587	25	25.569165255074317	MIXL1	MIXL1
-586	27	25.507901979906148	MIXL1	MIXL1
-585	24	25.503543767948337	MIXL1	MIXL1
-584	26	25.463400231923202	MIXL1	MIXL1
-583	25	25.532948028739938	MIXL1	MIXL1
-582	20	25.590895231841476	MIXL1	MIXL1
-581	26	25.562125928918338	MIXL1	MIXL1
-580	25	25.572755022649524	MIXL1	MIXL1
-579	23	25.54621247181288	MIXL1	MIXL1
-578	34	25.6002283232657	MIXL1	MIXL1
-577	14	25.52396592304839	MIXL1	MIXL1
-576	27	25.584646872297427	MIXL1	MIXL1
-575	23	25.70442155221703	MIXL1	MIXL1
-574	25	25.64964373669165	MIXL1	MIXL1
-573	17	25.50109469518812	MIXL1	MIXL1
-572	24	25.433669480390055	MIXL1	MIXL1
-571	26	25.483138439354892	MIXL1	MIXL1
-570	19	25.56153643674656	MIXL1	MIXL1
-569	22	25.495979455733334	MIXL1	MIXL1
-568	32	25.395337328681524	MIXL1	MIXL1
-567	29	25.408377371439734	MIXL1	MIXL1
-566	28	25.62091506848762	MIXL1	MIXL1
-565	27	25.610918763574542	MIXL1	MIXL1
-564	21	25.56729193218325	MIXL1	MIXL1
-563	25	25.62754525582903	MIXL1	MIXL1
-562	27	25.582026147720235	MIXL1	MIXL1
-561	28	25.528444896389676	MIXL1	MIXL1
-560	22	25.669135675522043	MIXL1	MIXL1
-559	20	25.612127926111512	MIXL1	MIXL1
-558	21	25.523543232379705	MIXL1	MIXL1
-557	25	25.63686955349283	MIXL1	MIXL1
-556	31	25.65052344536534	MIXL1	MIXL1
-555	23	25.6302006833371	MIXL1	MIXL1
-554	24	25.644372038005663	MIXL1	MIXL1
-553	28	25.500572009844305	MIXL1	MIXL1
-552	28	25.48268079745405	MIXL1	MIXL1
-551	26	25.49895936530305	MIXL1	MIXL1
-550	24	25.457726069525886	MIXL1	MIXL1
-549	27	25.371438088354193	MIXL1	MIXL1
-548	18	25.404646404323493	MIXL1	MIXL1
-547	25	25.51265087344292	MIXL1	MIXL1
-546	17	25.50963862208898	MIXL1	MIXL1
-545	34	25.403518357395075	MIXL1	MIXL1
-544	26	25.41516101831702	MIXL1	MIXL1
-543	30	25.508885267167976	MIXL1	MIXL1
-542	25	25.518628804883818	MIXL1	MIXL1
-541	30	25.68038112509969	MIXL1	MIXL1
-540	22	25.526384471570033	MIXL1	MIXL1
-539	21	25.568477189540637	MIXL1	MIXL1
-538	16	25.541871993039926	MIXL1	MIXL1
-537	23	25.48447372650687	MIXL1	MIXL1
-536	21	25.483244746679638	MIXL1	MIXL1
-535	16	25.563067366846347	MIXL1	MIXL1
-534	28	25.50008190180367	MIXL1	MIXL1
-533	31	25.451201695572863	MIXL1	MIXL1
-532	27	25.581637519744802	MIXL1	MIXL1
-531	29	25.593667346357286	MIXL1	MIXL1
-530	20	25.57286606274635	MIXL1	MIXL1
-529	17	25.53227220290085	MIXL1	MIXL1
-528	25	25.539111690793273	MIXL1	MIXL1
-527	18	25.526750708613847	MIXL1	MIXL1
-526	26	25.476480431553142	MIXL1	MIXL1
-525	33	25.515656686237232	MIXL1	MIXL1
-524	24	25.645962797316695	MIXL1	MIXL1
-523	25	25.74731812382996	MIXL1	MIXL1
-522	22	25.651251046167175	MIXL1	MIXL1
-521	22	25.503934853430522	MIXL1	MIXL1
-520	25	25.577588577378965	MIXL1	MIXL1
-519	28	25.62259276731025	MIXL1	MIXL1
-518	23	25.530643227748506	MIXL1	MIXL1
-517	22	25.507782172923633	MIXL1	MIXL1
-516	27	25.4855488400297	MIXL1	MIXL1
-515	26	25.48927439428906	MIXL1	MIXL1
-514	27	25.360232960330745	MIXL1	MIXL1
-513	20	25.453249513246316	MIXL1	MIXL1
-512	22	25.590735982852017	MIXL1	MIXL1
-511	25	25.52229803172865	MIXL1	MIXL1
-510	27	25.692276838266185	MIXL1	MIXL1
-509	23	25.631802161528203	MIXL1	MIXL1
-508	18	25.575303888095515	MIXL1	MIXL1
-507	14	25.58502576338127	MIXL1	MIXL1
-506	21	25.510754482905536	MIXL1	MIXL1
-505	21	25.62848950811121	MIXL1	MIXL1
-504	32	25.671179196327685	MIXL1	MIXL1
-503	21	25.555627390172344	MIXL1	MIXL1
-502	20	25.55925377618643	MIXL1	MIXL1
-501	28	25.639152399167354	MIXL1	MIXL1
-500	22	25.55151566107149	MIXL1	MIXL1
-499	23	25.502953514471745	MIXL1	MIXL1
-498	31	25.618813075606653	MIXL1	MIXL1
-497	34	25.694658191558457	MIXL1	MIXL1
-496	33	25.609856374387036	MIXL1	MIXL1
-495	24	25.502588243103514	MIXL1	MIXL1
-494	22	25.59897015261422	MIXL1	MIXL1
-493	29	25.588409724363853	MIXL1	MIXL1
-492	38	25.465583346494572	MIXL1	MIXL1
-491	28	25.5448425685778	MIXL1	MIXL1
-490	29	25.56916271306686	MIXL1	MIXL1
-489	22	25.57562443754561	MIXL1	MIXL1
-488	16	25.67251060624809	MIXL1	MIXL1
-487	20	25.62999049648923	MIXL1	MIXL1
-486	16	25.551018867054673	MIXL1	MIXL1
-485	22	25.572545234751896	MIXL1	MIXL1
-484	25	25.480106913884747	MIXL1	MIXL1
-483	32	25.50900983871131	MIXL1	MIXL1
-482	33	25.506295151544528	MIXL1	MIXL1
-481	29	25.55929608986379	MIXL1	MIXL1
-480	34	25.541198570711163	MIXL1	MIXL1
-479	28	25.734279946348902	MIXL1	MIXL1
-478	25	25.68955046533677	MIXL1	MIXL1
-477	28	25.58282359354723	MIXL1	MIXL1
-476	27	25.607139307289987	MIXL1	MIXL1
-475	33	25.596875067237313	MIXL1	MIXL1
-474	24	25.526612496100718	MIXL1	MIXL1
-473	36	25.509928188284636	MIXL1	MIXL1
-472	27	25.535419890108862	MIXL1	MIXL1
-471	22	25.51333875554836	MIXL1	MIXL1
-470	27	25.467238396348545	MIXL1	MIXL1
-469	21	25.442451789770296	MIXL1	MIXL1
-468	24	25.400175026636205	MIXL1	MIXL1
-467	28	25.370156195502453	MIXL1	MIXL1
-466	24	25.43547456253589	MIXL1	MIXL1
-465	20	25.50605131228091	MIXL1	MIXL1
-464	32	25.5054661177228	MIXL1	MIXL1
-463	29	25.546327318192485	MIXL1	MIXL1
-462	17	25.62572166599176	MIXL1	MIXL1
-461	26	25.622021525558207	MIXL1	MIXL1
-460	24	25.540530095139307	MIXL1	MIXL1
-459	20	25.488268880701444	MIXL1	MIXL1
-458	30	25.571420689133216	MIXL1	MIXL1
-457	24	25.47261339840327	MIXL1	MIXL1
-456	28	25.4322784666296	MIXL1	MIXL1
-455	24	25.588798106237153	MIXL1	MIXL1
-454	26	25.613731192194813	MIXL1	MIXL1
-453	19	25.626741994106247	MIXL1	MIXL1
-452	20	25.58931645016501	MIXL1	MIXL1
-451	36	25.57044113095061	MIXL1	MIXL1
-450	20	25.634669175063074	MIXL1	MIXL1
-449	31	25.574796494357457	MIXL1	MIXL1
-448	20	25.44944585433099	MIXL1	MIXL1
-447	32	25.561209669154497	MIXL1	MIXL1
-446	26	25.63548776268549	MIXL1	MIXL1
-445	19	25.704592691854984	MIXL1	MIXL1
-444	23	25.553979655596276	MIXL1	MIXL1
-443	23	25.51627851586278	MIXL1	MIXL1
-442	31	25.562803778501195	MIXL1	MIXL1
-441	31	25.64752262349278	MIXL1	MIXL1
-440	21	25.552725381766322	MIXL1	MIXL1
-439	23	25.512635472384627	MIXL1	MIXL1
-438	23	25.69417630779239	MIXL1	MIXL1
-437	30	25.574874032319077	MIXL1	MIXL1
-436	28	25.572371048271272	MIXL1	MIXL1
-435	32	25.648886075506617	MIXL1	MIXL1
-434	24	25.587188281376182	MIXL1	MIXL1
-433	24	25.659142353787466	MIXL1	MIXL1
-432	32	25.55945099278327	MIXL1	MIXL1
-431	22	25.50998459858324	MIXL1	MIXL1
-430	23	25.597580979008278	MIXL1	MIXL1
-429	24	25.542705117950394	MIXL1	MIXL1
-428	25	25.540995392389135	MIXL1	MIXL1
-427	30	25.563227551257572	MIXL1	MIXL1
-426	24	25.588026545711898	MIXL1	MIXL1
-425	31	25.49270263958907	MIXL1	MIXL1
-424	29	25.48290700605019	MIXL1	MIXL1
-423	22	25.690479457807182	MIXL1	MIXL1
-422	24	25.633804290048506	MIXL1	MIXL1
-421	24	25.681644359975518	MIXL1	MIXL1
-420	33	25.616069672697126	MIXL1	MIXL1
-419	26	25.44025667875898	MIXL1	MIXL1
-418	23	25.438068457652385	MIXL1	MIXL1
-417	18	25.712860628016458	MIXL1	MIXL1
-416	33	25.575293850983222	MIXL1	MIXL1
-415	25	25.411602976546277	MIXL1	MIXL1
-414	19	25.586172489723523	MIXL1	MIXL1
-413	30	25.53550200191736	MIXL1	MIXL1
-412	25	25.623561799482456	MIXL1	MIXL1
-411	22	25.774806400158887	MIXL1	MIXL1
-410	18	25.671033220920748	MIXL1	MIXL1
-409	24	25.577112841863244	MIXL1	MIXL1
-408	24	25.54133056704523	MIXL1	MIXL1
-407	25	25.44475018439698	MIXL1	MIXL1
-406	24	25.603752502316027	MIXL1	MIXL1
-405	24	25.616926546734305	MIXL1	MIXL1
-404	24	25.557842704992595	MIXL1	MIXL1
-403	27	25.66260304217887	MIXL1	MIXL1
-402	42	25.564729391646605	MIXL1	MIXL1
-401	28	25.544549990450257	MIXL1	MIXL1
-400	23	25.51152995965352	MIXL1	MIXL1
-399	29	25.535344149551857	MIXL1	MIXL1
-398	34	25.553695649090734	MIXL1	MIXL1
-397	30	25.53653180655401	MIXL1	MIXL1
-396	16	25.52149556968248	MIXL1	MIXL1
-395	31	25.620937694520546	MIXL1	MIXL1
-394	30	25.606810054056556	MIXL1	MIXL1
-393	19	25.58239420859436	MIXL1	MIXL1
-392	30	25.524056036782312	MIXL1	MIXL1
-391	24	25.624219037103895	MIXL1	MIXL1
-390	30	25.583252624505192	MIXL1	MIXL1
-389	32	25.45085605617219	MIXL1	MIXL1
-388	41	25.437695986951077	MIXL1	MIXL1
-387	24	25.563841606752877	MIXL1	MIXL1
-386	27	25.48312454590155	MIXL1	MIXL1
-385	26	25.613569858753834	MIXL1	MIXL1
-384	25	25.50673276166589	MIXL1	MIXL1
-383	29	25.513528454550702	MIXL1	MIXL1
-382	13	25.605612488926628	MIXL1	MIXL1
-381	33	25.595336337408543	MIXL1	MIXL1
-380	30	25.580320969807016	MIXL1	MIXL1
-379	19	25.532577263314366	MIXL1	MIXL1
-378	24	25.511744690354313	MIXL1	MIXL1
-377	20	25.494702124683702	MIXL1	MIXL1
-376	21	25.540482673816612	MIXL1	MIXL1
-375	21	25.498524649218183	MIXL1	MIXL1
-374	31	25.555784040859088	MIXL1	MIXL1
-373	32	25.494652913710613	MIXL1	MIXL1
-372	27	25.480399525434617	MIXL1	MIXL1
-371	24	25.578726508861287	MIXL1	MIXL1
-370	22	25.669902530752097	MIXL1	MIXL1
-369	20	25.64188620252794	MIXL1	MIXL1
-368	28	25.615445497458886	MIXL1	MIXL1
-367	26	25.55760126108178	MIXL1	MIXL1
-366	24	25.568909164689945	MIXL1	MIXL1
-365	10	25.54627230575355	MIXL1	MIXL1
-364	21	25.532006678933435	MIXL1	MIXL1
-363	20	25.599802665364898	MIXL1	MIXL1
-362	30	25.6550743906267	MIXL1	MIXL1
-361	36	25.5402348329129	MIXL1	MIXL1
-360	27	25.649573692847333	MIXL1	MIXL1
-359	22	25.611581317441043	MIXL1	MIXL1
-358	31	25.631220821059376	MIXL1	MIXL1
-357	22	25.52537225982294	MIXL1	MIXL1
-356	33	25.538116360991715	MIXL1	MIXL1
-355	28	25.611354985903642	MIXL1	MIXL1
-354	22	25.481799240390608	MIXL1	MIXL1
-353	26	25.546070109331183	MIXL1	MIXL1
-352	17	25.57633698665754	MIXL1	MIXL1
-351	31	25.606662133019878	MIXL1	MIXL1
-350	24	25.642508579272498	MIXL1	MIXL1
-349	24	25.558086098406996	MIXL1	MIXL1
-348	26	25.559710252144292	MIXL1	MIXL1
-347	30	25.64455515963649	MIXL1	MIXL1
-346	22	25.671036264581275	MIXL1	MIXL1
-345	20	25.60905602127568	MIXL1	MIXL1
-344	26	25.628371620825728	MIXL1	MIXL1
-343	20	25.68073588773301	MIXL1	MIXL1
-342	29	25.636794843970982	MIXL1	MIXL1
-341	31	25.609934115791457	MIXL1	MIXL1
-340	26	25.551829199746273	MIXL1	MIXL1
-339	26	25.47658557709045	MIXL1	MIXL1
-338	28	25.48311562793057	MIXL1	MIXL1
-337	12	25.695389333088478	MIXL1	MIXL1
-336	23	25.548317889012516	MIXL1	MIXL1
-335	23	25.427104781868476	MIXL1	MIXL1
-334	30	25.61380110429416	MIXL1	MIXL1
-333	28	25.58489280084139	MIXL1	MIXL1
-332	36	25.459805002310098	MIXL1	MIXL1
-331	31	25.589116676861376	MIXL1	MIXL1
-330	21	25.603926169640594	MIXL1	MIXL1
-329	24	25.63768510653365	MIXL1	MIXL1
-328	22	25.579729916146206	MIXL1	MIXL1
-327	27	25.69435171180019	MIXL1	MIXL1
-326	28	25.578773641679927	MIXL1	MIXL1
-325	17	25.513168773540816	MIXL1	MIXL1
-324	17	25.444152053355396	MIXL1	MIXL1
-323	16	25.584115214935224	MIXL1	MIXL1
-322	30	25.5652972653471	MIXL1	MIXL1
-321	22	25.497663774778143	MIXL1	MIXL1
-320	27	25.543277435162207	MIXL1	MIXL1
-319	23	25.45352739223406	MIXL1	MIXL1
-318	35	25.55114041021278	MIXL1	MIXL1
-317	37	25.587469355035704	MIXL1	MIXL1
-316	28	25.416010030000674	MIXL1	MIXL1
-315	30	25.446265244771094	MIXL1	MIXL1
-314	27	25.547222522163285	MIXL1	MIXL1
-313	25	25.652494677279225	MIXL1	MIXL1
-312	33	25.57313795297303	MIXL1	MIXL1
-311	23	25.541910776001707	MIXL1	MIXL1
-310	23	25.54567448373626	MIXL1	MIXL1
-309	30	25.42406289126643	MIXL1	MIXL1
-308	20	25.520966917475587	MIXL1	MIXL1
-307	24	25.48850648938548	MIXL1	MIXL1
-306	30	25.571019061733395	MIXL1	MIXL1
-305	18	25.60885622297236	MIXL1	MIXL1
-304	32	25.507258163283954	MIXL1	MIXL1
-303	24	25.44031015272157	MIXL1	MIXL1
-302	22	25.547020300924995	MIXL1	MIXL1
-301	28	25.627393656672986	MIXL1	MIXL1
-300	22	25.530551947823486	MIXL1	MIXL1
-299	29	25.475663831531545	MIXL1	MIXL1
-298	23	25.5499445245685	MIXL1	MIXL1
-297	24	25.505215822234117	MIXL1	MIXL1
-296	25	25.467249327413178	MIXL1	MIXL1
-295	26	25.545298768161764	MIXL1	MIXL1
-294	36	25.605173954476253	MIXL1	MIXL1
-293	27	25.502078186090323	MIXL1	MIXL1
-292	23	25.499572203408235	MIXL1	MIXL1
-291	25	25.52376766545388	MIXL1	MIXL1
-290	22	25.580046059495277	MIXL1	MIXL1
-289	16	25.539987911785737	MIXL1	MIXL1
-288	24	25.419261835662244	MIXL1	MIXL1
-287	22	25.540898378704398	MIXL1	MIXL1
-286	21	25.640132058312627	MIXL1	MIXL1
-285	22	25.62616036113693	MIXL1	MIXL1
-284	22	25.50568160415604	MIXL1	MIXL1
-283	19	25.623881086733935	MIXL1	MIXL1
-282	20	25.564908242139882	MIXL1	MIXL1
-281	18	25.45580905414398	MIXL1	MIXL1
-280	27	25.43811128527634	MIXL1	MIXL1
-279	24	25.464399653335562	MIXL1	MIXL1
-278	25	25.547719361523946	MIXL1	MIXL1
-277	26	25.695380471895188	MIXL1	MIXL1
-276	23	25.698918843653868	MIXL1	MIXL1
-275	26	25.592658910301	MIXL1	MIXL1
-274	28	25.47503040683405	MIXL1	MIXL1
-273	24	25.507827898371215	MIXL1	MIXL1
-272	25	25.535965542134825	MIXL1	MIXL1
-271	24	25.572293870789878	MIXL1	MIXL1
-270	37	25.524542797303702	MIXL1	MIXL1
-269	21	25.607830152427283	MIXL1	MIXL1
-268	28	25.616988615982322	MIXL1	MIXL1
-267	29	25.48546933369963	MIXL1	MIXL1
-266	19	25.518760573198207	MIXL1	MIXL1
-265	27	25.506953085467497	MIXL1	MIXL1
-264	29	25.442151009790823	MIXL1	MIXL1
-263	33	25.498421719714532	MIXL1	MIXL1
-262	35	25.39313420381795	MIXL1	MIXL1
-261	21	25.517008542647886	MIXL1	MIXL1
-260	29	25.472302948190794	MIXL1	MIXL1
-259	25	25.380459995805573	MIXL1	MIXL1
-258	25	25.49870862248548	MIXL1	MIXL1
-257	26	25.560274319507364	MIXL1	MIXL1
-256	24	25.491599299580482	MIXL1	MIXL1
-255	17	25.585256310967313	MIXL1	MIXL1
-254	25	25.585096803633284	MIXL1	MIXL1
-253	27	25.552214137119098	MIXL1	MIXL1
-252	22	25.538569893019677	MIXL1	MIXL1
-251	27	25.49190479951346	MIXL1	MIXL1
-250	27	25.5859963275234	MIXL1	MIXL1
-249	31	25.559170134650454	MIXL1	MIXL1
-248	25	25.68810864553965	MIXL1	MIXL1
-247	24	25.60199106405794	MIXL1	MIXL1
-246	21	25.557639523776224	MIXL1	MIXL1
-245	31	25.564675600517617	MIXL1	MIXL1
-244	20	25.54960991545219	MIXL1	MIXL1
-243	18	25.420808631287347	MIXL1	MIXL1
-242	26	25.502480055838035	MIXL1	MIXL1
-241	19	25.472251406761664	MIXL1	MIXL1
-240	34	25.47696943199702	MIXL1	MIXL1
-239	24	25.516079948868143	MIXL1	MIXL1
-238	26	25.539590727647752	MIXL1	MIXL1
-237	22	25.566432465670164	MIXL1	MIXL1
-236	19	25.5183710164241	MIXL1	MIXL1
-235	13	25.55068218008209	MIXL1	MIXL1
-234	24	25.49093308662743	MIXL1	MIXL1
-233	22	25.524597598793886	MIXL1	MIXL1
-232	24	25.486994621259388	MIXL1	MIXL1
-231	34	25.496315352373	MIXL1	MIXL1
-230	33	25.41963983156075	MIXL1	MIXL1
-229	35	25.61633020465124	MIXL1	MIXL1
-228	34	25.518272864720636	MIXL1	MIXL1
-227	36	25.582356357616302	MIXL1	MIXL1
-226	37	25.60949088224995	MIXL1	MIXL1
-225	19	25.535128205545032	MIXL1	MIXL1
-224	22	25.533370278236802	MIXL1	MIXL1
-223	32	25.473365049391003	MIXL1	MIXL1
-222	21	25.54420854543215	MIXL1	MIXL1
-221	32	25.657979208710124	MIXL1	MIXL1
-220	27	25.593879872551483	MIXL1	MIXL1
-219	18	25.639560841884908	MIXL1	MIXL1
-218	33	25.575494174145117	MIXL1	MIXL1
-217	30	25.507351130403894	MIXL1	MIXL1
-216	26	25.635591962207073	MIXL1	MIXL1
-215	29	25.67457646872061	MIXL1	MIXL1
-214	22	25.68494107791665	MIXL1	MIXL1
-213	29	25.523194957202886	MIXL1	MIXL1
-212	29	25.42647071811457	MIXL1	MIXL1
-211	24	25.495011787406813	MIXL1	MIXL1
-210	27	25.596791456500476	MIXL1	MIXL1
-209	18	25.509811184088182	MIXL1	MIXL1
-208	20	25.426270639475884	MIXL1	MIXL1
-207	36	25.4218160331006	MIXL1	MIXL1
-206	27	25.457142758801755	MIXL1	MIXL1
-205	31	25.561398940270124	MIXL1	MIXL1
-204	24	25.52801468928331	MIXL1	MIXL1
-203	39	25.49088678123579	MIXL1	MIXL1
-202	22	25.460502973841848	MIXL1	MIXL1
-201	22	25.497447397990786	MIXL1	MIXL1
-200	25	25.491568654237486	MIXL1	MIXL1
-199	31	25.485425783777217	MIXL1	MIXL1
-198	23	25.517710287612736	MIXL1	MIXL1
-197	28	25.489317978418786	MIXL1	MIXL1
-196	27	25.542403067286145	MIXL1	MIXL1
-195	27	25.511802046532146	MIXL1	MIXL1
-194	21	25.494171839674728	MIXL1	MIXL1
-193	24	25.479303096428527	MIXL1	MIXL1
-192	28	25.459808443090324	MIXL1	MIXL1
-191	23	25.560981563932646	MIXL1	MIXL1
-190	28	25.554356849199756	MIXL1	MIXL1
-189	16	25.467516280644517	MIXL1	MIXL1
-188	24	25.38117766550879	MIXL1	MIXL1
-187	21	25.487939998349955	MIXL1	MIXL1
-186	46	25.570116080730457	MIXL1	MIXL1
-185	26	25.63175471732696	MIXL1	MIXL1
-184	27	25.50347786227187	MIXL1	MIXL1
-183	28	25.451011646818596	MIXL1	MIXL1
-182	29	25.50342133457615	MIXL1	MIXL1
-181	27	25.59675989143925	MIXL1	MIXL1
-180	32	25.46806351427026	MIXL1	MIXL1
-179	23	25.439099719717476	MIXL1	MIXL1
-178	33	25.463870838266168	MIXL1	MIXL1
-177	25	25.57154810467209	MIXL1	MIXL1
-176	18	25.594715655478517	MIXL1	MIXL1
-175	24	25.548274095886338	MIXL1	MIXL1
-174	21	25.393910424526688	MIXL1	MIXL1
-173	23	25.389529713679064	MIXL1	MIXL1
-172	21	25.394497878925506	MIXL1	MIXL1
-171	23	25.427150681806836	MIXL1	MIXL1
-170	31	25.507462123513417	MIXL1	MIXL1
-169	25	25.469716854136827	MIXL1	MIXL1
-168	24	25.44901915909337	MIXL1	MIXL1
-167	22	25.368275620729303	MIXL1	MIXL1
-166	28	25.25936488920692	MIXL1	MIXL1
-165	19	25.352702692719635	MIXL1	MIXL1
-164	36	25.477400471091126	MIXL1	MIXL1
-163	24	25.463530804267965	MIXL1	MIXL1
-162	25	25.411616657994628	MIXL1	MIXL1
-161	29	25.537181183002307	MIXL1	MIXL1
-160	23	25.586165974329646	MIXL1	MIXL1
-159	25	25.59513389737249	MIXL1	MIXL1
-158	18	25.5705401363271	MIXL1	MIXL1
-157	37	25.478162906959355	MIXL1	MIXL1
-156	27	25.301480938725543	MIXL1	MIXL1
-155	31	25.442104501109096	MIXL1	MIXL1
-154	22	25.496493640875258	MIXL1	MIXL1
-153	33	25.450208175656723	MIXL1	MIXL1
-152	22	25.390426772713624	MIXL1	MIXL1
-151	27	25.49747263461984	MIXL1	MIXL1
-150	23	25.463656225177516	MIXL1	MIXL1
-149	26	25.38764447397256	MIXL1	MIXL1
-148	32	25.481640867595686	MIXL1	MIXL1
-147	27	25.48238734370042	MIXL1	MIXL1
-146	20	25.540915878477627	MIXL1	MIXL1
-145	29	25.677200767962585	MIXL1	MIXL1
-144	32	25.539702001463084	MIXL1	MIXL1
-143	26	25.45955832106708	MIXL1	MIXL1
-142	23	25.507434715403576	MIXL1	MIXL1
-141	29	25.430124018565323	MIXL1	MIXL1
-140	19	25.378871555322554	MIXL1	MIXL1
-139	24	25.525948744566488	MIXL1	MIXL1
-138	19	25.597886052139327	MIXL1	MIXL1
-137	29	25.536735864610566	MIXL1	MIXL1
-136	29	25.469006636145675	MIXL1	MIXL1
-135	26	25.439714232595637	MIXL1	MIXL1
-134	24	25.45203325458599	MIXL1	MIXL1
-133	31	25.429767812232296	MIXL1	MIXL1
-132	16	25.420340899882955	MIXL1	MIXL1
-131	24	25.550057093848103	MIXL1	MIXL1
-130	25	25.50251936729327	MIXL1	MIXL1
-129	32	25.525396119461103	MIXL1	MIXL1
-128	22	25.586300731535136	MIXL1	MIXL1
-127	20	25.596994981551898	MIXL1	MIXL1
-126	21	25.561409773669055	MIXL1	MIXL1
-125	25	25.5060203491603	MIXL1	MIXL1
-124	27	25.44227196903132	MIXL1	MIXL1
-123	32	25.400688704034327	MIXL1	MIXL1
-122	24	25.453191510077616	MIXL1	MIXL1
-121	25	25.505076905900726	MIXL1	MIXL1
-120	20	25.55594471947923	MIXL1	MIXL1
-119	26	25.56504833219399	MIXL1	MIXL1
-118	26	25.50387969200398	MIXL1	MIXL1
-117	39	25.328295558965863	MIXL1	MIXL1
-116	24	25.444994016281385	MIXL1	MIXL1
-115	21	25.52590901130678	MIXL1	MIXL1
-114	20	25.543153627792705	MIXL1	MIXL1
-113	31	25.595770788685645	MIXL1	MIXL1
-112	34	25.563382850157343	MIXL1	MIXL1
-111	32	25.532110310690527	MIXL1	MIXL1
-110	37	25.3712756479412	MIXL1	MIXL1
-109	27	25.41756887942004	MIXL1	MIXL1
-108	22	25.465200605068684	MIXL1	MIXL1
-107	23	25.55599777728434	MIXL1	MIXL1
-106	21	25.569141355828858	MIXL1	MIXL1
-105	36	25.525553558617137	MIXL1	MIXL1
-104	34	25.47209679451463	MIXL1	MIXL1
-103	24	25.38548202548376	MIXL1	MIXL1
-102	22	25.35864159235942	MIXL1	MIXL1
-101	29	25.353221519824157	MIXL1	MIXL1
-100	25	25.422228260646396	MIXL1	MIXL1
-99	26	25.409416453191714	MIXL1	MIXL1
-98	33	25.42449876474216	MIXL1	MIXL1
-97	30	25.35334709872901	MIXL1	MIXL1
-96	33	25.29874815810511	MIXL1	MIXL1
-95	31	25.359112504021102	MIXL1	MIXL1
-94	34	25.392177415039267	MIXL1	MIXL1
-93	25	25.398279471967275	MIXL1	MIXL1
-92	22	25.49854307997258	MIXL1	MIXL1
-91	33	25.415765264034356	MIXL1	MIXL1
-90	27	25.33921253844407	MIXL1	MIXL1
-89	31	25.320765108984908	MIXL1	MIXL1
-88	18	25.409677560942747	MIXL1	MIXL1
-87	20	25.51643873528992	MIXL1	MIXL1
-86	18	25.501594815342603	MIXL1	MIXL1
-85	26	25.536040597178843	MIXL1	MIXL1
-84	22	25.515049914806134	MIXL1	MIXL1
-83	21	25.61050384002306	MIXL1	MIXL1
-82	28	25.692910328872575	MIXL1	MIXL1
-81	19	25.653242924220564	MIXL1	MIXL1
-80	29	25.590017080643058	MIXL1	MIXL1
-79	20	25.519418556104874	MIXL1	MIXL1
-78	24	25.549390152118484	MIXL1	MIXL1
-77	25	25.482357680273598	MIXL1	MIXL1
-76	27	25.51832637221479	MIXL1	MIXL1
-75	22	25.477727068935703	MIXL1	MIXL1
-74	24	25.529881474806047	MIXL1	MIXL1
-73	26	25.561006589377207	MIXL1	MIXL1
-72	29	25.491165389056622	MIXL1	MIXL1
-71	25	25.52425936917418	MIXL1	MIXL1
-70	30	25.274371196197862	MIXL1	MIXL1
-69	30	25.353347312538318	MIXL1	MIXL1
-68	34	25.423811507579575	MIXL1	MIXL1
-67	27	25.334906225623925	MIXL1	MIXL1
-66	26	25.410022992468736	MIXL1	MIXL1
-65	27	25.46228299883926	MIXL1	MIXL1
-64	22	25.54191943307563	MIXL1	MIXL1
-63	29	25.360880725921053	MIXL1	MIXL1
-62	25	25.3232093011226	MIXL1	MIXL1
-61	21	25.422314433788188	MIXL1	MIXL1
-60	19	25.54580763814227	MIXL1	MIXL1
-59	22	25.40326754404478	MIXL1	MIXL1
-58	18	25.42865888437143	MIXL1	MIXL1
-57	27	25.462936261590322	MIXL1	MIXL1
-56	26	25.35343030376685	MIXL1	MIXL1
-55	20	25.414969381256945	MIXL1	MIXL1
-54	35	25.397432504390817	MIXL1	MIXL1
-53	26	25.42197114426037	MIXL1	MIXL1
-52	20	25.29204256856376	MIXL1	MIXL1
-51	28	25.2956782211941	MIXL1	MIXL1
-50	30	25.310069659463014	MIXL1	MIXL1
-49	26	25.343728071997827	MIXL1	MIXL1
-48	25	25.30496163935301	MIXL1	MIXL1
-47	26	25.36076501727394	MIXL1	MIXL1
-46	20	25.339265528379414	MIXL1	MIXL1
-45	18	25.47051878070337	MIXL1	MIXL1
-44	25	25.566081575906843	MIXL1	MIXL1
-43	14	25.467458516890176	MIXL1	MIXL1
-42	28	25.301291006428443	MIXL1	MIXL1
-41	25	25.354110014822908	MIXL1	MIXL1
-40	22	25.27272393381677	MIXL1	MIXL1
-39	22	25.353026940000124	MIXL1	MIXL1
-38	30	25.32575757345057	MIXL1	MIXL1
-37	29	25.262512576775077	MIXL1	MIXL1
-36	31	25.29562511038081	MIXL1	MIXL1
-35	31	25.41286301434485	MIXL1	MIXL1
-34	29	25.2794221070989	MIXL1	MIXL1
-33	39	25.254317419647112	MIXL1	MIXL1
-32	19	25.284969205801648	MIXL1	MIXL1
-31	20	25.368900641346823	MIXL1	MIXL1
-30	20	25.383017767831234	MIXL1	MIXL1
-29	24	25.3008384011944	MIXL1	MIXL1
-28	24	25.389894568655958	MIXL1	MIXL1
-27	18	25.32450272188387	MIXL1	MIXL1
-26	25	25.30350209680359	MIXL1	MIXL1
-25	24	25.290266501000197	MIXL1	MIXL1
-24	23	25.371456529014928	MIXL1	MIXL1
-23	29	25.454165251470556	MIXL1	MIXL1
-22	25	25.358184664033327	MIXL1	MIXL1
-21	26	25.41695569341923	MIXL1	MIXL1
-20	27	25.488817442749507	MIXL1	MIXL1
-19	25	25.380135327358815	MIXL1	MIXL1
-18	29	25.269878172328873	MIXL1	MIXL1
-17	30	25.297329760543303	MIXL1	MIXL1
-16	18	25.286962427810643	MIXL1	MIXL1
-15	24	25.184249113158277	MIXL1	MIXL1
-14	34	25.191059666096915	MIXL1	MIXL1
-13	22	25.164024478391074	MIXL1	MIXL1
-12	28	25.144128361301025	MIXL1	MIXL1
-11	35	25.28888800360138	MIXL1	MIXL1
-10	21	25.41830156943417	MIXL1	MIXL1
-9	20	25.28013675133517	MIXL1	MIXL1
-8	22	25.234130309524044	MIXL1	MIXL1
-7	22	25.230112165205856	MIXL1	MIXL1
-6	33	25.308190117071632	MIXL1	MIXL1
-5	23	25.095070644585476	MIXL1	MIXL1
-4	30	24.822183841096642	MIXL1	MIXL1
-3	24	25.38601379497689	MIXL1	MIXL1
-2	30	22.967515911164238	MIXL1	MIXL1
-1	24	23.904272871639094	MIXL1	MIXL1
0	21	23.671018846738143	MIXL1	MIXL1
1	26	22.786436334914814	MIXL1	MIXL1
2	24	25.494025115327137	MIXL1	MIXL1
3	23	25.061680058787992	MIXL1	MIXL1
4	20	25.163670677079892	MIXL1	MIXL1
5	19	25.267725575259355	MIXL1	MIXL1
6	19	25.312420081787817	MIXL1	MIXL1
7	14	25.336200463738322	MIXL1	MIXL1
8	30	25.343654912384196	MIXL1	MIXL1
9	18	25.448623370991097	MIXL1	MIXL1
10	28	25.289197733193454	MIXL1	MIXL1
11	27	25.14488945941566	MIXL1	MIXL1
12	27	25.237763154076905	MIXL1	MIXL1
13	20	25.32903534765673	MIXL1	MIXL1
14	26	25.270310787337014	MIXL1	MIXL1
15	28	25.238738693191053	MIXL1	MIXL1
16	20	25.291873313188713	MIXL1	MIXL1
17	17	25.441621871132632	MIXL1	MIXL1
18	20	25.323431031317707	MIXL1	MIXL1
19	35	25.29938458262048	MIXL1	MIXL1
20	30	25.300329256425293	MIXL1	MIXL1
21	29	25.4339581544717	MIXL1	MIXL1
22	24	25.548840314501966	MIXL1	MIXL1
23	24	25.520200706364093	MIXL1	MIXL1
24	29	25.48089718902209	MIXL1	MIXL1
25	29	25.389601480362685	MIXL1	MIXL1
26	33	25.321293301327195	MIXL1	MIXL1
27	23	25.24416969860489	MIXL1	MIXL1
28	31	25.22480597410847	MIXL1	MIXL1
29	30	25.278406553024556	MIXL1	MIXL1
30	26	25.29487472423318	MIXL1	MIXL1
31	36	25.33706524145676	MIXL1	MIXL1
32	22	25.449159492688803	MIXL1	MIXL1
33	15	25.531987652501446	MIXL1	MIXL1
34	22	25.409265280179852	MIXL1	MIXL1
35	26	25.304229238148842	MIXL1	MIXL1
36	28	25.382606689214253	MIXL1	MIXL1
37	26	25.322158013127865	MIXL1	MIXL1
38	27	25.292641618101463	MIXL1	MIXL1
39	26	25.309176742761146	MIXL1	MIXL1
40	33	25.418657489792995	MIXL1	MIXL1
41	20	25.40837071491579	MIXL1	MIXL1
42	21	25.52122685634337	MIXL1	MIXL1
43	25	25.371718202611877	MIXL1	MIXL1
44	21	25.445054166494312	MIXL1	MIXL1
45	34	25.491180317059165	MIXL1	MIXL1
46	17	25.362230455491442	MIXL1	MIXL1
47	35	25.31100411730808	MIXL1	MIXL1
48	21	25.498855290275213	MIXL1	MIXL1
49	20	25.41619455722442	MIXL1	MIXL1
50	24	25.2722139028709	MIXL1	MIXL1
51	22	25.38282915871034	MIXL1	MIXL1
52	22	25.466488224215	MIXL1	MIXL1
53	24	25.287269439513814	MIXL1	MIXL1
54	29	25.45862727305694	MIXL1	MIXL1
55	30	25.468925966461878	MIXL1	MIXL1
56	31	25.42462457397244	MIXL1	MIXL1
57	22	25.437208753891603	MIXL1	MIXL1
58	29	25.27132521981494	MIXL1	MIXL1
59	38	25.397415256703617	MIXL1	MIXL1
60	18	25.316723578224806	MIXL1	MIXL1
61	19	25.333561909003187	MIXL1	MIXL1
62	18	25.32705215961828	MIXL1	MIXL1
63	26	25.44551564042533	MIXL1	MIXL1
64	28	25.434910073068536	MIXL1	MIXL1
65	24	25.50943419205744	MIXL1	MIXL1
66	20	25.434504061826956	MIXL1	MIXL1
67	32	25.43257259642409	MIXL1	MIXL1
68	24	25.42600309192015	MIXL1	MIXL1
69	21	25.380851326940363	MIXL1	MIXL1
70	25	25.40510623974643	MIXL1	MIXL1
71	28	25.410216056021863	MIXL1	MIXL1
72	22	25.402274406149132	MIXL1	MIXL1
73	29	25.45324870436342	MIXL1	MIXL1
74	23	25.432883358634058	MIXL1	MIXL1
75	26	25.368122740377952	MIXL1	MIXL1
76	26	25.420325312073246	MIXL1	MIXL1
77	35	25.52102686885049	MIXL1	MIXL1
78	32	25.654254889215153	MIXL1	MIXL1
79	26	25.57256769446326	MIXL1	MIXL1
80	19	25.518055309163167	MIXL1	MIXL1
81	24	25.54707858904329	MIXL1	MIXL1
82	20	25.52257296665579	MIXL1	MIXL1
83	33	25.586031738499535	MIXL1	MIXL1
84	30	25.58614214751384	MIXL1	MIXL1
85	22	25.556221238633825	MIXL1	MIXL1
86	31	25.46643922080883	MIXL1	MIXL1
87	30	25.380903304086146	MIXL1	MIXL1
88	23	25.48848462036004	MIXL1	MIXL1
89	18	25.503661528645367	MIXL1	MIXL1
90	28	25.401764721121538	MIXL1	MIXL1
91	32	25.523642287299662	MIXL1	MIXL1
92	25	25.51544905928912	MIXL1	MIXL1
93	34	25.512663750185762	MIXL1	MIXL1
94	30	25.463985283052086	MIXL1	MIXL1
95	30	25.512611135637048	MIXL1	MIXL1
96	30	25.500260006725224	MIXL1	MIXL1
97	19	25.541663840015584	MIXL1	MIXL1
98	23	25.47786401270694	MIXL1	MIXL1
99	20	25.432816091664083	MIXL1	MIXL1
100	28	25.43585849280815	MIXL1	MIXL1
101	25	25.276783406925126	MIXL1	MIXL1
102	28	25.45686168153234	MIXL1	MIXL1
103	27	25.577277362599105	MIXL1	MIXL1
104	28	25.60928197545622	MIXL1	MIXL1
105	30	25.60342809888109	MIXL1	MIXL1
106	27	25.638884061725257	MIXL1	MIXL1
107	26	25.596019839470532	MIXL1	MIXL1
108	22	25.58862845160712	MIXL1	MIXL1
109	39	25.396904832375238	MIXL1	MIXL1
110	23	25.435762092046648	MIXL1	MIXL1
111	27	25.542275227254876	MIXL1	MIXL1
112	30	25.654564784438563	MIXL1	MIXL1
113	30	25.554821629221447	MIXL1	MIXL1
114	25	25.51112187215224	MIXL1	MIXL1
115	20	25.477365570532807	MIXL1	MIXL1
116	29	25.568896532033783	MIXL1	MIXL1
117	23	25.539605960598358	MIXL1	MIXL1
118	41	25.526196965531984	MIXL1	MIXL1
119	20	25.473710959962037	MIXL1	MIXL1
120	25	25.334830407916918	MIXL1	MIXL1
121	28	25.499862096926794	MIXL1	MIXL1
122	22	25.571958779064587	MIXL1	MIXL1
123	32	25.494196265940587	MIXL1	MIXL1
124	25	25.46661272987895	MIXL1	MIXL1
125	35	25.469824772041783	MIXL1	MIXL1
126	17	25.397220846805656	MIXL1	MIXL1
127	24	25.413336088242822	MIXL1	MIXL1
128	20	25.374948131066855	MIXL1	MIXL1
129	29	25.457326831915015	MIXL1	MIXL1
130	25	25.458610504953416	MIXL1	MIXL1
131	17	25.400290188678138	MIXL1	MIXL1
132	24	25.40982943138799	MIXL1	MIXL1
133	22	25.508745821875234	MIXL1	MIXL1
134	33	25.48232046797696	MIXL1	MIXL1
135	34	25.558965989242655	MIXL1	MIXL1
136	21	25.506671602584607	MIXL1	MIXL1
137	24	25.266583790448962	MIXL1	MIXL1
138	25	25.351974269261916	MIXL1	MIXL1
139	30	25.399557185195473	MIXL1	MIXL1
140	18	25.39655758798127	MIXL1	MIXL1
141	26	25.472824983208813	MIXL1	MIXL1
142	16	25.46154967686978	MIXL1	MIXL1
143	22	25.44947095037232	MIXL1	MIXL1
144	21	25.495215456757904	MIXL1	MIXL1
145	24	25.46395296925057	MIXL1	MIXL1
146	25	25.45371928741811	MIXL1	MIXL1
147	23	25.31870217155509	MIXL1	MIXL1
148	23	25.38249199165059	MIXL1	MIXL1
149	22	25.384337751688705	MIXL1	MIXL1
150	26	25.473781918911083	MIXL1	MIXL1
151	24	25.461123794025674	MIXL1	MIXL1
152	25	25.46016079040082	MIXL1	MIXL1
153	24	25.432474141947033	MIXL1	MIXL1
154	27	25.450723176123816	MIXL1	MIXL1
155	34	25.499074945288665	MIXL1	MIXL1
156	27	25.43670483962008	MIXL1	MIXL1
157	33	25.490788423166965	MIXL1	MIXL1
158	21	25.474266815925017	MIXL1	MIXL1
159	27	25.47306764117869	MIXL1	MIXL1
160	23	25.431467480525875	MIXL1	MIXL1
161	22	25.439437205059733	MIXL1	MIXL1
162	21	25.466070493953495	MIXL1	MIXL1
163	28	25.385803132823284	MIXL1	MIXL1
164	30	25.38647605847183	MIXL1	MIXL1
165	26	25.44032564409432	MIXL1	MIXL1
166	38	25.398531505830988	MIXL1	MIXL1
167	26	25.375247464132677	MIXL1	MIXL1
168	25	25.447302064550275	MIXL1	MIXL1
169	26	25.48815795203445	MIXL1	MIXL1
170	23	25.45662886625334	MIXL1	MIXL1
171	33	25.46225776149003	MIXL1	MIXL1
172	13	25.360706130049376	MIXL1	MIXL1
173	20	25.5515480172672	MIXL1	MIXL1
174	23	25.610133070735365	MIXL1	MIXL1
175	30	25.584289452425477	MIXL1	MIXL1
176	21	25.567652709982465	MIXL1	MIXL1
177	15	25.540499507295824	MIXL1	MIXL1
178	15	25.58387194490191	MIXL1	MIXL1
179	33	25.55674008266805	MIXL1	MIXL1
180	26	25.69701422815353	MIXL1	MIXL1
181	20	25.581996487516847	MIXL1	MIXL1
182	31	25.554014520964333	MIXL1	MIXL1
183	25	25.433082449932105	MIXL1	MIXL1
184	26	25.443822159250395	MIXL1	MIXL1
185	36	25.578467166310478	MIXL1	MIXL1
186	24	25.529621221757118	MIXL1	MIXL1
187	11	25.60838191737494	MIXL1	MIXL1
188	31	25.493668204499	MIXL1	MIXL1
189	25	25.47505859939838	MIXL1	MIXL1
190	25	25.532394252727645	MIXL1	MIXL1
191	16	25.48151087505587	MIXL1	MIXL1
192	36	25.457402356454285	MIXL1	MIXL1
193	25	25.53431868963286	MIXL1	MIXL1
194	25	25.5904831191067	MIXL1	MIXL1
195	17	25.570904211594367	MIXL1	MIXL1
196	27	25.494273471828194	MIXL1	MIXL1
197	25	25.5857829229653	MIXL1	MIXL1
198	28	25.514943295349685	MIXL1	MIXL1
199	16	25.528021962784642	MIXL1	MIXL1
200	17	25.614330474672613	MIXL1	MIXL1
201	32	25.412119368797548	MIXL1	MIXL1
202	34	25.502653278969245	MIXL1	MIXL1
203	21	25.572101462921086	MIXL1	MIXL1
204	15	25.520332672460235	MIXL1	MIXL1
205	22	25.413963195186618	MIXL1	MIXL1
206	26	25.489499345058316	MIXL1	MIXL1
207	27	25.561492843568477	MIXL1	MIXL1
208	26	25.599408429672554	MIXL1	MIXL1
209	31	25.538946112710942	MIXL1	MIXL1
210	26	25.541045586404408	MIXL1	MIXL1
211	30	25.677379567475054	MIXL1	MIXL1
212	30	25.555220398443073	MIXL1	MIXL1
213	30	25.447556523049318	MIXL1	MIXL1
214	21	25.46496051077051	MIXL1	MIXL1
215	19	25.53693357848943	MIXL1	MIXL1
216	26	25.482649191921205	MIXL1	MIXL1
217	32	25.45071913791815	MIXL1	MIXL1
218	21	25.55132243298168	MIXL1	MIXL1
219	32	25.611904519456484	MIXL1	MIXL1
220	20	25.600350351056605	MIXL1	MIXL1
221	26	25.57952340080411	MIXL1	MIXL1
222	30	25.386841791045306	MIXL1	MIXL1
223	24	25.446107478377478	MIXL1	MIXL1
224	25	25.564909491131555	MIXL1	MIXL1
225	20	25.53153864458981	MIXL1	MIXL1
226	17	25.619923012498635	MIXL1	MIXL1
227	19	25.51417796847572	MIXL1	MIXL1
228	17	25.498689776597594	MIXL1	MIXL1
229	24	25.60674405438053	MIXL1	MIXL1
230	22	25.639522870918437	MIXL1	MIXL1
231	36	25.593608010231677	MIXL1	MIXL1
232	21	25.422723213973732	MIXL1	MIXL1
233	31	25.46528730909446	MIXL1	MIXL1
234	27	25.54695069313777	MIXL1	MIXL1
235	34	25.62141287466735	MIXL1	MIXL1
236	23	25.578171164888193	MIXL1	MIXL1
237	23	25.545833996956034	MIXL1	MIXL1
238	26	25.53316906112806	MIXL1	MIXL1
239	26	25.615677273620843	MIXL1	MIXL1
240	31	25.602366758848905	MIXL1	MIXL1
241	22	25.431009467473256	MIXL1	MIXL1
242	25	25.406782831039976	MIXL1	MIXL1
243	29	25.41477530940716	MIXL1	MIXL1
244	17	25.498645275233024	MIXL1	MIXL1
245	19	25.523386237771152	MIXL1	MIXL1
246	25	25.46550349412259	MIXL1	MIXL1
247	26	25.5605619692625	MIXL1	MIXL1
248	18	25.5638022758304	MIXL1	MIXL1
249	26	25.58101519053595	MIXL1	MIXL1
250	29	25.505570077369	MIXL1	MIXL1
251	14	25.5249547433685	MIXL1	MIXL1
252	23	25.58444166963342	MIXL1	MIXL1
253	30	25.558989676133926	MIXL1	MIXL1
254	29	25.697867013970356	MIXL1	MIXL1
255	29	25.61188155278546	MIXL1	MIXL1
256	24	25.553702516218575	MIXL1	MIXL1
257	28	25.62479745024302	MIXL1	MIXL1
258	27	25.683631917018367	MIXL1	MIXL1
259	30	25.637696652365783	MIXL1	MIXL1
260	27	25.42281776088019	MIXL1	MIXL1
261	25	25.50409129760638	MIXL1	MIXL1
262	25	25.51797447891887	MIXL1	MIXL1
263	39	25.594688637186465	MIXL1	MIXL1
264	23	25.459064640373015	MIXL1	MIXL1
265	20	25.55274983656306	MIXL1	MIXL1
266	30	25.56071429853033	MIXL1	MIXL1
267	26	25.548378921295924	MIXL1	MIXL1
268	28	25.567282303967758	MIXL1	MIXL1
269	18	25.540056361403177	MIXL1	MIXL1
270	30	25.562069334658798	MIXL1	MIXL1
271	23	25.624139183593908	MIXL1	MIXL1
272	20	25.626361444349957	MIXL1	MIXL1
273	30	25.486898852469203	MIXL1	MIXL1
274	23	25.56289476566511	MIXL1	MIXL1
275	28	25.58531495736272	MIXL1	MIXL1
276	27	25.5060818403657	MIXL1	MIXL1
277	27	25.603457218264335	MIXL1	MIXL1
278	30	25.593740348185364	MIXL1	MIXL1
279	29	25.579857719522472	MIXL1	MIXL1
280	22	25.660905938649147	MIXL1	MIXL1
281	38	25.650865987003574	MIXL1	MIXL1
282	30	25.555421864148084	MIXL1	MIXL1
283	33	25.60071597314991	MIXL1	MIXL1
284	21	25.633266484994845	MIXL1	MIXL1
285	28	25.491767167907238	MIXL1	MIXL1
286	28	25.687017125707378	MIXL1	MIXL1
287	27	25.710002079516332	MIXL1	MIXL1
288	37	25.649674250054908	MIXL1	MIXL1
289	18	25.507111536271573	MIXL1	MIXL1
290	29	25.585469809849883	MIXL1	MIXL1
291	25	25.479803823895438	MIXL1	MIXL1
292	30	25.558677106185655	MIXL1	MIXL1
293	37	25.609900222641535	MIXL1	MIXL1
294	24	25.586301461015804	MIXL1	MIXL1
295	34	25.56850773409898	MIXL1	MIXL1
296	20	25.577319972275333	MIXL1	MIXL1
297	31	25.719979311431434	MIXL1	MIXL1
298	23	25.523280075524376	MIXL1	MIXL1
299	26	25.60794273749007	MIXL1	MIXL1
300	21	25.62371197428688	MIXL1	MIXL1
301	23	25.58398401423697	MIXL1	MIXL1
302	23	25.57412164355339	MIXL1	MIXL1
303	28	25.554148788190567	MIXL1	MIXL1
304	24	25.616149689007795	MIXL1	MIXL1
305	19	25.552730647293984	MIXL1	MIXL1
306	25	25.52280130682073	MIXL1	MIXL1
307	31	25.445888209931127	MIXL1	MIXL1
308	37	25.492358311109133	MIXL1	MIXL1
309	28	25.52380549354185	MIXL1	MIXL1
310	27	25.49703133041421	MIXL1	MIXL1
311	17	25.45260050806088	MIXL1	MIXL1
312	22	25.617665700403105	MIXL1	MIXL1
313	27	25.60383493603456	MIXL1	MIXL1
314	28	25.67280201633535	MIXL1	MIXL1
315	27	25.552693801137874	MIXL1	MIXL1
316	15	25.51399424725187	MIXL1	MIXL1
317	20	25.532962142057613	MIXL1	MIXL1
318	33	25.564138952947896	MIXL1	MIXL1
319	21	25.517824857446943	MIXL1	MIXL1
320	25	25.629529855211025	MIXL1	MIXL1
321	24	25.514843949278635	MIXL1	MIXL1
322	21	25.58851490408638	MIXL1	MIXL1
323	17	25.67754074872059	MIXL1	MIXL1
324	26	25.705892797965607	MIXL1	MIXL1
325	20	25.535522672169904	MIXL1	MIXL1
326	30	25.569781817587465	MIXL1	MIXL1
327	23	25.680058860259475	MIXL1	MIXL1
328	26	25.664485398354568	MIXL1	MIXL1
329	20	25.620908254558422	MIXL1	MIXL1
330	28	25.50708195509746	MIXL1	MIXL1
331	21	25.43960017756332	MIXL1	MIXL1
332	41	25.612526201471912	MIXL1	MIXL1
333	26	25.672290778144355	MIXL1	MIXL1
334	30	25.51282372990498	MIXL1	MIXL1
335	26	25.5931068525129	MIXL1	MIXL1
336	24	25.59434375887671	MIXL1	MIXL1
337	37	25.58810331508435	MIXL1	MIXL1
338	32	25.551800733748056	MIXL1	MIXL1
339	22	25.612576582862786	MIXL1	MIXL1
340	24	25.481016402000325	MIXL1	MIXL1
341	24	25.49207438178166	MIXL1	MIXL1
342	25	25.609595852626466	MIXL1	MIXL1
343	17	25.569033675752326	MIXL1	MIXL1
344	26	25.484978072444942	MIXL1	MIXL1
345	26	25.568714587266722	MIXL1	MIXL1
346	37	25.45809580734472	MIXL1	MIXL1
347	22	25.64446822595985	MIXL1	MIXL1
348	26	25.650937065064067	MIXL1	MIXL1
349	35	25.490026983801087	MIXL1	MIXL1
350	23	25.63105370246266	MIXL1	MIXL1
351	25	25.560791509055612	MIXL1	MIXL1
352	30	25.5074461711034	MIXL1	MIXL1
353	21	25.574492848147468	MIXL1	MIXL1
354	29	25.532824635918832	MIXL1	MIXL1
355	23	25.495143758381076	MIXL1	MIXL1
356	22	25.547883755636473	MIXL1	MIXL1
357	30	25.5875630728988	MIXL1	MIXL1
358	21	25.679694709891574	MIXL1	MIXL1
359	26	25.62973435312314	MIXL1	MIXL1
360	21	25.40797587804966	MIXL1	MIXL1
361	22	25.480026239087564	MIXL1	MIXL1
362	29	25.549797229794077	MIXL1	MIXL1
363	22	25.564802505020918	MIXL1	MIXL1
364	27	25.570341239820067	MIXL1	MIXL1
365	28	25.51426667786184	MIXL1	MIXL1
366	32	25.605829777963756	MIXL1	MIXL1
367	28	25.64739905781344	MIXL1	MIXL1
368	36	25.48980096350287	MIXL1	MIXL1
369	29	25.567799273597494	MIXL1	MIXL1
370	22	25.50750626789786	MIXL1	MIXL1
371	19	25.46153443032943	MIXL1	MIXL1
372	22	25.512058106137633	MIXL1	MIXL1
373	22	25.598733237569377	MIXL1	MIXL1
374	24	25.584819516438543	MIXL1	MIXL1
375	24	25.676794930683037	MIXL1	MIXL1
376	25	25.660274639443493	MIXL1	MIXL1
377	39	25.553084894249142	MIXL1	MIXL1
378	33	25.576529038383743	MIXL1	MIXL1
379	25	25.62418800756989	MIXL1	MIXL1
380	25	25.53040315326211	MIXL1	MIXL1
381	23	25.57124180922495	MIXL1	MIXL1
382	19	25.68681406968681	MIXL1	MIXL1
383	32	25.685532179280205	MIXL1	MIXL1
384	37	25.585376690275545	MIXL1	MIXL1
385	17	25.49241645904415	MIXL1	MIXL1
386	21	25.70154238197693	MIXL1	MIXL1
387	30	25.665328120002215	MIXL1	MIXL1
388	21	25.635961949206045	MIXL1	MIXL1
389	27	25.556312785933635	MIXL1	MIXL1
390	31	25.53867427271995	MIXL1	MIXL1
391	29	25.537048740181906	MIXL1	MIXL1
392	23	25.44696057067926	MIXL1	MIXL1
393	26	25.479746540269588	MIXL1	MIXL1
394	22	25.54873368881598	MIXL1	MIXL1
395	25	25.552628588021022	MIXL1	MIXL1
396	19	25.529813425934215	MIXL1	MIXL1
397	35	25.565200244541696	MIXL1	MIXL1
398	23	25.555467465029945	MIXL1	MIXL1
399	20	25.58226869666438	MIXL1	MIXL1
400	27	25.69872259841779	MIXL1	MIXL1
401	25	25.592318140224705	MIXL1	MIXL1
402	21	25.558061525859596	MIXL1	MIXL1
403	22	25.586582131666667	MIXL1	MIXL1
404	25	25.675043045168124	MIXL1	MIXL1
405	25	25.5782106499499	MIXL1	MIXL1
406	26	25.525859134367995	MIXL1	MIXL1
407	23	25.47562588074848	MIXL1	MIXL1
408	25	25.62425160023449	MIXL1	MIXL1
409	26	25.599627634108497	MIXL1	MIXL1
410	29	25.544598680394284	MIXL1	MIXL1
411	23	25.607448999962465	MIXL1	MIXL1
412	30	25.55903231267912	MIXL1	MIXL1
413	25	25.612714274643817	MIXL1	MIXL1
414	21	25.586073084189707	MIXL1	MIXL1
415	27	25.4964466722633	MIXL1	MIXL1
416	22	25.478359357317334	MIXL1	MIXL1
417	20	25.5102143905563	MIXL1	MIXL1
418	28	25.552787453357773	MIXL1	MIXL1
419	28	25.659433596793182	MIXL1	MIXL1
420	27	25.550739968797778	MIXL1	MIXL1
421	23	25.468796905584945	MIXL1	MIXL1
422	28	25.434161874619402	MIXL1	MIXL1
423	25	25.551053512980072	MIXL1	MIXL1
424	34	25.622839792504838	MIXL1	MIXL1
425	38	25.66967033253997	MIXL1	MIXL1
426	32	25.55725073651151	MIXL1	MIXL1
427	31	25.548451852498662	MIXL1	MIXL1
428	21	25.62106141651566	MIXL1	MIXL1
429	32	25.662789306653277	MIXL1	MIXL1
430	22	25.64749279674927	MIXL1	MIXL1
431	29	25.63784876032806	MIXL1	MIXL1
432	19	25.589877607216064	MIXL1	MIXL1
433	19	25.620804250069543	MIXL1	MIXL1
434	25	25.577895644182945	MIXL1	MIXL1
435	24	25.516874882909327	MIXL1	MIXL1
436	30	25.590200021638115	MIXL1	MIXL1
437	27	25.606609914720586	MIXL1	MIXL1
438	26	25.585755367609604	MIXL1	MIXL1
439	25	25.591250259345454	MIXL1	MIXL1
440	31	25.43509633610169	MIXL1	MIXL1
441	28	25.474397965153372	MIXL1	MIXL1
442	31	25.422225280250018	MIXL1	MIXL1
443	21	25.521785357403743	MIXL1	MIXL1
444	33	25.580855564203546	MIXL1	MIXL1
445	26	25.559975884739913	MIXL1	MIXL1
446	26	25.610632374039255	MIXL1	MIXL1
447	29	25.66522682744261	MIXL1	MIXL1
448	26	25.58061040225276	MIXL1	MIXL1
449	24	25.55556977610737	MIXL1	MIXL1
450	21	25.476113373475677	MIXL1	MIXL1
451	20	25.46962713670482	MIXL1	MIXL1
452	26	25.449300558596722	MIXL1	MIXL1
453	29	25.502492779559166	MIXL1	MIXL1
454	23	25.60542818591427	MIXL1	MIXL1
455	20	25.46916520997052	MIXL1	MIXL1
456	27	25.499041135251023	MIXL1	MIXL1
457	28	25.502649705700456	MIXL1	MIXL1
458	22	25.539096797786225	MIXL1	MIXL1
459	25	25.429121000528674	MIXL1	MIXL1
460	24	25.43683261422711	MIXL1	MIXL1
461	18	25.54917295078124	MIXL1	MIXL1
462	25	25.543778323802222	MIXL1	MIXL1
463	25	25.545626379764755	MIXL1	MIXL1
464	26	25.51959111075011	MIXL1	MIXL1
465	34	25.552506442365495	MIXL1	MIXL1
466	24	25.623796220596063	MIXL1	MIXL1
467	32	25.52075036659603	MIXL1	MIXL1
468	24	25.40260654559243	MIXL1	MIXL1
469	18	25.62088611557839	MIXL1	MIXL1
470	24	25.59197593955043	MIXL1	MIXL1
471	19	25.579440305338498	MIXL1	MIXL1
472	24	25.49283147149544	MIXL1	MIXL1
473	24	25.51659103472238	MIXL1	MIXL1
474	30	25.557145327155744	MIXL1	MIXL1
475	33	25.530691463967106	MIXL1	MIXL1
476	26	25.613401170457028	MIXL1	MIXL1
477	17	25.524952997739806	MIXL1	MIXL1
478	34	25.538139671329233	MIXL1	MIXL1
479	27	25.6476068478351	MIXL1	MIXL1
480	19	25.568381757308636	MIXL1	MIXL1
481	31	25.567645273141206	MIXL1	MIXL1
482	23	25.595836039708125	MIXL1	MIXL1
483	23	25.710387854422535	MIXL1	MIXL1
484	33	25.696448899204828	MIXL1	MIXL1
485	27	25.80178129190154	MIXL1	MIXL1
486	22	25.74659203878616	MIXL1	MIXL1
487	24	25.62622061413135	MIXL1	MIXL1
488	24	25.618997631423422	MIXL1	MIXL1
489	26	25.61647610402767	MIXL1	MIXL1
490	26	25.66679278925108	MIXL1	MIXL1
491	28	25.587614489005936	MIXL1	MIXL1
492	20	25.619668742413214	MIXL1	MIXL1
493	35	25.754899058212008	MIXL1	MIXL1
494	21	25.608797247796254	MIXL1	MIXL1
495	20	25.527788954349283	MIXL1	MIXL1
496	29	25.468357728813682	MIXL1	MIXL1
497	26	25.483202543787385	MIXL1	MIXL1
498	36	25.556768423286016	MIXL1	MIXL1
499	28	25.532802166237897	MIXL1	MIXL1
500	29	25.62597299484925	MIXL1	MIXL1
501	30	25.53121193321575	MIXL1	MIXL1
502	17	25.449517615924194	MIXL1	MIXL1
503	31	25.48753682980175	MIXL1	MIXL1
504	25	25.462739135246434	MIXL1	MIXL1
505	30	25.524375235987105	MIXL1	MIXL1
506	31	25.568156709222723	MIXL1	MIXL1
507	25	25.602464204744116	MIXL1	MIXL1
508	25	25.537835411217703	MIXL1	MIXL1
509	18	25.62022369616078	MIXL1	MIXL1
510	21	25.56742102307146	MIXL1	MIXL1
511	25	25.522917875898514	MIXL1	MIXL1
512	28	25.63285934814669	MIXL1	MIXL1
513	27	25.679274312168122	MIXL1	MIXL1
514	37	25.629660242393133	MIXL1	MIXL1
515	11	25.66500726133993	MIXL1	MIXL1
516	29	25.732203741421472	MIXL1	MIXL1
517	26	25.760273155554042	MIXL1	MIXL1
518	20	25.64497304661983	MIXL1	MIXL1
519	23	25.711702421592797	MIXL1	MIXL1
520	32	25.504651213506314	MIXL1	MIXL1
521	22	25.52402181683673	MIXL1	MIXL1
522	27	25.642215092339452	MIXL1	MIXL1
523	29	25.524714415200968	MIXL1	MIXL1
524	24	25.577038417459796	MIXL1	MIXL1
525	21	25.68455513409029	MIXL1	MIXL1
526	30	25.648261425065183	MIXL1	MIXL1
527	25	25.609111272571045	MIXL1	MIXL1
528	28	25.671834347995965	MIXL1	MIXL1
529	32	25.679845819813345	MIXL1	MIXL1
530	32	25.637735014060876	MIXL1	MIXL1
531	23	25.47343422900055	MIXL1	MIXL1
532	22	25.486969172951863	MIXL1	MIXL1
533	23	25.624297632185623	MIXL1	MIXL1
534	23	25.600834014306866	MIXL1	MIXL1
535	27	25.523449465294288	MIXL1	MIXL1
536	37	25.479584318959933	MIXL1	MIXL1
537	21	25.63464926497073	MIXL1	MIXL1
538	27	25.600215801545467	MIXL1	MIXL1
539	25	25.622012842069456	MIXL1	MIXL1
540	23	25.660717412451	MIXL1	MIXL1
541	24	25.54060942373987	MIXL1	MIXL1
542	24	25.561592900477258	MIXL1	MIXL1
543	17	25.637142572861702	MIXL1	MIXL1
544	29	25.672083939529262	MIXL1	MIXL1
545	23	25.60743649730843	MIXL1	MIXL1
546	30	25.36957188126478	MIXL1	MIXL1
547	29	25.5906270419004	MIXL1	MIXL1
548	22	25.67483914102244	MIXL1	MIXL1
549	31	25.684066777985226	MIXL1	MIXL1
550	33	25.582698618907397	MIXL1	MIXL1
551	30	25.64788920130319	MIXL1	MIXL1
552	26	25.73158140967059	MIXL1	MIXL1
553	20	25.66546959371406	MIXL1	MIXL1
554	31	25.622321264938524	MIXL1	MIXL1
555	32	25.54772955968088	MIXL1	MIXL1
556	35	25.44458699226542	MIXL1	MIXL1
557	27	25.493298008670827	MIXL1	MIXL1
558	29	25.549233831395114	MIXL1	MIXL1
559	36	25.642218411784924	MIXL1	MIXL1
560	21	25.642139634022687	MIXL1	MIXL1
561	18	25.63503296691129	MIXL1	MIXL1
562	29	25.686261873843502	MIXL1	MIXL1
563	26	25.743882217839158	MIXL1	MIXL1
564	24	25.64242573847646	MIXL1	MIXL1
565	25	25.807671360229854	MIXL1	MIXL1
566	28	25.84945916350946	MIXL1	MIXL1
567	27	25.717406022432673	MIXL1	MIXL1
568	23	25.69175585877969	MIXL1	MIXL1
569	25	25.52760894921257	MIXL1	MIXL1
570	16	25.680327741342396	MIXL1	MIXL1
571	24	25.715949762998168	MIXL1	MIXL1
572	25	25.61877653265075	MIXL1	MIXL1
573	33	25.606446601300146	MIXL1	MIXL1
574	25	25.83919770499328	MIXL1	MIXL1
575	27	25.679557738862044	MIXL1	MIXL1
576	31	25.70874911861701	MIXL1	MIXL1
577	22	25.55218716697319	MIXL1	MIXL1
578	19	25.481634408577822	MIXL1	MIXL1
579	24	25.55682101736556	MIXL1	MIXL1
580	31	25.50778628681642	MIXL1	MIXL1
581	23	25.53461818728236	MIXL1	MIXL1
582	26	25.56080385794051	MIXL1	MIXL1
583	16	25.48254166739216	MIXL1	MIXL1
584	29	25.415263418325075	MIXL1	MIXL1
585	27	25.481574710002878	MIXL1	MIXL1
586	24	25.610670538995972	MIXL1	MIXL1
587	27	25.533455013864828	MIXL1	MIXL1
588	14	25.70949727696915	MIXL1	MIXL1
589	20	25.599108949623304	MIXL1	MIXL1
590	28	25.722508530828414	MIXL1	MIXL1
591	21	25.75563218857279	MIXL1	MIXL1
592	17	25.47457304322887	MIXL1	MIXL1
593	26	25.571324021672886	MIXL1	MIXL1
594	14	25.643429842191114	MIXL1	MIXL1
595	25	25.565795685996697	MIXL1	MIXL1
596	30	25.654491034944602	MIXL1	MIXL1
597	23	25.638271202573314	MIXL1	MIXL1
598	18	25.52639131863249	MIXL1	MIXL1
599	34	25.49933801949067	MIXL1	MIXL1
600	24	25.609569462088437	MIXL1	MIXL1
601	21	25.551504906994378	MIXL1	MIXL1
602	20	25.63961135833928	MIXL1	MIXL1
603	27	25.594910778256132	MIXL1	MIXL1
604	24	25.638087457068607	MIXL1	MIXL1
605	29	25.58896242814737	MIXL1	MIXL1
606	33	25.57284133303657	MIXL1	MIXL1
607	29	25.589542778875963	MIXL1	MIXL1
608	33	25.497543978376235	MIXL1	MIXL1
609	31	25.58507200604991	MIXL1	MIXL1
610	25	25.58580929509787	MIXL1	MIXL1
611	27	25.607851902346855	MIXL1	MIXL1
612	27	25.61014091892009	MIXL1	MIXL1
613	23	25.63274776711473	MIXL1	MIXL1
614	20	25.540900875281864	MIXL1	MIXL1
615	27	25.55201082680463	MIXL1	MIXL1
616	24	25.553642264683784	MIXL1	MIXL1
617	14	25.683096147746973	MIXL1	MIXL1
618	31	25.61874220278984	MIXL1	MIXL1
619	25	25.55683899333797	MIXL1	MIXL1
620	26	25.593606882986684	MIXL1	MIXL1
621	30	25.588300502951807	MIXL1	MIXL1
622	28	25.56262843127166	MIXL1	MIXL1
623	28	25.47851138280131	MIXL1	MIXL1
624	28	25.451371074748806	MIXL1	MIXL1
625	27	25.61465619704528	MIXL1	MIXL1
626	27	25.649838220320163	MIXL1	MIXL1
627	16	25.41533641414976	MIXL1	MIXL1
628	21	25.580257283719124	MIXL1	MIXL1
629	24	25.600027612201103	MIXL1	MIXL1
630	22	25.67577092969612	MIXL1	MIXL1
631	23	25.61640956530816	MIXL1	MIXL1
632	30	25.62091686815457	MIXL1	MIXL1
633	35	25.695721407651597	MIXL1	MIXL1
634	20	25.570654173845245	MIXL1	MIXL1
635	21	25.622717229189263	MIXL1	MIXL1
636	24	25.71546163699034	MIXL1	MIXL1
637	32	25.75139008829431	MIXL1	MIXL1
638	15	25.595404091431323	MIXL1	MIXL1
639	21	25.530075722857834	MIXL1	MIXL1
640	22	25.60305428842187	MIXL1	MIXL1
641	28	25.65377395145028	MIXL1	MIXL1
642	28	25.633139895162007	MIXL1	MIXL1
643	26	25.58456040620548	MIXL1	MIXL1
644	27	25.562725947317606	MIXL1	MIXL1
645	35	25.549752742519175	MIXL1	MIXL1
646	27	25.57783910556747	MIXL1	MIXL1
647	26	25.529645088647424	MIXL1	MIXL1
648	18	25.6310901247853	MIXL1	MIXL1
649	27	25.55976574365999	MIXL1	MIXL1
650	31	25.57123794590118	MIXL1	MIXL1
651	28	25.598632236921894	MIXL1	MIXL1
652	24	25.630766623738086	MIXL1	MIXL1
653	21	25.53340666385961	MIXL1	MIXL1
654	20	25.47416871040402	MIXL1	MIXL1
655	40	25.623009216736815	MIXL1	MIXL1
656	37	25.61552705368936	MIXL1	MIXL1
657	15	25.570582055330423	MIXL1	MIXL1
658	31	25.437242134785414	MIXL1	MIXL1
659	30	25.52975079102674	MIXL1	MIXL1
660	34	25.6169588994686	MIXL1	MIXL1
661	34	25.538736093783037	MIXL1	MIXL1
662	21	25.487402255446987	MIXL1	MIXL1
663	30	25.60362324903034	MIXL1	MIXL1
664	29	25.62866354187089	MIXL1	MIXL1
665	26	25.570545256509465	MIXL1	MIXL1
666	23	25.57087829580597	MIXL1	MIXL1
667	18	25.621743320705175	MIXL1	MIXL1
668	30	25.623101066952753	MIXL1	MIXL1
669	25	25.739893822355928	MIXL1	MIXL1
670	20	25.59715214885041	MIXL1	MIXL1
671	23	25.518902564416837	MIXL1	MIXL1
672	22	25.601979075598578	MIXL1	MIXL1
673	20	25.648301047392394	MIXL1	MIXL1
674	27	25.611842787394423	MIXL1	MIXL1
675	31	25.566280476934903	MIXL1	MIXL1
676	13	25.502244903932347	MIXL1	MIXL1
677	26	25.69228508555717	MIXL1	MIXL1
678	41	25.576054099351015	MIXL1	MIXL1
679	26	25.672045646266728	MIXL1	MIXL1
680	32	25.708564758030928	MIXL1	MIXL1
681	22	25.690538645839137	MIXL1	MIXL1
682	33	25.61046061179422	MIXL1	MIXL1
683	24	25.546036607800257	MIXL1	MIXL1
684	28	25.625386538107215	MIXL1	MIXL1
685	21	25.707270625899277	MIXL1	MIXL1
686	27	25.628919401642513	MIXL1	MIXL1
687	25	25.619267921170056	MIXL1	MIXL1
688	22	25.57383336930756	MIXL1	MIXL1
689	20	25.636690324702055	MIXL1	MIXL1
690	34	25.63622308504008	MIXL1	MIXL1
691	16	25.569437367978903	MIXL1	MIXL1
692	32	25.467578563332193	MIXL1	MIXL1
693	23	25.589557142660958	MIXL1	MIXL1
694	27	25.576519856202353	MIXL1	MIXL1
695	24	25.652853449067706	MIXL1	MIXL1
696	18	25.52385423913189	MIXL1	MIXL1
697	23	25.479891767450876	MIXL1	MIXL1
698	30	25.564988769948357	MIXL1	MIXL1
699	25	25.642796209919595	MIXL1	MIXL1
700	23	25.583227064002642	MIXL1	MIXL1
701	34	25.58865218087032	MIXL1	MIXL1
702	25	25.651100144554356	MIXL1	MIXL1
703	26	25.64410221172725	MIXL1	MIXL1
704	25	25.57195357502398	MIXL1	MIXL1
705	29	25.574639095634016	MIXL1	MIXL1
706	23	25.671365009238926	MIXL1	MIXL1
707	28	25.77220801364141	MIXL1	MIXL1
708	38	25.854641556234526	MIXL1	MIXL1
709	20	25.791510199405465	MIXL1	MIXL1
710	22	25.735169862842437	MIXL1	MIXL1
711	21	25.706139114046312	MIXL1	MIXL1
712	45	25.652509006731584	MIXL1	MIXL1
713	22	25.726094007299547	MIXL1	MIXL1
714	27	25.613421457612855	MIXL1	MIXL1
715	35	25.64461265338016	MIXL1	MIXL1
716	25	25.600476404645153	MIXL1	MIXL1
717	24	25.58478856731625	MIXL1	MIXL1
718	26	25.678394687414126	MIXL1	MIXL1
719	19	25.570460530676527	MIXL1	MIXL1
720	30	25.55576386708757	MIXL1	MIXL1
721	27	25.62106834226313	MIXL1	MIXL1
722	24	25.62986935580637	MIXL1	MIXL1
723	26	25.502764191436846	MIXL1	MIXL1
724	37	25.633757890036517	MIXL1	MIXL1
725	20	25.63102599279875	MIXL1	MIXL1
726	28	25.673007068733337	MIXL1	MIXL1
727	24	25.802506386459644	MIXL1	MIXL1
728	28	25.71488792439357	MIXL1	MIXL1
729	35	25.647112985373838	MIXL1	MIXL1
730	20	25.704277262924364	MIXL1	MIXL1
731	24	25.553099295321722	MIXL1	MIXL1
732	25	25.45186726648688	MIXL1	MIXL1
733	29	25.60745786207046	MIXL1	MIXL1
734	18	25.550786089476357	MIXL1	MIXL1
735	33	25.56641213669243	MIXL1	MIXL1
736	24	25.61104961541093	MIXL1	MIXL1
737	22	25.568895360485186	MIXL1	MIXL1
738	31	25.589397824044326	MIXL1	MIXL1
739	29	25.631582396742928	MIXL1	MIXL1
740	26	25.672419885942162	MIXL1	MIXL1
741	24	25.591143756511308	MIXL1	MIXL1
742	31	25.637169955817736	MIXL1	MIXL1
743	22	25.556605596901864	MIXL1	MIXL1
744	28	25.58390399549984	MIXL1	MIXL1
745	29	25.610113512515827	MIXL1	MIXL1
746	25	25.60248029945593	MIXL1	MIXL1
747	21	25.65067467350432	MIXL1	MIXL1
748	24	25.606435241587626	MIXL1	MIXL1
749	34	25.653476254711368	MIXL1	MIXL1
750	31	25.70178887388248	MIXL1	MIXL1
751	20	25.655633969500443	MIXL1	MIXL1
752	31	25.636472363746925	MIXL1	MIXL1
753	21	25.623170728586636	MIXL1	MIXL1
754	28	25.55398053848808	MIXL1	MIXL1
755	23	25.587709985091415	MIXL1	MIXL1
756	24	25.651754196366966	MIXL1	MIXL1
757	22	25.69892161891385	MIXL1	MIXL1
758	23	25.742670862354945	MIXL1	MIXL1
759	37	25.732063761495887	MIXL1	MIXL1
760	27	25.56391986168825	MIXL1	MIXL1
761	18	25.475436351124266	MIXL1	MIXL1
762	25	25.565840134695915	MIXL1	MIXL1
763	27	25.670408584747754	MIXL1	MIXL1
764	21	25.634564383837827	MIXL1	MIXL1
765	24	25.55761402224703	MIXL1	MIXL1
766	25	25.588932693557865	MIXL1	MIXL1
767	28	25.63855380692837	MIXL1	MIXL1
768	21	25.62366384274486	MIXL1	MIXL1
769	24	25.59764204100183	MIXL1	MIXL1
770	38	25.667445068321793	MIXL1	MIXL1
771	33	25.63881161921879	MIXL1	MIXL1
772	25	25.663126039835834	MIXL1	MIXL1
773	30	25.744634043182735	MIXL1	MIXL1
774	29	25.52290172272093	MIXL1	MIXL1
775	28	25.544144183985946	MIXL1	MIXL1
776	21	25.591898457552784	MIXL1	MIXL1
777	30	25.628363897198927	MIXL1	MIXL1
778	25	25.636292750799722	MIXL1	MIXL1
779	33	25.510505992740132	MIXL1	MIXL1
780	32	25.597439159616997	MIXL1	MIXL1
781	21	25.78923693134316	MIXL1	MIXL1
782	18	25.642511813944104	MIXL1	MIXL1
783	28	25.538321351297895	MIXL1	MIXL1
784	31	25.4895673865607	MIXL1	MIXL1
785	25	25.505399389395915	MIXL1	MIXL1
786	22	25.64091965975367	MIXL1	MIXL1
787	29	25.680333214094887	MIXL1	MIXL1
788	28	25.571327956763014	MIXL1	MIXL1
789	27	25.710307491983198	MIXL1	MIXL1
790	19	25.764836939477114	MIXL1	MIXL1
791	21	25.632475151918335	MIXL1	MIXL1
792	24	25.57199978591295	MIXL1	MIXL1
793	27	25.631761787174483	MIXL1	MIXL1
794	26	25.629464945496725	MIXL1	MIXL1
795	29	25.653013902855008	MIXL1	MIXL1
796	26	25.5915247159614	MIXL1	MIXL1
797	21	25.54737610525631	MIXL1	MIXL1
798	32	25.674941192876307	MIXL1	MIXL1
799	28	25.705997877164986	MIXL1	MIXL1
800	28	25.599525208165637	MIXL1	MIXL1
801	22	25.544366238620817	MIXL1	MIXL1
802	23	25.430249032666357	MIXL1	MIXL1
803	20	25.603369603501047	MIXL1	MIXL1
804	20	25.66910563231649	MIXL1	MIXL1
805	22	25.553190608062184	MIXL1	MIXL1
806	28	25.65112822615448	MIXL1	MIXL1
807	30	25.552661938477705	MIXL1	MIXL1
808	20	25.448275917606363	MIXL1	MIXL1
809	26	25.56666871389733	MIXL1	MIXL1
810	30	25.526486343333897	MIXL1	MIXL1
811	19	25.50732459457837	MIXL1	MIXL1
812	19	25.584301845329772	MIXL1	MIXL1
813	29	25.654101334191896	MIXL1	MIXL1
814	27	25.603897235786114	MIXL1	MIXL1
815	28	25.64585876619276	MIXL1	MIXL1
816	22	25.603974882309036	MIXL1	MIXL1
817	20	25.505711421939854	MIXL1	MIXL1
818	17	25.48503492408206	MIXL1	MIXL1
819	17	25.596603106545107	MIXL1	MIXL1
820	20	25.640319309758418	MIXL1	MIXL1
821	27	25.74073437434334	MIXL1	MIXL1
822	23	25.73968476728493	MIXL1	MIXL1
823	29	25.62807541938034	MIXL1	MIXL1
824	33	25.64406567403278	MIXL1	MIXL1
825	30	25.548813078546118	MIXL1	MIXL1
826	22	25.60947239805929	MIXL1	MIXL1
827	13	25.711407482047765	MIXL1	MIXL1
828	25	25.62892722590083	MIXL1	MIXL1
829	23	25.50983039015877	MIXL1	MIXL1
830	36	25.541656730077115	MIXL1	MIXL1
831	24	25.46054828222849	MIXL1	MIXL1
832	21	25.524900573614	MIXL1	MIXL1
833	27	25.661675391129112	MIXL1	MIXL1
834	22	25.54687902373031	MIXL1	MIXL1
835	19	25.574592964062663	MIXL1	MIXL1
836	28	25.572027309238255	MIXL1	MIXL1
837	19	25.490367562338946	MIXL1	MIXL1
838	29	25.493311506631443	MIXL1	MIXL1
839	26	25.63056403157201	MIXL1	MIXL1
840	22	25.66729434042536	MIXL1	MIXL1
841	16	25.597689826026002	MIXL1	MIXL1
842	17	25.565547639651324	MIXL1	MIXL1
843	28	25.65798043759764	MIXL1	MIXL1
844	27	25.621104384148992	MIXL1	MIXL1
845	25	25.576888226429073	MIXL1	MIXL1
846	19	25.648006617273317	MIXL1	MIXL1
847	17	25.644324705136338	MIXL1	MIXL1
848	26	25.568101549329782	MIXL1	MIXL1
849	25	25.521455310967767	MIXL1	MIXL1
850	30	25.595953434793014	MIXL1	MIXL1
851	23	25.68770538198104	MIXL1	MIXL1
852	24	25.627818996392566	MIXL1	MIXL1
853	26	25.65436520508394	MIXL1	MIXL1
854	29	25.755151493183902	MIXL1	MIXL1
855	18	25.701507951969198	MIXL1	MIXL1
856	28	25.611970553414896	MIXL1	MIXL1
857	29	25.63163800940926	MIXL1	MIXL1
858	23	25.579328885907824	MIXL1	MIXL1
859	24	25.662520304155656	MIXL1	MIXL1
860	17	25.626784922283587	MIXL1	MIXL1
861	22	25.592675973865752	MIXL1	MIXL1
862	33	25.58945550812905	MIXL1	MIXL1
863	30	25.567119100680596	MIXL1	MIXL1
864	28	25.667324048999546	MIXL1	MIXL1
865	29	25.655264070671027	MIXL1	MIXL1
866	28	25.579597709988892	MIXL1	MIXL1
867	32	25.588529203429324	MIXL1	MIXL1
868	16	25.51235781773378	MIXL1	MIXL1
869	34	25.633953794962544	MIXL1	MIXL1
870	17	25.69821104421387	MIXL1	MIXL1
871	33	25.759930639688967	MIXL1	MIXL1
872	29	25.669253243464077	MIXL1	MIXL1
873	27	25.525840901116997	MIXL1	MIXL1
874	20	25.448666204652046	MIXL1	MIXL1
875	23	25.56479993766741	MIXL1	MIXL1
876	15	25.582500100505037	MIXL1	MIXL1
877	25	25.667747424662252	MIXL1	MIXL1
878	26	25.64900914233774	MIXL1	MIXL1
879	33	25.66192786674004	MIXL1	MIXL1
880	38	25.65353663952196	MIXL1	MIXL1
881	24	25.659901777474158	MIXL1	MIXL1
882	32	25.706208770235563	MIXL1	MIXL1
883	28	25.64569210655196	MIXL1	MIXL1
884	17	25.589189813228423	MIXL1	MIXL1
885	26	25.577507042903708	MIXL1	MIXL1
886	33	25.583836774316513	MIXL1	MIXL1
887	30	25.5948963391386	MIXL1	MIXL1
888	26	25.505581452656024	MIXL1	MIXL1
889	25	25.60641345469325	MIXL1	MIXL1
890	23	25.67977423336866	MIXL1	MIXL1
891	29	25.678803217818125	MIXL1	MIXL1
892	28	25.636889739824312	MIXL1	MIXL1
893	21	25.49192252960257	MIXL1	MIXL1
894	21	25.593353834422153	MIXL1	MIXL1
895	26	25.629886177877104	MIXL1	MIXL1
896	27	25.64512371828747	MIXL1	MIXL1
897	23	25.566473955143532	MIXL1	MIXL1
898	24	25.512431321842843	MIXL1	MIXL1
899	17	25.61538961551863	MIXL1	MIXL1
900	26	25.670332081835856	MIXL1	MIXL1
901	18	25.61676788900419	MIXL1	MIXL1
902	28	25.60297565037133	MIXL1	MIXL1
903	31	25.63401403126045	MIXL1	MIXL1
904	33	25.583380923691557	MIXL1	MIXL1
905	23	25.603319252461304	MIXL1	MIXL1
906	25	25.53405842402646	MIXL1	MIXL1
907	20	25.614650147270925	MIXL1	MIXL1
908	32	25.743597239737944	MIXL1	MIXL1
909	30	25.598475652854685	MIXL1	MIXL1
910	25	25.68325345881495	MIXL1	MIXL1
911	28	25.68985996776729	MIXL1	MIXL1
912	19	25.685891572050405	MIXL1	MIXL1
913	31	25.536242028135387	MIXL1	MIXL1
914	20	25.59593622948105	MIXL1	MIXL1
915	27	25.61579407982774	MIXL1	MIXL1
916	35	25.573479764246102	MIXL1	MIXL1
917	27	25.62320356527566	MIXL1	MIXL1
918	28	25.551752503791814	MIXL1	MIXL1
919	31	25.552820634968832	MIXL1	MIXL1
920	22	25.588403834316924	MIXL1	MIXL1
921	24	25.69403654922034	MIXL1	MIXL1
922	25	25.65606023169897	MIXL1	MIXL1
923	20	25.56203446477494	MIXL1	MIXL1
924	27	25.64422928842355	MIXL1	MIXL1
925	25	25.68216192370921	MIXL1	MIXL1
926	20	25.61040357535644	MIXL1	MIXL1
927	27	25.640721334687175	MIXL1	MIXL1
928	33	25.72551800803227	MIXL1	MIXL1
929	23	25.518002297083182	MIXL1	MIXL1
930	35	25.541205563869163	MIXL1	MIXL1
931	23	25.566011027227884	MIXL1	MIXL1
932	25	25.539746906395944	MIXL1	MIXL1
933	25	25.565726951063443	MIXL1	MIXL1
934	24	25.62477662397308	MIXL1	MIXL1
935	23	25.60287277185937	MIXL1	MIXL1
936	22	25.597868666947438	MIXL1	MIXL1
937	20	25.549124621805166	MIXL1	MIXL1
938	13	25.601545867186534	MIXL1	MIXL1
939	20	25.619746637311454	MIXL1	MIXL1
940	27	25.506465319386454	MIXL1	MIXL1
941	26	25.49626269862013	MIXL1	MIXL1
942	26	25.47383611801234	MIXL1	MIXL1
943	33	25.601332312132627	MIXL1	MIXL1
944	20	25.667670168147826	MIXL1	MIXL1
945	26	25.554340619247768	MIXL1	MIXL1
946	23	25.477209646384384	MIXL1	MIXL1
947	29	25.536012839323313	MIXL1	MIXL1
948	28	25.566047035885354	MIXL1	MIXL1
949	25	25.636268516246624	MIXL1	MIXL1
950	18	25.696284440531226	MIXL1	MIXL1
951	27	25.638574464080357	MIXL1	MIXL1
952	32	25.72730880034354	MIXL1	MIXL1
953	27	25.84542196984006	MIXL1	MIXL1
954	38	25.647310350361323	MIXL1	MIXL1
955	24	25.58172363274946	MIXL1	MIXL1
956	15	25.6111756884391	MIXL1	MIXL1
957	38	25.69552875302299	MIXL1	MIXL1
958	22	25.723838432773803	MIXL1	MIXL1
959	26	25.663330513204365	MIXL1	MIXL1
960	29	25.71254431495411	MIXL1	MIXL1
961	14	25.5748941157921	MIXL1	MIXL1
962	25	25.572749623583093	MIXL1	MIXL1
963	25	25.516264838237053	MIXL1	MIXL1
964	28	25.58426044627026	MIXL1	MIXL1
965	21	25.659107123966017	MIXL1	MIXL1
966	28	25.570375308042614	MIXL1	MIXL1
967	33	25.58130208512913	MIXL1	MIXL1
968	32	25.612590344177473	MIXL1	MIXL1
969	19	25.542124174766542	MIXL1	MIXL1
970	21	25.45746855996313	MIXL1	MIXL1
971	25	25.46775499844642	MIXL1	MIXL1
972	32	25.607622172078194	MIXL1	MIXL1
973	25	25.515362252538374	MIXL1	MIXL1
974	26	25.672450150305387	MIXL1	MIXL1
975	19	25.4612844060438	MIXL1	MIXL1
976	22	25.43293017917359	MIXL1	MIXL1
977	22	25.482270889171247	MIXL1	MIXL1
978	29	25.546570964531938	MIXL1	MIXL1
979	26	25.5633010101266	MIXL1	MIXL1
980	29	25.60753524865203	MIXL1	MIXL1
981	35	25.51543609446931	MIXL1	MIXL1
982	37	25.504345428847618	MIXL1	MIXL1
983	26	25.562044950542557	MIXL1	MIXL1
984	19	25.496520852566714	MIXL1	MIXL1
985	30	25.529199994864573	MIXL1	MIXL1
986	28	25.5714163429424	MIXL1	MIXL1
987	24	25.55627482962755	MIXL1	MIXL1
988	31	25.59477084378802	MIXL1	MIXL1
989	19	25.51271671590277	MIXL1	MIXL1
990	21	25.55737352299638	MIXL1	MIXL1
991	22	25.69859884820632	MIXL1	MIXL1
992	29	25.5120548073905	MIXL1	MIXL1
993	30	25.68544814383047	MIXL1	MIXL1
994	23	25.58475375465776	MIXL1	MIXL1
995	24	25.48156080925356	MIXL1	MIXL1
996	27	25.55979401184074	MIXL1	MIXL1
997	20	25.64331137666355	MIXL1	MIXL1
998	30	25.697555715845315	MIXL1	MIXL1
999	38	25.612986827551843	MIXL1	MIXL1
1000	29	25.452404152565435	MIXL1	MIXL1
-1000	23	21.88373719678291	NFIA	NFIA
-999	18	21.855923964385834	NFIA	NFIA
-998	17	21.81781525494594	NFIA	NFIA
-997	19	21.88067206563633	NFIA	NFIA
-996	15	21.722636951293325	NFIA	NFIA
-995	24	21.776828845665445	NFIA	NFIA
-994	23	21.77519856439025	NFIA	NFIA
-993	23	21.752934800405985	NFIA	NFIA
-992	24	21.749917314584508	NFIA	NFIA
-991	19	21.796647150836378	NFIA	NFIA
-990	26	21.75800106257249	NFIA	NFIA
-989	20	21.733945372266678	NFIA	NFIA
-988	24	21.79240026862295	NFIA	NFIA
-987	22	21.85752478196471	NFIA	NFIA
-986	29	21.806610466519082	NFIA	NFIA
-985	19	21.752679810165116	NFIA	NFIA
-984	22	21.761260768269587	NFIA	NFIA
-983	16	21.804302402576905	NFIA	NFIA
-982	21	21.824064922566293	NFIA	NFIA
-981	22	21.792410290538818	NFIA	NFIA
-980	17	21.72521008467333	NFIA	NFIA
-979	16	21.76511796697377	NFIA	NFIA
-978	15	21.633433708559767	NFIA	NFIA
-977	13	21.747912545889506	NFIA	NFIA
-976	20	21.800011442202145	NFIA	NFIA
-975	19	21.770631901116	NFIA	NFIA
-974	19	21.80083537191654	NFIA	NFIA
-973	17	21.840783069860255	NFIA	NFIA
-972	17	21.815313415519228	NFIA	NFIA
-971	25	21.79117771141739	NFIA	NFIA
-970	19	21.769307907795522	NFIA	NFIA
-969	17	21.85642174282627	NFIA	NFIA
-968	17	21.8584603147574	NFIA	NFIA
-967	15	21.788774370673007	NFIA	NFIA
-966	20	21.82316359778813	NFIA	NFIA
-965	20	21.918783138510804	NFIA	NFIA
-964	18	21.906191176216357	NFIA	NFIA
-963	23	21.83068153058944	NFIA	NFIA
-962	22	21.76338274715424	NFIA	NFIA
-961	22	21.80438389633067	NFIA	NFIA
-960	30	21.834436166710375	NFIA	NFIA
-959	21	21.795317428697718	NFIA	NFIA
-958	16	21.749450522228468	NFIA	NFIA
-957	22	21.857653645502367	NFIA	NFIA
-956	20	21.971134239180397	NFIA	NFIA
-955	21	21.947612972960286	NFIA	NFIA
-954	18	21.798619440371507	NFIA	NFIA
-953	22	21.78846509145897	NFIA	NFIA
-952	25	21.82815565905292	NFIA	NFIA
-951	21	21.780859484149833	NFIA	NFIA
-950	18	21.86555146151536	NFIA	NFIA
-949	18	21.841488743907078	NFIA	NFIA
-948	14	21.78044814482516	NFIA	NFIA
-947	14	21.734469689751762	NFIA	NFIA
-946	23	21.734717374297418	NFIA	NFIA
-945	26	21.8793583690995	NFIA	NFIA
-944	19	21.84434926826778	NFIA	NFIA
-943	18	21.784068947669056	NFIA	NFIA
-942	18	21.733838826789622	NFIA	NFIA
-941	21	21.75024879288869	NFIA	NFIA
-940	32	21.922334312796323	NFIA	NFIA
-939	25	21.781996828826408	NFIA	NFIA
-938	22	21.78120432219899	NFIA	NFIA
-937	15	21.821656811889717	NFIA	NFIA
-936	24	21.859558619006147	NFIA	NFIA
-935	26	21.743789789924676	NFIA	NFIA
-934	23	21.73318515959911	NFIA	NFIA
-933	21	21.7708527310506	NFIA	NFIA
-932	26	21.70061501802995	NFIA	NFIA
-931	27	21.772542715386606	NFIA	NFIA
-930	16	21.89125286551297	NFIA	NFIA
-929	19	21.853726726217026	NFIA	NFIA
-928	20	21.779170469680825	NFIA	NFIA
-927	28	21.82521646833455	NFIA	NFIA
-926	15	21.778261953391084	NFIA	NFIA
-925	18	21.791946180657817	NFIA	NFIA
-924	27	21.72474495683154	NFIA	NFIA
-923	26	21.796487463678876	NFIA	NFIA
-922	19	21.821899006662782	NFIA	NFIA
-921	17	21.82161647258048	NFIA	NFIA
-920	30	21.844819153017017	NFIA	NFIA
-919	17	21.782148968617904	NFIA	NFIA
-918	31	21.903993895674777	NFIA	NFIA
-917	29	21.80538577298703	NFIA	NFIA
-916	26	21.79655570865281	NFIA	NFIA
-915	16	21.730770432972633	NFIA	NFIA
-914	26	21.79862532192237	NFIA	NFIA
-913	21	21.851226769008065	NFIA	NFIA
-912	27	21.765064014935298	NFIA	NFIA
-911	30	21.858016436480767	NFIA	NFIA
-910	13	21.793483216095595	NFIA	NFIA
-909	20	21.780270694852238	NFIA	NFIA
-908	20	21.928095973144586	NFIA	NFIA
-907	20	21.8319813443889	NFIA	NFIA
-906	16	21.772996479107793	NFIA	NFIA
-905	21	21.848620974540655	NFIA	NFIA
-904	30	21.868559697125754	NFIA	NFIA
-903	26	21.791368533821537	NFIA	NFIA
-902	28	21.844834815239697	NFIA	NFIA
-901	29	21.815238374967773	NFIA	NFIA
-900	22	21.81989820759459	NFIA	NFIA
-899	21	21.841366171764637	NFIA	NFIA
-898	21	21.86315585875523	NFIA	NFIA
-897	25	21.861893875044583	NFIA	NFIA
-896	24	21.8489920454958	NFIA	NFIA
-895	23	21.81855072823217	NFIA	NFIA
-894	23	21.752908534496644	NFIA	NFIA
-893	21	21.622230689611463	NFIA	NFIA
-892	24	21.7087397848039	NFIA	NFIA
-891	27	21.951989233430385	NFIA	NFIA
-890	15	21.84032339505379	NFIA	NFIA
-889	15	21.791578145485804	NFIA	NFIA
-888	23	21.769568461132284	NFIA	NFIA
-887	24	21.695895234622945	NFIA	NFIA
-886	25	21.869936977058693	NFIA	NFIA
-885	23	21.89475955058178	NFIA	NFIA
-884	28	21.837444552400115	NFIA	NFIA
-883	30	21.80120727677418	NFIA	NFIA
-882	19	21.698500542351923	NFIA	NFIA
-881	19	21.732950368813395	NFIA	NFIA
-880	21	21.854310461551172	NFIA	NFIA
-879	26	21.803960239862388	NFIA	NFIA
-878	19	21.723515429729293	NFIA	NFIA
-877	27	21.71604317759165	NFIA	NFIA
-876	19	21.694964570029356	NFIA	NFIA
-875	21	21.740844650874394	NFIA	NFIA
-874	27	21.941232690583163	NFIA	NFIA
-873	14	21.992626415080103	NFIA	NFIA
-872	16	21.900332727859773	NFIA	NFIA
-871	23	21.884220989895113	NFIA	NFIA
-870	24	21.880565711550346	NFIA	NFIA
-869	24	21.828831552011547	NFIA	NFIA
-868	26	21.847637580997432	NFIA	NFIA
-867	21	21.71463525350797	NFIA	NFIA
-866	17	21.76985754688152	NFIA	NFIA
-865	27	21.78096095827765	NFIA	NFIA
-864	26	21.71879887442141	NFIA	NFIA
-863	25	21.74312850371324	NFIA	NFIA
-862	26	21.815959636342672	NFIA	NFIA
-861	17	21.792156925223097	NFIA	NFIA
-860	23	21.86059308070715	NFIA	NFIA
-859	21	21.750117992569443	NFIA	NFIA
-858	23	21.828100130797765	NFIA	NFIA
-857	22	21.756008542114554	NFIA	NFIA
-856	21	21.769604376394618	NFIA	NFIA
-855	25	21.749139194368045	NFIA	NFIA
-854	28	21.73045765658302	NFIA	NFIA
-853	14	21.80332923384758	NFIA	NFIA
-852	26	21.97835694019202	NFIA	NFIA
-851	30	21.90752708416399	NFIA	NFIA
-850	20	21.943373791410515	NFIA	NFIA
-849	29	21.93374810549174	NFIA	NFIA
-848	25	21.903094734622915	NFIA	NFIA
-847	27	21.81390480002631	NFIA	NFIA
-846	17	21.81499048665497	NFIA	NFIA
-845	26	21.792218753635854	NFIA	NFIA
-844	19	21.81367551654849	NFIA	NFIA
-843	21	21.69041063664472	NFIA	NFIA
-842	20	21.743981448749548	NFIA	NFIA
-841	23	21.726686778366123	NFIA	NFIA
-840	19	21.80374095275133	NFIA	NFIA
-839	29	21.880599973034638	NFIA	NFIA
-838	23	21.84875598881605	NFIA	NFIA
-837	25	21.71203923981087	NFIA	NFIA
-836	21	21.660881715564177	NFIA	NFIA
-835	25	21.67280096630963	NFIA	NFIA
-834	25	21.839254542536246	NFIA	NFIA
-833	19	21.853085288382726	NFIA	NFIA
-832	17	21.754085188658426	NFIA	NFIA
-831	19	21.75599262582471	NFIA	NFIA
-830	22	21.836074037191402	NFIA	NFIA
-829	28	21.775444623343976	NFIA	NFIA
-828	23	21.75317480323232	NFIA	NFIA
-827	12	21.77682244039758	NFIA	NFIA
-826	24	21.79078482680238	NFIA	NFIA
-825	23	21.85724080079551	NFIA	NFIA
-824	17	21.924345687916087	NFIA	NFIA
-823	33	21.772233164233636	NFIA	NFIA
-822	21	21.66790211450138	NFIA	NFIA
-821	19	21.578885160707213	NFIA	NFIA
-820	18	21.720783062764287	NFIA	NFIA
-819	12	21.806230543192658	NFIA	NFIA
-818	22	21.827815034536073	NFIA	NFIA
-817	24	21.812906852094706	NFIA	NFIA
-816	18	21.908558159067816	NFIA	NFIA
-815	15	21.87119205470824	NFIA	NFIA
-814	21	21.827868594806965	NFIA	NFIA
-813	23	21.725662878690297	NFIA	NFIA
-812	29	21.755051578471395	NFIA	NFIA
-811	25	21.773128587255393	NFIA	NFIA
-810	19	21.82930037282919	NFIA	NFIA
-809	21	21.831215111934494	NFIA	NFIA
-808	14	21.679451800006177	NFIA	NFIA
-807	24	21.678544795379285	NFIA	NFIA
-806	24	21.680595901906834	NFIA	NFIA
-805	19	21.77064258791091	NFIA	NFIA
-804	25	21.799847102485945	NFIA	NFIA
-803	16	21.74772858124409	NFIA	NFIA
-802	24	21.78056015765298	NFIA	NFIA
-801	25	21.800405416130623	NFIA	NFIA
-800	23	21.872131166128867	NFIA	NFIA
-799	21	21.816427185812874	NFIA	NFIA
-798	15	21.64750552483826	NFIA	NFIA
-797	24	21.842059762687114	NFIA	NFIA
-796	21	21.827910454606354	NFIA	NFIA
-795	20	21.702973273293676	NFIA	NFIA
-794	23	21.757156736765566	NFIA	NFIA
-793	17	21.691934867396473	NFIA	NFIA
-792	20	21.670674018966842	NFIA	NFIA
-791	13	21.80859216449301	NFIA	NFIA
-790	27	21.77396879680675	NFIA	NFIA
-789	23	21.781147649107776	NFIA	NFIA
-788	29	21.753110679283157	NFIA	NFIA
-787	17	21.716714679159995	NFIA	NFIA
-786	19	21.74439502553369	NFIA	NFIA
-785	22	21.639089980207835	NFIA	NFIA
-784	19	21.720771224315563	NFIA	NFIA
-783	24	21.81585276660456	NFIA	NFIA
-782	23	21.87269323859645	NFIA	NFIA
-781	16	21.87159462263966	NFIA	NFIA
-780	18	21.80286399392791	NFIA	NFIA
-779	24	21.803085244387763	NFIA	NFIA
-778	22	21.78504855935164	NFIA	NFIA
-777	23	21.888750496331546	NFIA	NFIA
-776	25	21.901400395861838	NFIA	NFIA
-775	31	21.800482735990794	NFIA	NFIA
-774	25	21.77755936261748	NFIA	NFIA
-773	17	21.769582555639253	NFIA	NFIA
-772	27	21.66858295813181	NFIA	NFIA
-771	27	21.742833819387034	NFIA	NFIA
-770	29	21.777824253899105	NFIA	NFIA
-769	15	21.804877466094567	NFIA	NFIA
-768	17	21.845812299949284	NFIA	NFIA
-767	22	21.8590205268823	NFIA	NFIA
-766	22	21.768750988466177	NFIA	NFIA
-765	17	21.789162533495695	NFIA	NFIA
-764	12	21.717206137775985	NFIA	NFIA
-763	30	21.743631185800602	NFIA	NFIA
-762	15	21.71062148805228	NFIA	NFIA
-761	27	21.79545804740266	NFIA	NFIA
-760	21	21.85118269681387	NFIA	NFIA
-759	19	21.79112115795841	NFIA	NFIA
-758	19	21.968565080718857	NFIA	NFIA
-757	28	21.95748263484271	NFIA	NFIA
-756	23	21.8266247293167	NFIA	NFIA
-755	22	21.762968987595062	NFIA	NFIA
-754	19	21.79672084715495	NFIA	NFIA
-753	16	21.645557876865517	NFIA	NFIA
-752	23	21.785193923943883	NFIA	NFIA
-751	22	21.840339177332783	NFIA	NFIA
-750	14	21.790042046595772	NFIA	NFIA
-749	28	21.713773645977312	NFIA	NFIA
-748	17	21.88652290210985	NFIA	NFIA
-747	24	21.795792073578458	NFIA	NFIA
-746	25	21.73165993083786	NFIA	NFIA
-745	25	21.672518247025774	NFIA	NFIA
-744	18	21.718074224610742	NFIA	NFIA
-743	15	21.80981293960601	NFIA	NFIA
-742	24	21.79920238848298	NFIA	NFIA
-741	18	21.84881226108127	NFIA	NFIA
-740	30	21.779971680578857	NFIA	NFIA
-739	20	21.77476851950702	NFIA	NFIA
-738	19	21.795414740241473	NFIA	NFIA
-737	20	21.88636732385476	NFIA	NFIA
-736	33	21.875058670763835	NFIA	NFIA
-735	19	21.795901216719102	NFIA	NFIA
-734	20	21.793010742665324	NFIA	NFIA
-733	13	21.81880369318191	NFIA	NFIA
-732	27	21.854863051387746	NFIA	NFIA
-731	21	21.8237736708104	NFIA	NFIA
-730	21	21.959046600056876	NFIA	NFIA
-729	27	21.877815699906538	NFIA	NFIA
-728	21	21.722520668514882	NFIA	NFIA
-727	16	21.794378825411673	NFIA	NFIA
-726	11	21.754762087044355	NFIA	NFIA
-725	24	21.787204881609636	NFIA	NFIA
-724	23	21.7818064617836	NFIA	NFIA
-723	22	21.88460479913914	NFIA	NFIA
-722	20	21.844680007573835	NFIA	NFIA
-721	22	21.711272337043926	NFIA	NFIA
-720	27	21.81892392932233	NFIA	NFIA
-719	17	21.813855734529593	NFIA	NFIA
-718	28	21.83068978712848	NFIA	NFIA
-717	18	21.75853030630765	NFIA	NFIA
-716	17	21.772097176006938	NFIA	NFIA
-715	28	21.90756062449052	NFIA	NFIA
-714	19	21.777982154100002	NFIA	NFIA
-713	21	21.707007398065635	NFIA	NFIA
-712	31	21.74020644812392	NFIA	NFIA
-711	22	21.761800317527005	NFIA	NFIA
-710	21	21.82655913845143	NFIA	NFIA
-709	18	21.84643025474999	NFIA	NFIA
-708	27	21.765372239009235	NFIA	NFIA
-707	20	21.634649693888182	NFIA	NFIA
-706	17	21.729157811699576	NFIA	NFIA
-705	22	21.83608218288832	NFIA	NFIA
-704	20	21.801647904215603	NFIA	NFIA
-703	17	21.778135468913227	NFIA	NFIA
-702	22	21.818840960029807	NFIA	NFIA
-701	23	21.869027630255705	NFIA	NFIA
-700	21	21.786512321389058	NFIA	NFIA
-699	30	21.75918950935812	NFIA	NFIA
-698	28	21.76312463928065	NFIA	NFIA
-697	22	21.695362179535145	NFIA	NFIA
-696	21	21.843220595023208	NFIA	NFIA
-695	15	21.88722087808195	NFIA	NFIA
-694	25	21.718810919469192	NFIA	NFIA
-693	22	21.6361986291608	NFIA	NFIA
-692	21	21.772141755795865	NFIA	NFIA
-691	26	21.73644642956033	NFIA	NFIA
-690	24	21.669153523131524	NFIA	NFIA
-689	22	21.779219902242133	NFIA	NFIA
-688	21	21.844839629843474	NFIA	NFIA
-687	18	21.824386313455292	NFIA	NFIA
-686	17	21.723168754020662	NFIA	NFIA
-685	23	21.794808683116138	NFIA	NFIA
-684	24	21.706725132543752	NFIA	NFIA
-683	23	21.790815502593432	NFIA	NFIA
-682	21	21.83037767477391	NFIA	NFIA
-681	26	21.770460732493426	NFIA	NFIA
-680	28	21.70201725813579	NFIA	NFIA
-679	18	21.738527053292145	NFIA	NFIA
-678	23	21.69963678644633	NFIA	NFIA
-677	23	21.70448272933039	NFIA	NFIA
-676	18	21.77359162444036	NFIA	NFIA
-675	22	21.740372245389988	NFIA	NFIA
-674	25	21.764239855226414	NFIA	NFIA
-673	28	21.72884095505047	NFIA	NFIA
-672	30	21.736449109851	NFIA	NFIA
-671	17	21.746005107672797	NFIA	NFIA
-670	16	21.747612439665957	NFIA	NFIA
-669	26	21.65404474624323	NFIA	NFIA
-668	34	21.67735573163001	NFIA	NFIA
-667	25	21.72056788007531	NFIA	NFIA
-666	24	21.801232086573155	NFIA	NFIA
-665	18	21.698973618377092	NFIA	NFIA
-664	14	21.612461639521495	NFIA	NFIA
-663	27	21.758522562275598	NFIA	NFIA
-662	16	21.777475470914673	NFIA	NFIA
-661	28	21.835790331434225	NFIA	NFIA
-660	14	21.704574480161938	NFIA	NFIA
-659	19	21.65012116869394	NFIA	NFIA
-658	16	21.696492949456392	NFIA	NFIA
-657	17	21.90548401472723	NFIA	NFIA
-656	19	21.91571757030954	NFIA	NFIA
-655	27	21.865686227186668	NFIA	NFIA
-654	21	21.85528027772468	NFIA	NFIA
-653	22	21.810352088309227	NFIA	NFIA
-652	18	21.660953920466	NFIA	NFIA
-651	18	21.73315781093798	NFIA	NFIA
-650	23	21.81837543246933	NFIA	NFIA
-649	29	21.873415887254357	NFIA	NFIA
-648	22	21.801560596228015	NFIA	NFIA
-647	17	21.712598837407228	NFIA	NFIA
-646	17	21.777622207910138	NFIA	NFIA
-645	27	21.719214048306753	NFIA	NFIA
-644	26	21.719597474152415	NFIA	NFIA
-643	22	21.738918783520564	NFIA	NFIA
-642	18	21.704664781751468	NFIA	NFIA
-641	25	21.766064389157115	NFIA	NFIA
-640	20	21.874321438846856	NFIA	NFIA
-639	22	21.82447464217535	NFIA	NFIA
-638	29	21.73254521252308	NFIA	NFIA
-637	18	21.75195447491554	NFIA	NFIA
-636	19	21.68192517894886	NFIA	NFIA
-635	25	21.746154206152212	NFIA	NFIA
-634	16	21.84082088575946	NFIA	NFIA
-633	29	21.764547168666315	NFIA	NFIA
-632	28	21.753253042390977	NFIA	NFIA
-631	22	21.684552356877518	NFIA	NFIA
-630	27	21.72451174991262	NFIA	NFIA
-629	25	21.83962378287072	NFIA	NFIA
-628	23	21.776131190801546	NFIA	NFIA
-627	22	21.79675780391773	NFIA	NFIA
-626	22	21.70535250706731	NFIA	NFIA
-625	19	21.809053962654062	NFIA	NFIA
-624	19	21.883547902219277	NFIA	NFIA
-623	15	21.835394598762555	NFIA	NFIA
-622	25	21.790137409791868	NFIA	NFIA
-621	22	21.727387662090123	NFIA	NFIA
-620	14	21.76993517448081	NFIA	NFIA
-619	23	21.717873770039063	NFIA	NFIA
-618	18	21.691126328110634	NFIA	NFIA
-617	13	21.761249604519303	NFIA	NFIA
-616	27	21.7462060707537	NFIA	NFIA
-615	17	21.801422454331643	NFIA	NFIA
-614	20	21.79199735674836	NFIA	NFIA
-613	23	21.851787327973163	NFIA	NFIA
-612	18	21.739916631194586	NFIA	NFIA
-611	16	21.683995959760693	NFIA	NFIA
-610	24	21.76785003772638	NFIA	NFIA
-609	17	21.764270170389825	NFIA	NFIA
-608	30	21.802092642676172	NFIA	NFIA
-607	27	21.808184251567315	NFIA	NFIA
-606	18	21.869701388241385	NFIA	NFIA
-605	19	21.75554727694427	NFIA	NFIA
-604	19	21.739244664769597	NFIA	NFIA
-603	24	21.81003879992197	NFIA	NFIA
-602	23	21.749719423657698	NFIA	NFIA
-601	22	21.732843424760688	NFIA	NFIA
-600	18	21.826890451547634	NFIA	NFIA
-599	25	21.796623318256305	NFIA	NFIA
-598	23	21.67883550954936	NFIA	NFIA
-597	20	21.73495849187124	NFIA	NFIA
-596	27	21.84117581406335	NFIA	NFIA
-595	16	21.858866291024007	NFIA	NFIA
-594	23	21.840907714938567	NFIA	NFIA
-593	22	21.829721384252252	NFIA	NFIA
-592	24	21.877403856530556	NFIA	NFIA
-591	27	21.72150537652915	NFIA	NFIA
-590	17	21.77830552849164	NFIA	NFIA
-589	25	21.732253781321482	NFIA	NFIA
-588	31	21.710373504551466	NFIA	NFIA
-587	16	21.783775263715665	NFIA	NFIA
-586	22	21.787423295531916	NFIA	NFIA
-585	24	21.78911717542159	NFIA	NFIA
-584	26	21.741828888178087	NFIA	NFIA
-583	26	21.823069727159595	NFIA	NFIA
-582	12	21.78644509445705	NFIA	NFIA
-581	18	21.82037393817654	NFIA	NFIA
-580	25	21.7108791924878	NFIA	NFIA
-579	25	21.78500529257926	NFIA	NFIA
-578	20	21.864236740388662	NFIA	NFIA
-577	25	21.775511221833174	NFIA	NFIA
-576	32	21.689481636922576	NFIA	NFIA
-575	20	21.66103393946004	NFIA	NFIA
-574	19	21.73511943258174	NFIA	NFIA
-573	29	21.784056071893342	NFIA	NFIA
-572	23	21.796320120440708	NFIA	NFIA
-571	23	21.85031733552885	NFIA	NFIA
-570	15	21.824466096687807	NFIA	NFIA
-569	26	21.772851477114628	NFIA	NFIA
-568	16	21.732121606949	NFIA	NFIA
-567	31	21.80751720614802	NFIA	NFIA
-566	11	21.762385150154334	NFIA	NFIA
-565	26	21.787259215562216	NFIA	NFIA
-564	25	21.80537433193754	NFIA	NFIA
-563	16	21.844904815886316	NFIA	NFIA
-562	31	21.810985652194866	NFIA	NFIA
-561	22	21.79956067872146	NFIA	NFIA
-560	20	21.76326142145875	NFIA	NFIA
-559	18	21.777366002952128	NFIA	NFIA
-558	26	21.874123320526508	NFIA	NFIA
-557	12	21.85755702580476	NFIA	NFIA
-556	19	21.870179992340372	NFIA	NFIA
-555	27	21.772126796729747	NFIA	NFIA
-554	25	21.791218760245293	NFIA	NFIA
-553	18	21.830877176380902	NFIA	NFIA
-552	24	21.817938150999	NFIA	NFIA
-551	22	21.86172671095607	NFIA	NFIA
-550	25	21.718590218367147	NFIA	NFIA
-549	28	21.703952344582877	NFIA	NFIA
-548	19	21.75953749156112	NFIA	NFIA
-547	21	21.726760334054127	NFIA	NFIA
-546	18	21.71542756274214	NFIA	NFIA
-545	21	21.677222247445357	NFIA	NFIA
-544	15	21.687569561340208	NFIA	NFIA
-543	17	21.848506041219263	NFIA	NFIA
-542	20	21.892775294258517	NFIA	NFIA
-541	15	21.82545792119133	NFIA	NFIA
-540	24	21.819041410347683	NFIA	NFIA
-539	15	21.8353315634318	NFIA	NFIA
-538	24	21.83491745476186	NFIA	NFIA
-537	26	21.846052555869452	NFIA	NFIA
-536	23	21.8463299720836	NFIA	NFIA
-535	18	21.72287279557004	NFIA	NFIA
-534	25	21.80426143287494	NFIA	NFIA
-533	30	21.871162141078738	NFIA	NFIA
-532	15	21.808305908324094	NFIA	NFIA
-531	27	21.80589888820154	NFIA	NFIA
-530	22	21.785753494171537	NFIA	NFIA
-529	21	21.84257479809642	NFIA	NFIA
-528	13	21.800610047141106	NFIA	NFIA
-527	29	21.80612039265497	NFIA	NFIA
-526	14	21.724249012580586	NFIA	NFIA
-525	31	21.69222642251289	NFIA	NFIA
-524	21	21.823749003869253	NFIA	NFIA
-523	20	21.82761907552828	NFIA	NFIA
-522	20	21.833722921651667	NFIA	NFIA
-521	18	21.76006208589644	NFIA	NFIA
-520	26	21.757254631876357	NFIA	NFIA
-519	20	21.812681322052708	NFIA	NFIA
-518	14	21.86502317509677	NFIA	NFIA
-517	24	21.747164702061095	NFIA	NFIA
-516	29	21.774656402836182	NFIA	NFIA
-515	24	21.92200691327869	NFIA	NFIA
-514	23	21.84051965910879	NFIA	NFIA
-513	19	21.86960478171031	NFIA	NFIA
-512	20	21.771115365740847	NFIA	NFIA
-511	28	21.739346508854293	NFIA	NFIA
-510	23	21.79179543839262	NFIA	NFIA
-509	18	21.7815399095018	NFIA	NFIA
-508	18	21.711482396550778	NFIA	NFIA
-507	21	21.801896701556593	NFIA	NFIA
-506	27	21.876585851095143	NFIA	NFIA
-505	19	21.82124847245765	NFIA	NFIA
-504	20	21.938076902489595	NFIA	NFIA
-503	14	21.908607110983347	NFIA	NFIA
-502	23	21.815334436779693	NFIA	NFIA
-501	13	21.757744119708388	NFIA	NFIA
-500	17	21.768809273709763	NFIA	NFIA
-499	21	21.698821465757536	NFIA	NFIA
-498	23	21.688917310519216	NFIA	NFIA
-497	17	21.902483789876314	NFIA	NFIA
-496	24	21.80894468228917	NFIA	NFIA
-495	23	21.72862489675932	NFIA	NFIA
-494	24	21.79832197935225	NFIA	NFIA
-493	21	21.732893378837026	NFIA	NFIA
-492	22	21.69729789663226	NFIA	NFIA
-491	32	21.796832864858477	NFIA	NFIA
-490	19	21.816835216935775	NFIA	NFIA
-489	22	21.72353321439596	NFIA	NFIA
-488	29	21.807589921552733	NFIA	NFIA
-487	15	21.842795566446977	NFIA	NFIA
-486	18	21.81131388469887	NFIA	NFIA
-485	17	21.786692869364572	NFIA	NFIA
-484	19	21.725741476439627	NFIA	NFIA
-483	17	21.738153983603258	NFIA	NFIA
-482	16	21.699708180771758	NFIA	NFIA
-481	22	21.803956148059587	NFIA	NFIA
-480	22	21.909062918582386	NFIA	NFIA
-479	28	21.765056645043355	NFIA	NFIA
-478	25	21.699293748904296	NFIA	NFIA
-477	16	21.76425110275872	NFIA	NFIA
-476	28	21.80381713881734	NFIA	NFIA
-475	23	21.673851658769607	NFIA	NFIA
-474	15	21.748941589813647	NFIA	NFIA
-473	17	21.785110478678344	NFIA	NFIA
-472	14	21.894352306004713	NFIA	NFIA
-471	25	21.881750033566863	NFIA	NFIA
-470	26	21.76350009550726	NFIA	NFIA
-469	14	21.78610365063441	NFIA	NFIA
-468	21	21.827274049872656	NFIA	NFIA
-467	27	21.90808358853476	NFIA	NFIA
-466	19	21.89188645744362	NFIA	NFIA
-465	21	21.791347829355836	NFIA	NFIA
-464	14	21.83468576528926	NFIA	NFIA
-463	20	21.756985822229055	NFIA	NFIA
-462	15	21.77779688586989	NFIA	NFIA
-461	25	21.746415190446356	NFIA	NFIA
-460	21	21.783480474224895	NFIA	NFIA
-459	22	21.884805369829913	NFIA	NFIA
-458	17	21.819823695411714	NFIA	NFIA
-457	19	21.735358096416913	NFIA	NFIA
-456	19	21.755784052961094	NFIA	NFIA
-455	27	21.818579094553133	NFIA	NFIA
-454	23	21.72303932165839	NFIA	NFIA
-453	12	21.786449457166484	NFIA	NFIA
-452	23	21.81874425903227	NFIA	NFIA
-451	19	21.768790835828685	NFIA	NFIA
-450	13	21.795782615833193	NFIA	NFIA
-449	17	21.711565381814157	NFIA	NFIA
-448	26	21.804396382226	NFIA	NFIA
-447	19	21.890368126714147	NFIA	NFIA
-446	28	21.77873360260035	NFIA	NFIA
-445	25	21.835126763834236	NFIA	NFIA
-444	18	21.920352214020916	NFIA	NFIA
-443	28	21.82970039538606	NFIA	NFIA
-442	24	21.824755771275395	NFIA	NFIA
-441	28	21.815804220110103	NFIA	NFIA
-440	24	21.773800008392193	NFIA	NFIA
-439	25	21.73552305590351	NFIA	NFIA
-438	19	21.772867050011936	NFIA	NFIA
-437	25	21.770739901217002	NFIA	NFIA
-436	31	21.714369647706803	NFIA	NFIA
-435	22	21.752610086172414	NFIA	NFIA
-434	16	21.828832193189506	NFIA	NFIA
-433	17	21.844072037713307	NFIA	NFIA
-432	22	21.904012925584013	NFIA	NFIA
-431	22	21.851404088252853	NFIA	NFIA
-430	19	21.828723254334868	NFIA	NFIA
-429	20	21.80244713923301	NFIA	NFIA
-428	13	21.729444155044085	NFIA	NFIA
-427	20	21.83644347180614	NFIA	NFIA
-426	17	21.810015971822743	NFIA	NFIA
-425	26	21.74768529587356	NFIA	NFIA
-424	21	21.77481970223479	NFIA	NFIA
-423	33	21.691986792291114	NFIA	NFIA
-422	16	21.79349429455332	NFIA	NFIA
-421	23	21.854596861807792	NFIA	NFIA
-420	17	21.8808477341357	NFIA	NFIA
-419	26	21.895213101991704	NFIA	NFIA
-418	14	21.751141338548752	NFIA	NFIA
-417	21	21.720803493848397	NFIA	NFIA
-416	22	21.79848356128218	NFIA	NFIA
-415	18	21.807515263853237	NFIA	NFIA
-414	16	21.732481867685422	NFIA	NFIA
-413	29	21.75871815462085	NFIA	NFIA
-412	21	21.688898806565753	NFIA	NFIA
-411	35	21.75683324033285	NFIA	NFIA
-410	25	21.68023907051578	NFIA	NFIA
-409	17	21.67482328153885	NFIA	NFIA
-408	18	21.721367304338262	NFIA	NFIA
-407	26	21.718614499638935	NFIA	NFIA
-406	17	21.69614067127299	NFIA	NFIA
-405	15	21.720354762730405	NFIA	NFIA
-404	19	21.634776895150644	NFIA	NFIA
-403	23	21.623451061710977	NFIA	NFIA
-402	29	21.71344849499846	NFIA	NFIA
-401	18	21.831759419420617	NFIA	NFIA
-400	19	21.744683564873363	NFIA	NFIA
-399	23	21.75314175336649	NFIA	NFIA
-398	24	21.77166699661566	NFIA	NFIA
-397	30	21.81122387075341	NFIA	NFIA
-396	20	21.822602905806896	NFIA	NFIA
-395	23	21.872336158686647	NFIA	NFIA
-394	32	21.724889835763268	NFIA	NFIA
-393	17	21.701910957657223	NFIA	NFIA
-392	24	21.72007895426189	NFIA	NFIA
-391	24	21.720001888305077	NFIA	NFIA
-390	19	21.807869620498565	NFIA	NFIA
-389	22	21.873893040699542	NFIA	NFIA
-388	32	21.805304133625146	NFIA	NFIA
-387	22	21.733655358092882	NFIA	NFIA
-386	15	21.806882459828387	NFIA	NFIA
-385	30	21.890212436344	NFIA	NFIA
-384	25	21.821114658841	NFIA	NFIA
-383	18	21.80087855210823	NFIA	NFIA
-382	26	21.845381080909817	NFIA	NFIA
-381	21	21.744345133031636	NFIA	NFIA
-380	28	21.83655380661692	NFIA	NFIA
-379	24	21.907951463720963	NFIA	NFIA
-378	24	21.894489814593474	NFIA	NFIA
-377	14	21.889757711756022	NFIA	NFIA
-376	25	21.82010108209396	NFIA	NFIA
-375	22	21.840913474067992	NFIA	NFIA
-374	26	21.757445991977555	NFIA	NFIA
-373	16	21.733200874462305	NFIA	NFIA
-372	15	21.811334521967	NFIA	NFIA
-371	20	21.817518370268775	NFIA	NFIA
-370	25	21.903210110432145	NFIA	NFIA
-369	23	21.84669735234396	NFIA	NFIA
-368	13	21.748271878819985	NFIA	NFIA
-367	19	21.775713534009515	NFIA	NFIA
-366	18	21.76656921781054	NFIA	NFIA
-365	20	21.74278470938038	NFIA	NFIA
-364	22	21.79839596779051	NFIA	NFIA
-363	23	21.86710435970799	NFIA	NFIA
-362	28	21.755816922076217	NFIA	NFIA
-361	20	21.77437520857561	NFIA	NFIA
-360	19	21.82493488929519	NFIA	NFIA
-359	26	21.911874157543604	NFIA	NFIA
-358	10	21.75867098913658	NFIA	NFIA
-357	18	21.805888891387323	NFIA	NFIA
-356	12	21.842945730964082	NFIA	NFIA
-355	31	21.8886233597056	NFIA	NFIA
-354	22	21.654177967740143	NFIA	NFIA
-353	17	21.78147184435976	NFIA	NFIA
-352	20	21.803654216879224	NFIA	NFIA
-351	17	21.86591611813094	NFIA	NFIA
-350	20	21.861827062154028	NFIA	NFIA
-349	16	21.804456241347815	NFIA	NFIA
-348	21	21.816961764195717	NFIA	NFIA
-347	30	21.87471936910431	NFIA	NFIA
-346	25	21.84481732626537	NFIA	NFIA
-345	20	21.785146389499356	NFIA	NFIA
-344	19	21.80929762450774	NFIA	NFIA
-343	17	21.807688199089295	NFIA	NFIA
-342	33	21.797669550353792	NFIA	NFIA
-341	20	21.776525629445896	NFIA	NFIA
-340	19	21.690387062405442	NFIA	NFIA
-339	22	21.71128412975433	NFIA	NFIA
-338	20	21.685381154974998	NFIA	NFIA
-337	24	21.923609694870517	NFIA	NFIA
-336	24	21.87952404876795	NFIA	NFIA
-335	17	21.74410757397306	NFIA	NFIA
-334	24	21.841901893104723	NFIA	NFIA
-333	27	21.850380005678513	NFIA	NFIA
-332	16	21.842214386030058	NFIA	NFIA
-331	24	21.87753280624044	NFIA	NFIA
-330	18	21.776660186184216	NFIA	NFIA
-329	21	21.844688050626385	NFIA	NFIA
-328	21	21.922096696270422	NFIA	NFIA
-327	18	21.84312170363563	NFIA	NFIA
-326	27	21.78346718853325	NFIA	NFIA
-325	15	21.767013833022244	NFIA	NFIA
-324	19	21.724051470917033	NFIA	NFIA
-323	20	21.869775779343982	NFIA	NFIA
-322	16	21.871352238141657	NFIA	NFIA
-321	28	21.75136757878678	NFIA	NFIA
-320	18	21.711458534984725	NFIA	NFIA
-319	20	21.72839416231605	NFIA	NFIA
-318	26	21.689001002082172	NFIA	NFIA
-317	20	21.708749744892536	NFIA	NFIA
-316	20	21.74989329843447	NFIA	NFIA
-315	29	21.78809903119025	NFIA	NFIA
-314	19	21.80376428921746	NFIA	NFIA
-313	21	21.656903798027244	NFIA	NFIA
-312	31	21.75937871929417	NFIA	NFIA
-311	19	21.89081032877821	NFIA	NFIA
-310	31	21.854304456904217	NFIA	NFIA
-309	15	21.73905447215564	NFIA	NFIA
-308	27	21.73453854674623	NFIA	NFIA
-307	29	21.73709362998798	NFIA	NFIA
-306	15	21.798522975016315	NFIA	NFIA
-305	16	21.792146757809398	NFIA	NFIA
-304	18	21.828304025379996	NFIA	NFIA
-303	19	21.80598505456667	NFIA	NFIA
-302	23	21.766411759909253	NFIA	NFIA
-301	19	21.77182712815092	NFIA	NFIA
-300	24	21.678670047777587	NFIA	NFIA
-299	31	21.769107323792994	NFIA	NFIA
-298	29	21.73978732211562	NFIA	NFIA
-297	22	21.7212417655737	NFIA	NFIA
-296	24	21.74289490629336	NFIA	NFIA
-295	23	21.73997270059602	NFIA	NFIA
-294	19	21.831277690102006	NFIA	NFIA
-293	15	21.77552114355623	NFIA	NFIA
-292	18	21.793351719127333	NFIA	NFIA
-291	27	21.78758078666257	NFIA	NFIA
-290	19	21.777762477456893	NFIA	NFIA
-289	20	21.73027639658288	NFIA	NFIA
-288	16	21.76739204936898	NFIA	NFIA
-287	25	21.680006974427386	NFIA	NFIA
-286	33	21.68373013137058	NFIA	NFIA
-285	21	21.684502485326497	NFIA	NFIA
-284	20	21.735130996524596	NFIA	NFIA
-283	26	21.751606201070143	NFIA	NFIA
-282	21	21.70032240906192	NFIA	NFIA
-281	30	21.75977522204924	NFIA	NFIA
-280	19	21.788033074822184	NFIA	NFIA
-279	28	21.759676379616145	NFIA	NFIA
-278	24	21.729848733765742	NFIA	NFIA
-277	21	21.80896412683991	NFIA	NFIA
-276	21	21.787807278395928	NFIA	NFIA
-275	15	21.6609621605714	NFIA	NFIA
-274	14	21.689845255980615	NFIA	NFIA
-273	20	21.748653365611464	NFIA	NFIA
-272	30	21.700679525514435	NFIA	NFIA
-271	21	21.648962487790186	NFIA	NFIA
-270	28	21.72223645600861	NFIA	NFIA
-269	19	21.77885723376505	NFIA	NFIA
-268	24	21.752263594685203	NFIA	NFIA
-267	19	21.712860009503903	NFIA	NFIA
-266	18	21.712649057830877	NFIA	NFIA
-265	23	21.67038601561231	NFIA	NFIA
-264	20	21.74951687031479	NFIA	NFIA
-263	20	21.70929089498125	NFIA	NFIA
-262	26	21.727333621313566	NFIA	NFIA
-261	18	21.78833918518948	NFIA	NFIA
-260	15	21.62643710690041	NFIA	NFIA
-259	22	21.72791177131842	NFIA	NFIA
-258	22	21.7417288022393	NFIA	NFIA
-257	19	21.688659276315423	NFIA	NFIA
-256	25	21.767295629339664	NFIA	NFIA
-255	32	21.71787042728153	NFIA	NFIA
-254	18	21.65632063230632	NFIA	NFIA
-253	15	21.764234164600964	NFIA	NFIA
-252	21	21.774289170118056	NFIA	NFIA
-251	26	21.71760638173019	NFIA	NFIA
-250	23	21.74703438597516	NFIA	NFIA
-249	20	21.812335680462905	NFIA	NFIA
-248	19	21.709901016324373	NFIA	NFIA
-247	22	21.74696741306468	NFIA	NFIA
-246	21	21.712570870567827	NFIA	NFIA
-245	24	21.776541850938987	NFIA	NFIA
-244	23	21.724435348722515	NFIA	NFIA
-243	18	21.847865439190258	NFIA	NFIA
-242	21	21.840851189742672	NFIA	NFIA
-241	25	21.835895101907994	NFIA	NFIA
-240	25	21.691275304626355	NFIA	NFIA
-239	21	21.621537492453186	NFIA	NFIA
-238	20	21.804614481723128	NFIA	NFIA
-237	22	21.88428238286796	NFIA	NFIA
-236	26	21.743963037275677	NFIA	NFIA
-235	19	21.6933062475313	NFIA	NFIA
-234	22	21.66977784770252	NFIA	NFIA
-233	18	21.771430901719082	NFIA	NFIA
-232	24	21.7819343006231	NFIA	NFIA
-231	27	21.720397116532354	NFIA	NFIA
-230	21	21.804205000697326	NFIA	NFIA
-229	26	21.751906297899534	NFIA	NFIA
-228	18	21.681412119098088	NFIA	NFIA
-227	18	21.77063240553003	NFIA	NFIA
-226	21	21.847171121478787	NFIA	NFIA
-225	23	21.745509495609394	NFIA	NFIA
-224	26	21.74834707777805	NFIA	NFIA
-223	20	21.696441457727698	NFIA	NFIA
-222	14	21.76445686212201	NFIA	NFIA
-221	28	21.799479886090534	NFIA	NFIA
-220	24	21.872668892397538	NFIA	NFIA
-219	20	21.836102605506078	NFIA	NFIA
-218	19	21.831387457420917	NFIA	NFIA
-217	25	21.721240560793433	NFIA	NFIA
-216	31	21.80127652264121	NFIA	NFIA
-215	20	21.880304362392113	NFIA	NFIA
-214	19	21.807066035698572	NFIA	NFIA
-213	23	21.73853267199144	NFIA	NFIA
-212	24	21.852795555136108	NFIA	NFIA
-211	27	21.975592118402737	NFIA	NFIA
-210	18	21.833090172031	NFIA	NFIA
-209	23	21.7288688772525	NFIA	NFIA
-208	17	21.747952955032726	NFIA	NFIA
-207	18	21.614823979674156	NFIA	NFIA
-206	24	21.746163116176774	NFIA	NFIA
-205	28	21.946675848425546	NFIA	NFIA
-204	22	21.80300528259186	NFIA	NFIA
-203	22	21.790499102932678	NFIA	NFIA
-202	27	21.82840312804954	NFIA	NFIA
-201	22	21.804242190092783	NFIA	NFIA
-200	22	21.880562926892267	NFIA	NFIA
-199	19	21.816138576223725	NFIA	NFIA
-198	20	21.844012955993758	NFIA	NFIA
-197	12	21.75268827164102	NFIA	NFIA
-196	28	21.78332921926002	NFIA	NFIA
-195	20	21.682387065034774	NFIA	NFIA
-194	18	21.631504813060758	NFIA	NFIA
-193	27	21.71463750324375	NFIA	NFIA
-192	15	21.75212668397952	NFIA	NFIA
-191	21	21.768709511360907	NFIA	NFIA
-190	18	21.75258564297417	NFIA	NFIA
-189	30	21.78838476392033	NFIA	NFIA
-188	23	21.759106052363666	NFIA	NFIA
-187	21	21.717812489661195	NFIA	NFIA
-186	24	21.72836359856107	NFIA	NFIA
-185	17	21.73854551797156	NFIA	NFIA
-184	19	21.75315761609116	NFIA	NFIA
-183	15	21.814126075582248	NFIA	NFIA
-182	23	21.84597155527675	NFIA	NFIA
-181	29	21.71936435136494	NFIA	NFIA
-180	32	21.81298930014922	NFIA	NFIA
-179	24	21.770184326937294	NFIA	NFIA
-178	26	21.71849608773441	NFIA	NFIA
-177	13	21.74976510287356	NFIA	NFIA
-176	19	21.80918895827966	NFIA	NFIA
-175	23	21.90460174794517	NFIA	NFIA
-174	23	21.8204572667898	NFIA	NFIA
-173	22	21.792054762480525	NFIA	NFIA
-172	22	21.810739796473854	NFIA	NFIA
-171	19	21.79670057790432	NFIA	NFIA
-170	22	21.810721130982554	NFIA	NFIA
-169	23	21.853667077936972	NFIA	NFIA
-168	20	21.832662326831166	NFIA	NFIA
-167	32	21.891471861837452	NFIA	NFIA
-166	26	21.75363353916351	NFIA	NFIA
-165	29	21.68061665572561	NFIA	NFIA
-164	30	21.640235265159028	NFIA	NFIA
-163	27	21.78069465074404	NFIA	NFIA
-162	24	21.825324744168924	NFIA	NFIA
-161	25	21.75495615651683	NFIA	NFIA
-160	19	21.706655236927762	NFIA	NFIA
-159	20	21.81038271194797	NFIA	NFIA
-158	14	21.791596966967482	NFIA	NFIA
-157	17	21.862040339855074	NFIA	NFIA
-156	21	21.79864100459472	NFIA	NFIA
-155	23	21.801226020926798	NFIA	NFIA
-154	18	21.729417379084165	NFIA	NFIA
-153	22	21.620132929195623	NFIA	NFIA
-152	16	21.64496159856264	NFIA	NFIA
-151	26	21.76183406363039	NFIA	NFIA
-150	21	21.785550898714387	NFIA	NFIA
-149	21	21.715980354823923	NFIA	NFIA
-148	16	21.72912396384201	NFIA	NFIA
-147	23	21.80360594212984	NFIA	NFIA
-146	25	21.75017037727848	NFIA	NFIA
-145	21	21.74393918961955	NFIA	NFIA
-144	19	21.830252322025302	NFIA	NFIA
-143	25	21.815901990807518	NFIA	NFIA
-142	21	21.8419715650625	NFIA	NFIA
-141	22	21.739164408043713	NFIA	NFIA
-140	19	21.772192299159514	NFIA	NFIA
-139	17	21.795411001711326	NFIA	NFIA
-138	24	21.802937031146836	NFIA	NFIA
-137	24	21.767669256964034	NFIA	NFIA
-136	11	21.681405749831924	NFIA	NFIA
-135	19	21.765572921414257	NFIA	NFIA
-134	21	21.779638048757977	NFIA	NFIA
-133	23	21.710168567155073	NFIA	NFIA
-132	24	21.68760932786729	NFIA	NFIA
-131	13	21.68478356586016	NFIA	NFIA
-130	17	21.702120749396293	NFIA	NFIA
-129	13	21.78440760232453	NFIA	NFIA
-128	21	21.712980740501123	NFIA	NFIA
-127	31	21.715100243239675	NFIA	NFIA
-126	18	21.742359143273873	NFIA	NFIA
-125	21	21.705547640070087	NFIA	NFIA
-124	36	21.713836024014284	NFIA	NFIA
-123	23	21.7080570253505	NFIA	NFIA
-122	30	21.78901767315329	NFIA	NFIA
-121	16	21.730557268436122	NFIA	NFIA
-120	24	21.742205405941156	NFIA	NFIA
-119	19	21.784439457406037	NFIA	NFIA
-118	18	21.866500453931593	NFIA	NFIA
-117	23	21.777782370773316	NFIA	NFIA
-116	20	21.72719721805538	NFIA	NFIA
-115	20	21.679825470012865	NFIA	NFIA
-114	20	21.745457844672014	NFIA	NFIA
-113	23	21.758062394368576	NFIA	NFIA
-112	23	21.79542260507291	NFIA	NFIA
-111	16	21.746226835216515	NFIA	NFIA
-110	28	21.719487651391834	NFIA	NFIA
-109	21	21.748049617922053	NFIA	NFIA
-108	13	21.785770415559814	NFIA	NFIA
-107	18	21.771415162974055	NFIA	NFIA
-106	20	21.85056984202188	NFIA	NFIA
-105	15	21.782299340680016	NFIA	NFIA
-104	20	21.832949879743413	NFIA	NFIA
-103	22	21.85223452442903	NFIA	NFIA
-102	24	21.815743164776052	NFIA	NFIA
-101	24	21.75073179223938	NFIA	NFIA
-100	21	21.59847487700082	NFIA	NFIA
-99	28	21.763655115800308	NFIA	NFIA
-98	23	21.709716972743347	NFIA	NFIA
-97	21	21.720792866959144	NFIA	NFIA
-96	20	21.730295170242275	NFIA	NFIA
-95	24	21.78693720725035	NFIA	NFIA
-94	23	21.864583622346522	NFIA	NFIA
-93	24	21.836382138095757	NFIA	NFIA
-92	21	21.79316696627083	NFIA	NFIA
-91	13	21.743214000014106	NFIA	NFIA
-90	20	21.814751747830258	NFIA	NFIA
-89	23	21.89449891346874	NFIA	NFIA
-88	17	21.825002558108345	NFIA	NFIA
-87	17	21.67479329563613	NFIA	NFIA
-86	23	21.757043698496254	NFIA	NFIA
-85	22	21.84578762502028	NFIA	NFIA
-84	21	21.929219163282696	NFIA	NFIA
-83	22	22.051464380936633	NFIA	NFIA
-82	22	21.801726918229686	NFIA	NFIA
-81	25	21.70226786012383	NFIA	NFIA
-80	19	21.768816256115084	NFIA	NFIA
-79	17	21.72977257754946	NFIA	NFIA
-78	25	21.83159096852473	NFIA	NFIA
-77	32	21.78909311130459	NFIA	NFIA
-76	20	21.813520484848766	NFIA	NFIA
-75	26	21.76596592653814	NFIA	NFIA
-74	18	21.78808885816339	NFIA	NFIA
-73	22	21.905662883214017	NFIA	NFIA
-72	18	21.83742784382402	NFIA	NFIA
-71	24	21.73713202268879	NFIA	NFIA
-70	20	21.650688823602444	NFIA	NFIA
-69	22	21.708763105228833	NFIA	NFIA
-68	25	21.674530455907885	NFIA	NFIA
-67	20	21.732277725423387	NFIA	NFIA
-66	28	21.66817553365021	NFIA	NFIA
-65	19	21.67962496383465	NFIA	NFIA
-64	22	21.748529538838188	NFIA	NFIA
-63	22	21.887824446345164	NFIA	NFIA
-62	24	21.877558827942245	NFIA	NFIA
-61	21	21.83115028889117	NFIA	NFIA
-60	25	21.705110511190156	NFIA	NFIA
-59	22	21.600522950632584	NFIA	NFIA
-58	12	21.724265881424706	NFIA	NFIA
-57	24	21.682639777595448	NFIA	NFIA
-56	20	21.722878728234768	NFIA	NFIA
-55	16	21.641329549193213	NFIA	NFIA
-54	32	21.654800483770046	NFIA	NFIA
-53	21	21.704271067090747	NFIA	NFIA
-52	23	21.73251100348122	NFIA	NFIA
-51	16	21.708210284816932	NFIA	NFIA
-50	19	21.772690540610206	NFIA	NFIA
-49	24	21.782501230103854	NFIA	NFIA
-48	26	21.734103673035467	NFIA	NFIA
-47	23	21.76534696399713	NFIA	NFIA
-46	19	21.773885091654645	NFIA	NFIA
-45	23	21.796322331619514	NFIA	NFIA
-44	24	21.774062543186083	NFIA	NFIA
-43	19	21.621491372623844	NFIA	NFIA
-42	16	21.733162791311397	NFIA	NFIA
-41	21	21.76780362926351	NFIA	NFIA
-40	25	21.8826297207622	NFIA	NFIA
-39	26	21.784360359723863	NFIA	NFIA
-38	22	21.73475552209618	NFIA	NFIA
-37	25	21.694274918336824	NFIA	NFIA
-36	30	21.572870882252417	NFIA	NFIA
-35	16	21.518342868144625	NFIA	NFIA
-34	17	21.845016282280554	NFIA	NFIA
-33	25	21.8984811396093	NFIA	NFIA
-32	23	21.815884637845986	NFIA	NFIA
-31	26	21.80120999351264	NFIA	NFIA
-30	20	21.7172594060611	NFIA	NFIA
-29	33	21.80399963365362	NFIA	NFIA
-28	27	21.771818067042528	NFIA	NFIA
-27	19	21.667793188803202	NFIA	NFIA
-26	21	21.74320907773391	NFIA	NFIA
-25	22	21.745171923967757	NFIA	NFIA
-24	19	21.665898339280545	NFIA	NFIA
-23	30	21.757061857924896	NFIA	NFIA
-22	16	21.780823720938127	NFIA	NFIA
-21	29	21.701753626764326	NFIA	NFIA
-20	13	21.790534053007867	NFIA	NFIA
-19	21	21.675442179358342	NFIA	NFIA
-18	19	21.63975158442586	NFIA	NFIA
-17	27	21.83818500503919	NFIA	NFIA
-16	20	21.633044573054445	NFIA	NFIA
-15	28	21.68144598969133	NFIA	NFIA
-14	16	21.672304774609003	NFIA	NFIA
-13	20	21.521094935424212	NFIA	NFIA
-12	25	21.66897987732121	NFIA	NFIA
-11	28	21.77841150676867	NFIA	NFIA
-10	19	21.738836705464717	NFIA	NFIA
-9	24	21.83693207460145	NFIA	NFIA
-8	20	21.91222202827173	NFIA	NFIA
-7	32	21.867140242925913	NFIA	NFIA
-6	22	21.89901976832046	NFIA	NFIA
-5	22	21.82982448362149	NFIA	NFIA
-4	21	21.40384436586197	NFIA	NFIA
-3	8	18.819570935806077	NFIA	NFIA
-2	13	20.26023346268178	NFIA	NFIA
-1	27	25.016491089316684	NFIA	NFIA
0	24	25.005755012532152	NFIA	NFIA
1	25	20.259738002733165	NFIA	NFIA
2	19	18.821898167846495	NFIA	NFIA
3	19	21.377203137499357	NFIA	NFIA
4	18	21.922440510157628	NFIA	NFIA
5	24	21.98487257314473	NFIA	NFIA
6	31	21.91481929836579	NFIA	NFIA
7	20	21.924622750710355	NFIA	NFIA
8	23	21.831031981965673	NFIA	NFIA
9	26	21.936794483021888	NFIA	NFIA
10	17	21.73658295607736	NFIA	NFIA
11	18	21.716284886699118	NFIA	NFIA
12	20	21.637297505009304	NFIA	NFIA
13	23	21.791110003501636	NFIA	NFIA
14	22	21.824693739448964	NFIA	NFIA
15	18	21.79346383802962	NFIA	NFIA
16	23	21.911638047502294	NFIA	NFIA
17	18	21.720390697117477	NFIA	NFIA
18	16	21.650225635434786	NFIA	NFIA
19	24	21.78449318467004	NFIA	NFIA
20	21	21.733678892493312	NFIA	NFIA
21	31	21.789933188281346	NFIA	NFIA
22	24	21.776554309154783	NFIA	NFIA
23	26	21.65323534964809	NFIA	NFIA
24	27	21.539567789129624	NFIA	NFIA
25	25	21.639194406154566	NFIA	NFIA
26	26	21.55763233185051	NFIA	NFIA
27	20	21.720020868409005	NFIA	NFIA
28	15	21.670040430750667	NFIA	NFIA
29	24	21.622365933848535	NFIA	NFIA
30	24	21.760420700968876	NFIA	NFIA
31	25	21.67249160805861	NFIA	NFIA
32	23	21.828911464218606	NFIA	NFIA
33	21	21.74551470992415	NFIA	NFIA
34	23	21.59260291133457	NFIA	NFIA
35	15	21.70172560940978	NFIA	NFIA
36	30	21.755337469877496	NFIA	NFIA
37	25	21.850948612739437	NFIA	NFIA
38	18	21.87890673685442	NFIA	NFIA
39	24	21.77927797918407	NFIA	NFIA
40	17	21.809979774841647	NFIA	NFIA
41	20	21.768481352647424	NFIA	NFIA
42	22	21.71140573629498	NFIA	NFIA
43	24	21.77654929583944	NFIA	NFIA
44	21	21.762153754401403	NFIA	NFIA
45	11	21.808998369427517	NFIA	NFIA
46	14	21.747475253361735	NFIA	NFIA
47	23	21.640694852213226	NFIA	NFIA
48	21	21.73099745420743	NFIA	NFIA
49	23	21.792920550600453	NFIA	NFIA
50	19	21.7362796562473	NFIA	NFIA
51	21	21.757636931888246	NFIA	NFIA
52	25	21.803403186969852	NFIA	NFIA
53	23	21.738474702916694	NFIA	NFIA
54	20	21.647026393477276	NFIA	NFIA
55	19	21.636047818028697	NFIA	NFIA
56	19	21.646089230939936	NFIA	NFIA
57	26	21.76097248581588	NFIA	NFIA
58	22	21.790423980859586	NFIA	NFIA
59	20	21.691795210014853	NFIA	NFIA
60	25	21.814232007601063	NFIA	NFIA
61	18	21.706732243900035	NFIA	NFIA
62	21	21.719242318169403	NFIA	NFIA
63	23	21.833227503248263	NFIA	NFIA
64	23	21.885004459591503	NFIA	NFIA
65	30	21.85850572320593	NFIA	NFIA
66	26	21.775790856503402	NFIA	NFIA
67	15	21.701517762251584	NFIA	NFIA
68	19	21.74860268301462	NFIA	NFIA
69	19	21.789586822306042	NFIA	NFIA
70	27	21.689231183688264	NFIA	NFIA
71	28	21.699448266370233	NFIA	NFIA
72	16	21.796495812899753	NFIA	NFIA
73	20	21.633965877478182	NFIA	NFIA
74	21	21.70941934075081	NFIA	NFIA
75	18	21.670343908224787	NFIA	NFIA
76	21	21.87593626860144	NFIA	NFIA
77	20	21.830431783433212	NFIA	NFIA
78	23	21.767986431045678	NFIA	NFIA
79	23	21.782566028244425	NFIA	NFIA
80	18	21.71507678695055	NFIA	NFIA
81	20	21.745220832055292	NFIA	NFIA
82	22	21.7938382828122	NFIA	NFIA
83	32	21.86128299517948	NFIA	NFIA
84	21	21.909962011687995	NFIA	NFIA
85	18	21.907362893644326	NFIA	NFIA
86	16	21.789668187825104	NFIA	NFIA
87	17	21.820050189091972	NFIA	NFIA
88	18	21.861565785064975	NFIA	NFIA
89	23	21.706304919607863	NFIA	NFIA
90	13	21.81502095926042	NFIA	NFIA
91	17	21.731696791258567	NFIA	NFIA
92	30	21.78543178068145	NFIA	NFIA
93	19	21.892814046171555	NFIA	NFIA
94	20	21.920168341059973	NFIA	NFIA
95	28	21.897725190123914	NFIA	NFIA
96	23	21.779781942919794	NFIA	NFIA
97	27	21.7527586205219	NFIA	NFIA
98	19	21.7036448267167	NFIA	NFIA
99	24	21.72845469717602	NFIA	NFIA
100	26	21.74082903783483	NFIA	NFIA
101	16	21.78097664481983	NFIA	NFIA
102	20	21.782359644438465	NFIA	NFIA
103	17	21.853854312152816	NFIA	NFIA
104	10	21.85851537135719	NFIA	NFIA
105	13	21.774918703659335	NFIA	NFIA
106	22	21.71102901049836	NFIA	NFIA
107	18	21.708630910403386	NFIA	NFIA
108	13	21.7451879548594	NFIA	NFIA
109	28	21.746477331004794	NFIA	NFIA
110	19	21.829205924683844	NFIA	NFIA
111	13	21.69088804795147	NFIA	NFIA
112	22	21.825700653419023	NFIA	NFIA
113	23	21.859944213920745	NFIA	NFIA
114	25	21.781722499531668	NFIA	NFIA
115	26	21.72523172419989	NFIA	NFIA
116	24	21.647981828104783	NFIA	NFIA
117	22	21.76240534631784	NFIA	NFIA
118	21	21.732920328830048	NFIA	NFIA
119	18	21.737743074585794	NFIA	NFIA
120	21	21.89728127181458	NFIA	NFIA
121	20	21.84604501490216	NFIA	NFIA
122	24	21.771523137100154	NFIA	NFIA
123	14	21.714119460843968	NFIA	NFIA
124	23	21.751469822225637	NFIA	NFIA
125	20	21.72360365027864	NFIA	NFIA
126	25	21.687613119146814	NFIA	NFIA
127	20	21.648583647216146	NFIA	NFIA
128	25	21.738574994235524	NFIA	NFIA
129	21	21.70699325310744	NFIA	NFIA
130	22	21.68662781532002	NFIA	NFIA
131	27	21.808527344069255	NFIA	NFIA
132	19	21.865835580712492	NFIA	NFIA
133	24	21.75062873058398	NFIA	NFIA
134	32	21.70760095472729	NFIA	NFIA
135	24	21.66260525483952	NFIA	NFIA
136	26	21.61504071426553	NFIA	NFIA
137	21	21.83237524340139	NFIA	NFIA
138	22	21.776060078696677	NFIA	NFIA
139	23	21.63417269798313	NFIA	NFIA
140	24	21.762835663384305	NFIA	NFIA
141	18	21.84537364110555	NFIA	NFIA
142	14	21.774533017881012	NFIA	NFIA
143	15	21.78852175531863	NFIA	NFIA
144	23	21.683286631659474	NFIA	NFIA
145	9	21.71524502220293	NFIA	NFIA
146	24	21.698682480959434	NFIA	NFIA
147	24	21.75929121041347	NFIA	NFIA
148	21	21.802726381861408	NFIA	NFIA
149	18	21.779413635714512	NFIA	NFIA
150	18	21.766377013623913	NFIA	NFIA
151	24	21.576897672124474	NFIA	NFIA
152	18	21.58121216789607	NFIA	NFIA
153	17	21.69111899724851	NFIA	NFIA
154	28	21.798582561939917	NFIA	NFIA
155	20	21.567109096839573	NFIA	NFIA
156	21	21.647864843163955	NFIA	NFIA
157	21	21.77755461287708	NFIA	NFIA
158	23	21.73547247709476	NFIA	NFIA
159	26	21.668478284630627	NFIA	NFIA
160	17	21.798749942805873	NFIA	NFIA
161	18	21.898978532434622	NFIA	NFIA
162	22	21.639060050659072	NFIA	NFIA
163	10	21.5432032038576	NFIA	NFIA
164	18	21.585829246164003	NFIA	NFIA
165	26	21.780268068367747	NFIA	NFIA
166	21	21.8251137709473	NFIA	NFIA
167	17	21.847814279044343	NFIA	NFIA
168	20	21.811079705738244	NFIA	NFIA
169	30	21.863582645687014	NFIA	NFIA
170	21	21.862924561273406	NFIA	NFIA
171	23	21.75997384468172	NFIA	NFIA
172	20	21.847433243214894	NFIA	NFIA
173	26	21.845672310177758	NFIA	NFIA
174	27	21.86945917805273	NFIA	NFIA
175	22	21.886742534736065	NFIA	NFIA
176	19	21.76746598402203	NFIA	NFIA
177	17	21.68860447304462	NFIA	NFIA
178	33	21.736134368864587	NFIA	NFIA
179	25	21.88496699827559	NFIA	NFIA
180	20	21.744759875863807	NFIA	NFIA
181	13	21.69749780447914	NFIA	NFIA
182	26	21.683413151284892	NFIA	NFIA
183	22	21.757258623690248	NFIA	NFIA
184	19	21.814933855561435	NFIA	NFIA
185	24	21.82813414999647	NFIA	NFIA
186	19	21.794771921847747	NFIA	NFIA
187	19	21.70340672322509	NFIA	NFIA
188	21	21.803591627056953	NFIA	NFIA
189	26	21.853469044942184	NFIA	NFIA
190	25	21.8095297652107	NFIA	NFIA
191	21	21.727435660825034	NFIA	NFIA
192	34	21.823036770121814	NFIA	NFIA
193	20	21.726736130084124	NFIA	NFIA
194	20	21.72166375059072	NFIA	NFIA
195	27	21.786518172766073	NFIA	NFIA
196	21	21.775457440429495	NFIA	NFIA
197	22	21.729674744436306	NFIA	NFIA
198	21	21.727242084944887	NFIA	NFIA
199	17	21.846427489915246	NFIA	NFIA
200	26	21.759399142222488	NFIA	NFIA
201	23	21.73614305696997	NFIA	NFIA
202	20	21.693712053477334	NFIA	NFIA
203	23	21.734230359931153	NFIA	NFIA
204	16	21.695643751679707	NFIA	NFIA
205	17	21.68149541027835	NFIA	NFIA
206	22	21.82377141380608	NFIA	NFIA
207	28	21.838942248485697	NFIA	NFIA
208	20	21.860370886302665	NFIA	NFIA
209	31	21.87021087206821	NFIA	NFIA
210	25	21.683915378278286	NFIA	NFIA
211	17	21.601532048539127	NFIA	NFIA
212	23	21.631679308217215	NFIA	NFIA
213	22	21.676892462166727	NFIA	NFIA
214	25	21.60686042001168	NFIA	NFIA
215	23	21.707893725298337	NFIA	NFIA
216	25	21.69785098590763	NFIA	NFIA
217	20	21.712238300824506	NFIA	NFIA
218	22	21.72256970649877	NFIA	NFIA
219	21	21.785259594369165	NFIA	NFIA
220	21	21.8010461675601	NFIA	NFIA
221	26	21.669938872244877	NFIA	NFIA
222	19	21.755009912647438	NFIA	NFIA
223	22	21.786465639521314	NFIA	NFIA
224	24	21.788835377927068	NFIA	NFIA
225	21	21.767908890498667	NFIA	NFIA
226	25	21.767853679223894	NFIA	NFIA
227	22	21.752633420147365	NFIA	NFIA
228	20	21.699312661984976	NFIA	NFIA
229	15	21.753409059766913	NFIA	NFIA
230	17	21.827129176597545	NFIA	NFIA
231	26	21.83508773604059	NFIA	NFIA
232	30	21.824130962697215	NFIA	NFIA
233	24	21.815057963756686	NFIA	NFIA
234	20	21.7528135349011	NFIA	NFIA
235	20	21.82562750099861	NFIA	NFIA
236	22	21.76568109106529	NFIA	NFIA
237	22	21.689065345054214	NFIA	NFIA
238	25	21.732842843211152	NFIA	NFIA
239	23	21.805735128972422	NFIA	NFIA
240	23	21.78455698898561	NFIA	NFIA
241	21	21.72648965029931	NFIA	NFIA
242	26	21.65281426597503	NFIA	NFIA
243	25	21.736610095252246	NFIA	NFIA
244	24	21.709005993782167	NFIA	NFIA
245	25	21.81090825989062	NFIA	NFIA
246	23	21.902703563070343	NFIA	NFIA
247	32	21.75049795213893	NFIA	NFIA
248	29	21.730368520773865	NFIA	NFIA
249	23	21.68936870683773	NFIA	NFIA
250	17	21.75578305182261	NFIA	NFIA
251	16	21.797668945060195	NFIA	NFIA
252	26	21.752589711952908	NFIA	NFIA
253	27	21.765725425497333	NFIA	NFIA
254	26	21.677291683487546	NFIA	NFIA
255	24	21.708729996458008	NFIA	NFIA
256	23	21.738630149502548	NFIA	NFIA
257	21	21.831617465203937	NFIA	NFIA
258	30	21.77492316429595	NFIA	NFIA
259	19	21.75763578725485	NFIA	NFIA
260	25	21.735140398626818	NFIA	NFIA
261	26	21.694093541972173	NFIA	NFIA
262	21	21.67731547099976	NFIA	NFIA
263	20	21.737387069127635	NFIA	NFIA
264	25	21.89271140249074	NFIA	NFIA
265	18	21.863101027859972	NFIA	NFIA
266	19	21.658147873283262	NFIA	NFIA
267	20	21.655670241197406	NFIA	NFIA
268	22	21.741164072070127	NFIA	NFIA
269	20	21.784542264805946	NFIA	NFIA
270	26	21.74575354812485	NFIA	NFIA
271	20	21.65199377448255	NFIA	NFIA
272	11	21.661869187246776	NFIA	NFIA
273	27	21.740777110988617	NFIA	NFIA
274	17	21.841758734151792	NFIA	NFIA
275	19	21.73242539093208	NFIA	NFIA
276	15	21.72435748224668	NFIA	NFIA
277	21	21.767057576481687	NFIA	NFIA
278	25	21.72655162284285	NFIA	NFIA
279	22	21.742895300214343	NFIA	NFIA
280	19	21.84088151776833	NFIA	NFIA
281	23	21.762842327988395	NFIA	NFIA
282	28	21.713868112155534	NFIA	NFIA
283	23	21.784564949891386	NFIA	NFIA
284	16	21.791703065407855	NFIA	NFIA
285	20	21.81687106799875	NFIA	NFIA
286	17	21.726928070473413	NFIA	NFIA
287	39	21.765281705245858	NFIA	NFIA
288	18	21.66296278280915	NFIA	NFIA
289	21	21.827438868264153	NFIA	NFIA
290	19	21.840453077936775	NFIA	NFIA
291	25	21.80554165055038	NFIA	NFIA
292	15	21.63841068202806	NFIA	NFIA
293	19	21.7021510051514	NFIA	NFIA
294	17	21.661537158581293	NFIA	NFIA
295	22	21.733127075216565	NFIA	NFIA
296	23	21.743334651953628	NFIA	NFIA
297	19	21.7608308792197	NFIA	NFIA
298	24	21.821328553011014	NFIA	NFIA
299	30	21.775513500794567	NFIA	NFIA
300	21	21.716038099298306	NFIA	NFIA
301	22	21.722513415006237	NFIA	NFIA
302	18	21.816130870066434	NFIA	NFIA
303	22	21.75229767839681	NFIA	NFIA
304	23	21.814598364478382	NFIA	NFIA
305	18	21.78366839892143	NFIA	NFIA
306	26	21.827812455726225	NFIA	NFIA
307	21	21.760866234577065	NFIA	NFIA
308	16	21.836822354198215	NFIA	NFIA
309	23	21.77688908146657	NFIA	NFIA
310	16	21.81638494031912	NFIA	NFIA
311	22	21.78505781054072	NFIA	NFIA
312	19	21.711417264514928	NFIA	NFIA
313	25	21.68498606166988	NFIA	NFIA
314	24	21.71812665158233	NFIA	NFIA
315	18	21.815614638606647	NFIA	NFIA
316	27	21.703440660550484	NFIA	NFIA
317	23	21.806343035196946	NFIA	NFIA
318	21	21.843146192097496	NFIA	NFIA
319	21	21.87962805337682	NFIA	NFIA
320	20	21.844313303366594	NFIA	NFIA
321	20	21.862541355434622	NFIA	NFIA
322	16	21.926426868141526	NFIA	NFIA
323	26	21.703691787139405	NFIA	NFIA
324	25	21.709210858770987	NFIA	NFIA
325	26	21.800271250837564	NFIA	NFIA
326	33	21.830485449575104	NFIA	NFIA
327	20	21.779161694797065	NFIA	NFIA
328	32	21.84208992746588	NFIA	NFIA
329	27	21.891814539640976	NFIA	NFIA
330	25	21.831739320188323	NFIA	NFIA
331	22	21.69450003416744	NFIA	NFIA
332	19	21.648938586264254	NFIA	NFIA
333	27	21.740426449509457	NFIA	NFIA
334	14	21.680972637251834	NFIA	NFIA
335	19	21.686450521926936	NFIA	NFIA
336	13	21.792820729462505	NFIA	NFIA
337	13	21.80598922851588	NFIA	NFIA
338	20	21.815931036808063	NFIA	NFIA
339	33	21.770533955722545	NFIA	NFIA
340	22	21.73306470539722	NFIA	NFIA
341	27	21.74256849906291	NFIA	NFIA
342	34	21.752439505750175	NFIA	NFIA
343	22	21.714502867281894	NFIA	NFIA
344	26	21.73540234866679	NFIA	NFIA
345	28	21.741616535550634	NFIA	NFIA
346	24	21.82201745886165	NFIA	NFIA
347	16	21.818254065216472	NFIA	NFIA
348	24	21.78047215346694	NFIA	NFIA
349	24	21.83592675568135	NFIA	NFIA
350	12	21.751357437157356	NFIA	NFIA
351	24	21.83264041371698	NFIA	NFIA
352	17	21.757055618669444	NFIA	NFIA
353	30	21.714631222251338	NFIA	NFIA
354	21	21.668555781386377	NFIA	NFIA
355	27	21.691750246145222	NFIA	NFIA
356	19	21.790088094021765	NFIA	NFIA
357	16	21.826730208947883	NFIA	NFIA
358	18	21.79122810068755	NFIA	NFIA
359	22	21.8446306896526	NFIA	NFIA
360	24	21.83334884657619	NFIA	NFIA
361	27	21.75618477435573	NFIA	NFIA
362	19	21.718400240019303	NFIA	NFIA
363	19	21.840622052644306	NFIA	NFIA
364	20	21.668087544907	NFIA	NFIA
365	13	21.817779493265515	NFIA	NFIA
366	29	21.863180543150733	NFIA	NFIA
367	25	21.789803562376747	NFIA	NFIA
368	23	21.81506629662652	NFIA	NFIA
369	16	21.77228960035672	NFIA	NFIA
370	27	21.643625223667712	NFIA	NFIA
371	16	21.71611262257142	NFIA	NFIA
372	24	21.764044975022664	NFIA	NFIA
373	19	21.773365177279857	NFIA	NFIA
374	14	21.77687813270982	NFIA	NFIA
375	18	21.708017094314048	NFIA	NFIA
376	13	21.693635015754854	NFIA	NFIA
377	22	21.70553917457922	NFIA	NFIA
378	16	21.726920126038127	NFIA	NFIA
379	28	21.772250209615425	NFIA	NFIA
380	23	21.70204029173316	NFIA	NFIA
381	20	21.720728646123447	NFIA	NFIA
382	19	21.659637954938837	NFIA	NFIA
383	15	21.800321345696254	NFIA	NFIA
384	23	21.828564525187186	NFIA	NFIA
385	14	21.7299304339948	NFIA	NFIA
386	19	21.68998184626914	NFIA	NFIA
387	23	21.64633502915993	NFIA	NFIA
388	18	21.79410202540136	NFIA	NFIA
389	23	21.935427877901503	NFIA	NFIA
390	18	21.811729912358615	NFIA	NFIA
391	14	21.728478761787276	NFIA	NFIA
392	16	21.755434604649498	NFIA	NFIA
393	20	21.882255446633234	NFIA	NFIA
394	14	21.776956542490797	NFIA	NFIA
395	22	21.782429110016263	NFIA	NFIA
396	19	21.759836186526737	NFIA	NFIA
397	21	21.700271759364252	NFIA	NFIA
398	17	21.74590385691094	NFIA	NFIA
399	25	21.769869053257075	NFIA	NFIA
400	19	21.80407276767798	NFIA	NFIA
401	22	21.783586567717645	NFIA	NFIA
402	23	21.733254525919786	NFIA	NFIA
403	23	21.78342006265176	NFIA	NFIA
404	23	21.747207312079883	NFIA	NFIA
405	19	21.764968717937744	NFIA	NFIA
406	13	21.894715422633585	NFIA	NFIA
407	22	21.927250336107644	NFIA	NFIA
408	17	21.791821858445992	NFIA	NFIA
409	21	21.851415974227756	NFIA	NFIA
410	15	21.752389776990306	NFIA	NFIA
411	26	21.626261367989894	NFIA	NFIA
412	20	21.777370387370055	NFIA	NFIA
413	28	21.717694238976538	NFIA	NFIA
414	31	21.763491767235525	NFIA	NFIA
415	20	21.725402263200404	NFIA	NFIA
416	31	21.67352506657488	NFIA	NFIA
417	18	21.749311142130225	NFIA	NFIA
418	18	21.697754236075056	NFIA	NFIA
419	18	21.72650062843765	NFIA	NFIA
420	27	21.745851829429988	NFIA	NFIA
421	21	21.81556889498128	NFIA	NFIA
422	21	21.73718058123229	NFIA	NFIA
423	26	21.71837035825481	NFIA	NFIA
424	20	21.794260209827723	NFIA	NFIA
425	19	21.889588085086356	NFIA	NFIA
426	27	21.798217629368217	NFIA	NFIA
427	24	21.749544648245625	NFIA	NFIA
428	22	21.69659730478703	NFIA	NFIA
429	38	21.62240758531219	NFIA	NFIA
430	18	21.704639717037058	NFIA	NFIA
431	24	21.79712634458104	NFIA	NFIA
432	11	21.733875850261313	NFIA	NFIA
433	17	21.812627386023625	NFIA	NFIA
434	31	21.825227747229384	NFIA	NFIA
435	20	21.780488084553696	NFIA	NFIA
436	30	21.69225661786232	NFIA	NFIA
437	16	21.71332005103997	NFIA	NFIA
438	22	21.840521096761776	NFIA	NFIA
439	16	21.789924016460816	NFIA	NFIA
440	28	21.69061531457257	NFIA	NFIA
441	24	21.734399899956106	NFIA	NFIA
442	21	21.744110058867694	NFIA	NFIA
443	14	21.712811995490988	NFIA	NFIA
444	27	21.77325715904209	NFIA	NFIA
445	26	21.800688629704595	NFIA	NFIA
446	23	21.739035500430862	NFIA	NFIA
447	18	21.73098932299598	NFIA	NFIA
448	24	21.687097115986468	NFIA	NFIA
449	27	21.74760287546446	NFIA	NFIA
450	23	21.749390700434006	NFIA	NFIA
451	29	21.757656631081037	NFIA	NFIA
452	17	21.82500653781545	NFIA	NFIA
453	5	21.809601439697513	NFIA	NFIA
454	24	21.815268035318947	NFIA	NFIA
455	26	21.748034043132392	NFIA	NFIA
456	18	21.73995351465334	NFIA	NFIA
457	16	21.76088119654032	NFIA	NFIA
458	27	21.758599900694488	NFIA	NFIA
459	19	21.779407587235116	NFIA	NFIA
460	21	21.696076872467838	NFIA	NFIA
461	31	21.766834499017918	NFIA	NFIA
462	17	21.663898856665373	NFIA	NFIA
463	12	21.83076109068977	NFIA	NFIA
464	30	21.86942988142862	NFIA	NFIA
465	15	21.7569617284166	NFIA	NFIA
466	23	21.770683488414985	NFIA	NFIA
467	19	21.837164754433484	NFIA	NFIA
468	20	21.798478430143966	NFIA	NFIA
469	18	21.724464017117658	NFIA	NFIA
470	21	21.84698247431958	NFIA	NFIA
471	23	21.803660695710516	NFIA	NFIA
472	22	21.708528814991446	NFIA	NFIA
473	16	21.744110019419622	NFIA	NFIA
474	22	21.792266674674604	NFIA	NFIA
475	22	21.714012290218104	NFIA	NFIA
476	22	21.60901688225975	NFIA	NFIA
477	21	21.771872365617266	NFIA	NFIA
478	23	21.751291036289675	NFIA	NFIA
479	28	21.644758121376483	NFIA	NFIA
480	22	21.729165853939048	NFIA	NFIA
481	27	21.73661599844773	NFIA	NFIA
482	20	21.707636535786566	NFIA	NFIA
483	30	21.69528805220631	NFIA	NFIA
484	25	21.801421836543575	NFIA	NFIA
485	9	21.734010929056616	NFIA	NFIA
486	12	21.83995164138942	NFIA	NFIA
487	27	21.791177557582525	NFIA	NFIA
488	31	21.745011095044962	NFIA	NFIA
489	35	21.75199341641008	NFIA	NFIA
490	27	21.715299843981832	NFIA	NFIA
491	19	21.698497158609808	NFIA	NFIA
492	18	21.77965720568243	NFIA	NFIA
493	16	21.77595861909808	NFIA	NFIA
494	18	21.78499313858165	NFIA	NFIA
495	19	21.87839690824563	NFIA	NFIA
496	28	21.850771727155237	NFIA	NFIA
497	29	21.81014677645239	NFIA	NFIA
498	15	21.75737538583237	NFIA	NFIA
499	15	21.721835954331127	NFIA	NFIA
500	17	21.840154084946086	NFIA	NFIA
501	21	21.75794546957458	NFIA	NFIA
502	33	21.822846478568493	NFIA	NFIA
503	32	21.825267810330956	NFIA	NFIA
504	18	21.806815369787643	NFIA	NFIA
505	29	21.71493757641515	NFIA	NFIA
506	16	21.866855622180466	NFIA	NFIA
507	19	21.86641886650656	NFIA	NFIA
508	22	21.89191410231634	NFIA	NFIA
509	24	21.737611904393045	NFIA	NFIA
510	26	21.80587223072188	NFIA	NFIA
511	20	21.861250762766044	NFIA	NFIA
512	25	21.875875265158875	NFIA	NFIA
513	21	21.85050882560485	NFIA	NFIA
514	13	21.775210918796	NFIA	NFIA
515	25	21.776639817327418	NFIA	NFIA
516	16	21.738874248826768	NFIA	NFIA
517	25	21.789348792396353	NFIA	NFIA
518	26	21.802954566296062	NFIA	NFIA
519	13	21.76592039081529	NFIA	NFIA
520	20	21.786889490242853	NFIA	NFIA
521	28	21.80873695865944	NFIA	NFIA
522	19	21.747951025144122	NFIA	NFIA
523	18	21.791926500450735	NFIA	NFIA
524	22	21.807434073723893	NFIA	NFIA
525	18	21.671545002665134	NFIA	NFIA
526	29	21.688128856785625	NFIA	NFIA
527	16	21.72505592025861	NFIA	NFIA
528	25	21.719737471286276	NFIA	NFIA
529	21	21.6821505772048	NFIA	NFIA
530	23	21.753172243687814	NFIA	NFIA
531	19	21.736520389226975	NFIA	NFIA
532	12	21.582027679556084	NFIA	NFIA
533	25	21.66282326081839	NFIA	NFIA
534	22	21.835966081246433	NFIA	NFIA
535	17	21.843700081667066	NFIA	NFIA
536	25	21.77221969501536	NFIA	NFIA
537	22	21.833100254405963	NFIA	NFIA
538	24	21.793725973960488	NFIA	NFIA
539	22	21.805605110216568	NFIA	NFIA
540	18	21.687888129631844	NFIA	NFIA
541	27	21.787523028447072	NFIA	NFIA
542	23	21.722278026999955	NFIA	NFIA
543	17	21.86151730132309	NFIA	NFIA
544	27	21.859733898610642	NFIA	NFIA
545	22	21.783357156753283	NFIA	NFIA
546	17	21.688051470403316	NFIA	NFIA
547	26	21.66353200758167	NFIA	NFIA
548	25	21.734839588773454	NFIA	NFIA
549	17	21.66460652584053	NFIA	NFIA
550	28	21.758969056437312	NFIA	NFIA
551	23	21.874528966409244	NFIA	NFIA
552	22	21.85407005722722	NFIA	NFIA
553	20	21.7909632768517	NFIA	NFIA
554	26	21.797158129887478	NFIA	NFIA
555	21	21.732440150284003	NFIA	NFIA
556	19	21.797636606910526	NFIA	NFIA
557	16	21.729616843898835	NFIA	NFIA
558	21	21.74669877214513	NFIA	NFIA
559	18	21.714983334438713	NFIA	NFIA
560	19	21.747902546392517	NFIA	NFIA
561	21	21.854162361086008	NFIA	NFIA
562	19	21.703404495117553	NFIA	NFIA
563	19	21.69821441272141	NFIA	NFIA
564	25	21.80663242569009	NFIA	NFIA
565	13	21.72832695913891	NFIA	NFIA
566	16	21.625366404547638	NFIA	NFIA
567	18	21.742789287605675	NFIA	NFIA
568	20	21.792308432097443	NFIA	NFIA
569	29	21.771625758999722	NFIA	NFIA
570	19	21.788187201169926	NFIA	NFIA
571	22	21.67875227918579	NFIA	NFIA
572	29	21.618939518899406	NFIA	NFIA
573	30	21.67531942998204	NFIA	NFIA
574	25	21.737697403570703	NFIA	NFIA
575	24	21.70777549629161	NFIA	NFIA
576	13	21.765974631456277	NFIA	NFIA
577	19	21.836744636847406	NFIA	NFIA
578	27	21.711402500188044	NFIA	NFIA
579	23	21.6925806065354	NFIA	NFIA
580	27	21.77839753300494	NFIA	NFIA
581	20	21.70591095177998	NFIA	NFIA
582	27	21.697619755320474	NFIA	NFIA
583	26	21.82834434501863	NFIA	NFIA
584	18	21.846335732420854	NFIA	NFIA
585	23	21.757833956202777	NFIA	NFIA
586	18	21.71128304884992	NFIA	NFIA
587	28	21.73257554563872	NFIA	NFIA
588	20	21.705414238431427	NFIA	NFIA
589	21	21.744487213351228	NFIA	NFIA
590	21	21.83461507281497	NFIA	NFIA
591	24	21.815861498463804	NFIA	NFIA
592	30	21.814500844086965	NFIA	NFIA
593	22	21.81533449064922	NFIA	NFIA
594	28	21.775904019383653	NFIA	NFIA
595	24	21.73216906086122	NFIA	NFIA
596	20	21.77980447718808	NFIA	NFIA
597	12	21.76000881244968	NFIA	NFIA
598	27	21.770199762261047	NFIA	NFIA
599	23	21.846956968054958	NFIA	NFIA
600	22	21.824490973326707	NFIA	NFIA
601	21	21.773750187626298	NFIA	NFIA
602	17	21.756362463933975	NFIA	NFIA
603	28	21.888474857891964	NFIA	NFIA
604	23	21.85854237277339	NFIA	NFIA
605	18	21.79613178261409	NFIA	NFIA
606	23	21.805407193609145	NFIA	NFIA
607	17	21.783315817112815	NFIA	NFIA
608	23	21.791376184511673	NFIA	NFIA
609	28	21.821346108011507	NFIA	NFIA
610	11	21.72823330488514	NFIA	NFIA
611	15	21.747415180790988	NFIA	NFIA
612	20	21.777154378973723	NFIA	NFIA
613	31	21.886557907244676	NFIA	NFIA
614	23	21.795671043538558	NFIA	NFIA
615	29	21.72522978227961	NFIA	NFIA
616	24	21.711871118440556	NFIA	NFIA
617	27	21.83142857667097	NFIA	NFIA
618	33	21.70164106658572	NFIA	NFIA
619	16	21.693125865163303	NFIA	NFIA
620	21	21.78970495709592	NFIA	NFIA
621	21	21.64128857494288	NFIA	NFIA
622	21	21.67717322764282	NFIA	NFIA
623	30	21.72677551553811	NFIA	NFIA
624	22	21.740103988608052	NFIA	NFIA
625	16	21.80036204529514	NFIA	NFIA
626	19	21.861707582017665	NFIA	NFIA
627	20	21.729531367854765	NFIA	NFIA
628	21	21.8109468929423	NFIA	NFIA
629	24	21.912783125063385	NFIA	NFIA
630	10	21.865215394177	NFIA	NFIA
631	16	21.870441210991515	NFIA	NFIA
632	25	21.79878287221543	NFIA	NFIA
633	20	21.844713972546387	NFIA	NFIA
634	23	21.833552356250717	NFIA	NFIA
635	22	21.800913457459465	NFIA	NFIA
636	25	21.7489293766391	NFIA	NFIA
637	18	21.811672739911078	NFIA	NFIA
638	23	21.698669864859024	NFIA	NFIA
639	26	21.675264261479864	NFIA	NFIA
640	26	21.739224138029797	NFIA	NFIA
641	18	21.756639448393816	NFIA	NFIA
642	26	21.78274422342242	NFIA	NFIA
643	28	21.760896396561765	NFIA	NFIA
644	12	21.825659552513983	NFIA	NFIA
645	27	21.84665575570821	NFIA	NFIA
646	16	21.76502317545711	NFIA	NFIA
647	23	21.795437021208276	NFIA	NFIA
648	28	21.81590949818462	NFIA	NFIA
649	23	21.746028152478296	NFIA	NFIA
650	25	21.763166640910537	NFIA	NFIA
651	24	21.816522340117746	NFIA	NFIA
652	22	21.682035689102452	NFIA	NFIA
653	26	21.800373117243918	NFIA	NFIA
654	25	21.79079141266921	NFIA	NFIA
655	18	21.683220352509107	NFIA	NFIA
656	24	21.655579449942937	NFIA	NFIA
657	20	21.59921489351072	NFIA	NFIA
658	28	21.73517549111691	NFIA	NFIA
659	19	21.785293373145862	NFIA	NFIA
660	19	21.734939171906056	NFIA	NFIA
661	21	21.73764770376782	NFIA	NFIA
662	24	21.861179503017546	NFIA	NFIA
663	32	21.690136124852152	NFIA	NFIA
664	22	21.742263764493224	NFIA	NFIA
665	23	21.764469918373763	NFIA	NFIA
666	19	21.784378581721057	NFIA	NFIA
667	22	21.829005341800382	NFIA	NFIA
668	28	21.809967165982933	NFIA	NFIA
669	28	21.745627067909513	NFIA	NFIA
670	24	21.737964605535183	NFIA	NFIA
671	20	21.867800246783503	NFIA	NFIA
672	20	21.804786676696505	NFIA	NFIA
673	18	21.76642866658182	NFIA	NFIA
674	18	21.74295880492598	NFIA	NFIA
675	20	21.684513202647206	NFIA	NFIA
676	23	21.769283573917942	NFIA	NFIA
677	17	21.87192464715739	NFIA	NFIA
678	20	21.888504905597852	NFIA	NFIA
679	25	21.83031183631704	NFIA	NFIA
680	29	21.8547373881401	NFIA	NFIA
681	37	21.738269991862524	NFIA	NFIA
682	33	21.69949034250953	NFIA	NFIA
683	23	21.719002335264346	NFIA	NFIA
684	18	21.66663763317228	NFIA	NFIA
685	18	21.66890767517393	NFIA	NFIA
686	22	21.76890185754809	NFIA	NFIA
687	22	21.771818974163384	NFIA	NFIA
688	18	21.785287706800634	NFIA	NFIA
689	14	21.76386783160845	NFIA	NFIA
690	26	21.771214815940496	NFIA	NFIA
691	21	21.83130791212202	NFIA	NFIA
692	27	21.725563169733405	NFIA	NFIA
693	22	21.79055846147104	NFIA	NFIA
694	22	21.87056592868027	NFIA	NFIA
695	23	21.773390099004548	NFIA	NFIA
696	30	21.845194049032813	NFIA	NFIA
697	22	21.885520772625384	NFIA	NFIA
698	13	21.774486926651285	NFIA	NFIA
699	15	21.79846634736681	NFIA	NFIA
700	16	21.73514298508891	NFIA	NFIA
701	15	21.657138996237975	NFIA	NFIA
702	26	21.836614380944408	NFIA	NFIA
703	20	21.939371834944808	NFIA	NFIA
704	25	21.744283220284657	NFIA	NFIA
705	25	21.782147490750216	NFIA	NFIA
706	17	21.811881984768227	NFIA	NFIA
707	20	21.795033026759594	NFIA	NFIA
708	32	21.76228468348746	NFIA	NFIA
709	27	21.790781780067253	NFIA	NFIA
710	31	21.789133335910385	NFIA	NFIA
711	23	21.78622371924767	NFIA	NFIA
712	23	21.811031414743326	NFIA	NFIA
713	26	21.746583578262623	NFIA	NFIA
714	17	21.904613974250722	NFIA	NFIA
715	19	21.811385970876923	NFIA	NFIA
716	19	21.809201481420136	NFIA	NFIA
717	22	21.771644214683047	NFIA	NFIA
718	18	21.94555675293186	NFIA	NFIA
719	28	21.83478901282808	NFIA	NFIA
720	18	21.642048240643955	NFIA	NFIA
721	19	21.68167764353308	NFIA	NFIA
722	22	21.73206945470669	NFIA	NFIA
723	28	21.840326563281845	NFIA	NFIA
724	27	21.805214788538873	NFIA	NFIA
725	22	21.767842269332967	NFIA	NFIA
726	25	21.732586696812735	NFIA	NFIA
727	23	21.8070792247247	NFIA	NFIA
728	23	21.758245089462687	NFIA	NFIA
729	27	21.87524348037785	NFIA	NFIA
730	22	21.854401293883228	NFIA	NFIA
731	16	21.661498875684916	NFIA	NFIA
732	20	21.724021007260816	NFIA	NFIA
733	24	21.80196133615709	NFIA	NFIA
734	25	21.882463410578794	NFIA	NFIA
735	25	21.901626922482613	NFIA	NFIA
736	28	21.84699723338939	NFIA	NFIA
737	16	21.69469835562071	NFIA	NFIA
738	19	21.75944755009597	NFIA	NFIA
739	23	21.72330699811723	NFIA	NFIA
740	20	21.76679033416661	NFIA	NFIA
741	24	21.903924090197414	NFIA	NFIA
742	18	21.92349687096883	NFIA	NFIA
743	22	21.880439282037393	NFIA	NFIA
744	23	21.847932356613445	NFIA	NFIA
745	21	21.77741192687628	NFIA	NFIA
746	14	21.755207474196506	NFIA	NFIA
747	21	21.77833424242832	NFIA	NFIA
748	26	21.860880638851857	NFIA	NFIA
749	23	21.82693992912133	NFIA	NFIA
750	24	21.925136983833234	NFIA	NFIA
751	23	21.81879567581795	NFIA	NFIA
752	18	21.714882972188228	NFIA	NFIA
753	15	21.75637390041469	NFIA	NFIA
754	27	21.730496256997668	NFIA	NFIA
755	24	21.735988593418895	NFIA	NFIA
756	19	21.86891657917366	NFIA	NFIA
757	25	21.828652382145858	NFIA	NFIA
758	19	21.8196188743859	NFIA	NFIA
759	22	21.74851471995931	NFIA	NFIA
760	19	21.795577813364574	NFIA	NFIA
761	24	21.817513513334667	NFIA	NFIA
762	19	21.73554952929317	NFIA	NFIA
763	16	21.68775239987696	NFIA	NFIA
764	26	21.753559645196237	NFIA	NFIA
765	33	21.8688177476556	NFIA	NFIA
766	25	21.835893247496507	NFIA	NFIA
767	12	21.876538970253208	NFIA	NFIA
768	25	21.840061235985264	NFIA	NFIA
769	25	21.72286260833381	NFIA	NFIA
770	17	21.73643603963918	NFIA	NFIA
771	17	21.68657993924261	NFIA	NFIA
772	22	21.755627658328162	NFIA	NFIA
773	19	21.760251598434433	NFIA	NFIA
774	23	21.85941504410153	NFIA	NFIA
775	23	21.75270589268869	NFIA	NFIA
776	26	21.726085613700384	NFIA	NFIA
777	23	21.82971975661912	NFIA	NFIA
778	22	21.805540283705632	NFIA	NFIA
779	22	21.757855174703753	NFIA	NFIA
780	25	21.667376226976746	NFIA	NFIA
781	18	21.722626384517625	NFIA	NFIA
782	24	21.8373604214689	NFIA	NFIA
783	26	21.86274452323573	NFIA	NFIA
784	29	21.80189750143692	NFIA	NFIA
785	30	21.642838289582013	NFIA	NFIA
786	24	21.828308029585003	NFIA	NFIA
787	18	21.808285506116945	NFIA	NFIA
788	32	21.923427464140655	NFIA	NFIA
789	24	22.00232379491861	NFIA	NFIA
790	23	21.937218480551756	NFIA	NFIA
791	18	21.847652767342044	NFIA	NFIA
792	17	21.722506700430806	NFIA	NFIA
793	28	21.761444790024925	NFIA	NFIA
794	15	21.83647040720994	NFIA	NFIA
795	19	21.720402985691802	NFIA	NFIA
796	17	21.743460220977646	NFIA	NFIA
797	24	21.82662014563208	NFIA	NFIA
798	23	21.786895349235937	NFIA	NFIA
799	24	21.79528235212775	NFIA	NFIA
800	18	21.830359356764863	NFIA	NFIA
801	21	21.74564849991015	NFIA	NFIA
802	19	21.731250852521548	NFIA	NFIA
803	13	21.82411213068603	NFIA	NFIA
804	19	21.86048732054698	NFIA	NFIA
805	35	21.8168091862688	NFIA	NFIA
806	21	21.67052945949484	NFIA	NFIA
807	28	21.750406729802936	NFIA	NFIA
808	17	21.78768072654817	NFIA	NFIA
809	26	21.86040717020067	NFIA	NFIA
810	23	21.864240326681962	NFIA	NFIA
811	27	21.76489947581424	NFIA	NFIA
812	30	21.927742495165194	NFIA	NFIA
813	17	21.839464072835177	NFIA	NFIA
814	17	21.71045551672521	NFIA	NFIA
815	23	21.700335816384847	NFIA	NFIA
816	23	21.68520329183487	NFIA	NFIA
817	20	21.66320796558651	NFIA	NFIA
818	21	21.752668841915845	NFIA	NFIA
819	22	21.820217135857547	NFIA	NFIA
820	18	21.87103098866466	NFIA	NFIA
821	17	21.806217924882855	NFIA	NFIA
822	18	21.79613761239101	NFIA	NFIA
823	22	21.812976101846502	NFIA	NFIA
824	24	21.813362193135198	NFIA	NFIA
825	24	21.779656472092928	NFIA	NFIA
826	17	21.810338496979085	NFIA	NFIA
827	23	21.759978084648594	NFIA	NFIA
828	28	21.745358741817338	NFIA	NFIA
829	17	21.68457617131546	NFIA	NFIA
830	24	21.701322511481578	NFIA	NFIA
831	17	21.77415236005954	NFIA	NFIA
832	15	21.76419954593392	NFIA	NFIA
833	15	21.72419948452993	NFIA	NFIA
834	20	21.79609045718914	NFIA	NFIA
835	18	21.738129582819127	NFIA	NFIA
836	22	21.76345511886305	NFIA	NFIA
837	22	21.82272508168967	NFIA	NFIA
838	23	21.79985292527279	NFIA	NFIA
839	31	21.733757324242934	NFIA	NFIA
840	19	21.738182063400767	NFIA	NFIA
841	15	21.844325594036942	NFIA	NFIA
842	24	21.80961488242508	NFIA	NFIA
843	19	21.769032170202877	NFIA	NFIA
844	20	21.653750873635538	NFIA	NFIA
845	28	21.69272997334258	NFIA	NFIA
846	26	21.736322497817074	NFIA	NFIA
847	20	21.851281181951432	NFIA	NFIA
848	12	21.85325288677145	NFIA	NFIA
849	18	21.75886060803913	NFIA	NFIA
850	16	21.707486749640328	NFIA	NFIA
851	25	21.736557820227315	NFIA	NFIA
852	25	21.800594595635417	NFIA	NFIA
853	20	21.83866487794243	NFIA	NFIA
854	12	21.860039674350784	NFIA	NFIA
855	30	21.7797715892589	NFIA	NFIA
856	27	21.86155361862047	NFIA	NFIA
857	23	21.865080030010745	NFIA	NFIA
858	20	21.829313185814033	NFIA	NFIA
859	22	21.832007666757136	NFIA	NFIA
860	17	21.802636929990275	NFIA	NFIA
861	22	21.72062377392494	NFIA	NFIA
862	19	21.761495091037848	NFIA	NFIA
863	17	21.753214777540034	NFIA	NFIA
864	21	21.69249030625418	NFIA	NFIA
865	24	21.8788211184492	NFIA	NFIA
866	23	21.853799243575256	NFIA	NFIA
867	29	21.707005013250566	NFIA	NFIA
868	22	21.79599836888845	NFIA	NFIA
869	29	21.78336723954956	NFIA	NFIA
870	25	21.745422097753266	NFIA	NFIA
871	34	21.745811701902618	NFIA	NFIA
872	15	21.721522739260813	NFIA	NFIA
873	29	21.83137181200469	NFIA	NFIA
874	20	21.830691972566594	NFIA	NFIA
875	18	21.73147926935193	NFIA	NFIA
876	24	21.73943613073753	NFIA	NFIA
877	18	21.703265790108293	NFIA	NFIA
878	26	21.748931795925333	NFIA	NFIA
879	24	21.842606209589796	NFIA	NFIA
880	23	21.751395797149037	NFIA	NFIA
881	26	21.804748146942053	NFIA	NFIA
882	21	21.84005209715597	NFIA	NFIA
883	24	21.872026941432697	NFIA	NFIA
884	22	21.830608219028488	NFIA	NFIA
885	20	21.77111916353518	NFIA	NFIA
886	25	21.884617450557453	NFIA	NFIA
887	17	21.758968563214744	NFIA	NFIA
888	25	21.76083128585163	NFIA	NFIA
889	25	21.85215322531334	NFIA	NFIA
890	19	21.831456246826242	NFIA	NFIA
891	21	21.74420941051672	NFIA	NFIA
892	27	21.770733630987095	NFIA	NFIA
893	23	21.770275875521882	NFIA	NFIA
894	26	21.885488487745242	NFIA	NFIA
895	19	21.776784423196332	NFIA	NFIA
896	27	21.791707431451847	NFIA	NFIA
897	18	21.82217767711145	NFIA	NFIA
898	21	21.888361142553	NFIA	NFIA
899	16	21.737550893114904	NFIA	NFIA
900	19	21.80590150150421	NFIA	NFIA
901	25	21.642773741326696	NFIA	NFIA
902	18	21.672478643044627	NFIA	NFIA
903	24	21.826712513640835	NFIA	NFIA
904	19	21.816304232172055	NFIA	NFIA
905	16	21.892103531901032	NFIA	NFIA
906	20	21.89115995499463	NFIA	NFIA
907	25	21.746395788635688	NFIA	NFIA
908	27	21.80208873159238	NFIA	NFIA
909	24	21.860373483882636	NFIA	NFIA
910	22	21.809718760206824	NFIA	NFIA
911	32	21.88122583952534	NFIA	NFIA
912	22	21.84784321120558	NFIA	NFIA
913	9	21.758567653707434	NFIA	NFIA
914	19	21.834162980944253	NFIA	NFIA
915	16	21.842523981463234	NFIA	NFIA
916	24	21.89280436879037	NFIA	NFIA
917	16	21.75550141331786	NFIA	NFIA
918	22	21.668353861005187	NFIA	NFIA
919	26	21.66312424076003	NFIA	NFIA
920	17	21.82487890824425	NFIA	NFIA
921	22	21.879959747209	NFIA	NFIA
922	20	21.8215997613992	NFIA	NFIA
923	25	21.74106502904034	NFIA	NFIA
924	31	21.73678014084569	NFIA	NFIA
925	23	21.819480374501307	NFIA	NFIA
926	27	21.882557671528087	NFIA	NFIA
927	17	21.80893690645267	NFIA	NFIA
928	20	21.774304285990496	NFIA	NFIA
929	26	21.80357878257192	NFIA	NFIA
930	25	21.857112616478485	NFIA	NFIA
931	27	21.96946141896451	NFIA	NFIA
932	24	21.835941479199974	NFIA	NFIA
933	20	21.85868588683074	NFIA	NFIA
934	20	21.761729167312165	NFIA	NFIA
935	22	21.61051935784658	NFIA	NFIA
936	26	21.785216413115506	NFIA	NFIA
937	20	21.84177983134099	NFIA	NFIA
938	30	21.778613106067297	NFIA	NFIA
939	16	21.841850482765803	NFIA	NFIA
940	27	21.89183359560394	NFIA	NFIA
941	22	21.793292616653872	NFIA	NFIA
942	20	21.746836885290065	NFIA	NFIA
943	24	21.74806979875044	NFIA	NFIA
944	15	21.771624501639405	NFIA	NFIA
945	20	21.736053606350875	NFIA	NFIA
946	13	21.651322886737653	NFIA	NFIA
947	15	21.782494496188548	NFIA	NFIA
948	23	21.8941697450788	NFIA	NFIA
949	21	21.996047330947135	NFIA	NFIA
950	19	21.892793430510466	NFIA	NFIA
951	13	21.707990274212968	NFIA	NFIA
952	20	21.71670419160562	NFIA	NFIA
953	32	21.875296002611325	NFIA	NFIA
954	23	21.81871493735091	NFIA	NFIA
955	26	21.773612108302828	NFIA	NFIA
956	31	21.705840392483427	NFIA	NFIA
957	14	21.78087323264783	NFIA	NFIA
958	21	21.779241427069596	NFIA	NFIA
959	19	21.777253087451538	NFIA	NFIA
960	21	21.66211109673014	NFIA	NFIA
961	26	21.679660118019253	NFIA	NFIA
962	26	21.764424402333933	NFIA	NFIA
963	24	21.811082570161496	NFIA	NFIA
964	23	21.7730682410843	NFIA	NFIA
965	12	21.73251425984593	NFIA	NFIA
966	18	21.83526056340042	NFIA	NFIA
967	25	21.86812127393137	NFIA	NFIA
968	18	21.69260126089695	NFIA	NFIA
969	18	21.72826828465228	NFIA	NFIA
970	25	21.883555696623414	NFIA	NFIA
971	20	21.956222116165307	NFIA	NFIA
972	35	21.797278123702494	NFIA	NFIA
973	38	21.75402843171229	NFIA	NFIA
974	18	21.82241803378658	NFIA	NFIA
975	26	21.772315376021336	NFIA	NFIA
976	24	21.71763171092745	NFIA	NFIA
977	23	21.817836058996395	NFIA	NFIA
978	16	21.92505003445282	NFIA	NFIA
979	18	21.887529556892744	NFIA	NFIA
980	21	21.945953493064437	NFIA	NFIA
981	28	21.890637106803144	NFIA	NFIA
982	18	21.844397186340373	NFIA	NFIA
983	28	21.80787799214676	NFIA	NFIA
984	26	21.826266913846997	NFIA	NFIA
985	31	21.802252269028063	NFIA	NFIA
986	21	21.894713140943715	NFIA	NFIA
987	26	21.876356951603007	NFIA	NFIA
988	22	21.7703916823176	NFIA	NFIA
989	18	21.881128155940292	NFIA	NFIA
990	27	21.75303501073875	NFIA	NFIA
991	25	21.7839120222351	NFIA	NFIA
992	21	21.86533337279544	NFIA	NFIA
993	29	21.8661138815655	NFIA	NFIA
994	25	21.88984482052938	NFIA	NFIA
995	22	21.748912930229533	NFIA	NFIA
996	22	21.74857612110533	NFIA	NFIA
997	25	21.71054833116905	NFIA	NFIA
998	20	21.649911139424315	NFIA	NFIA
999	24	21.635084037529875	NFIA	NFIA
1000	18	21.69577977897691	NFIA	NFIA
-1000	11	10.968661480175308	NFIC	NFIC
-999	8	10.94321679340807	NFIC	NFIC
-998	7	10.910720089096497	NFIC	NFIC
-997	17	10.939832475007021	NFIC	NFIC
-996	11	11.011627280890044	NFIC	NFIC
-995	15	10.974752060764738	NFIC	NFIC
-994	13	11.00256363701859	NFIC	NFIC
-993	7	11.016656781497193	NFIC	NFIC
-992	9	10.975199659502767	NFIC	NFIC
-991	12	10.953369595831749	NFIC	NFIC
-990	12	10.943597745792104	NFIC	NFIC
-989	3	10.993765030300645	NFIC	NFIC
-988	11	11.071716935262335	NFIC	NFIC
-987	13	10.986155592791908	NFIC	NFIC
-986	6	10.971889995942384	NFIC	NFIC
-985	9	11.00937786106188	NFIC	NFIC
-984	17	11.07158533271383	NFIC	NFIC
-983	12	11.017897146019543	NFIC	NFIC
-982	13	10.907713771128787	NFIC	NFIC
-981	15	10.957620610221646	NFIC	NFIC
-980	13	10.957855022307614	NFIC	NFIC
-979	13	10.997044653091686	NFIC	NFIC
-978	6	10.958643357800627	NFIC	NFIC
-977	7	10.920068002030739	NFIC	NFIC
-976	8	10.844854117943719	NFIC	NFIC
-975	8	10.895960115089716	NFIC	NFIC
-974	7	10.983535973043262	NFIC	NFIC
-973	10	10.973417046807356	NFIC	NFIC
-972	9	10.99677264126324	NFIC	NFIC
-971	6	10.986492809329189	NFIC	NFIC
-970	9	11.02939570740245	NFIC	NFIC
-969	7	11.016535963593041	NFIC	NFIC
-968	8	11.002736755645733	NFIC	NFIC
-967	12	11.004070515020842	NFIC	NFIC
-966	8	11.031102805155028	NFIC	NFIC
-965	11	11.021581918848435	NFIC	NFIC
-964	10	10.924621448048455	NFIC	NFIC
-963	5	10.926644635757244	NFIC	NFIC
-962	10	10.908161241244423	NFIC	NFIC
-961	8	10.946904183035471	NFIC	NFIC
-960	19	10.985093396177158	NFIC	NFIC
-959	7	10.96881748441445	NFIC	NFIC
-958	7	10.885581151249667	NFIC	NFIC
-957	8	10.952449537418053	NFIC	NFIC
-956	12	10.964755201917779	NFIC	NFIC
-955	11	10.89167884002123	NFIC	NFIC
-954	11	10.939661351276792	NFIC	NFIC
-953	13	10.98954557985839	NFIC	NFIC
-952	13	10.944672927544575	NFIC	NFIC
-951	11	10.991666741801609	NFIC	NFIC
-950	6	11.033082317825796	NFIC	NFIC
-949	13	10.939251595339588	NFIC	NFIC
-948	8	10.901399601131407	NFIC	NFIC
-947	13	10.977119819602304	NFIC	NFIC
-946	8	10.969556019376482	NFIC	NFIC
-945	10	10.90628639389572	NFIC	NFIC
-944	7	10.902700845558273	NFIC	NFIC
-943	8	10.981364315042885	NFIC	NFIC
-942	10	10.982440265512848	NFIC	NFIC
-941	12	10.961191748702396	NFIC	NFIC
-940	11	10.927601915014266	NFIC	NFIC
-939	15	10.936035292156875	NFIC	NFIC
-938	15	10.896629832074595	NFIC	NFIC
-937	12	10.950904406958882	NFIC	NFIC
-936	10	10.986759500040517	NFIC	NFIC
-935	10	11.006189541512926	NFIC	NFIC
-934	21	10.93287499982303	NFIC	NFIC
-933	15	10.91678690148552	NFIC	NFIC
-932	9	10.937334709566288	NFIC	NFIC
-931	8	11.020266741210682	NFIC	NFIC
-930	9	10.962080927572936	NFIC	NFIC
-929	11	10.923836004957575	NFIC	NFIC
-928	9	10.920358052950998	NFIC	NFIC
-927	18	10.956760652379964	NFIC	NFIC
-926	14	10.940170345033474	NFIC	NFIC
-925	15	10.95979452745342	NFIC	NFIC
-924	8	10.93927674977206	NFIC	NFIC
-923	14	10.86376863766056	NFIC	NFIC
-922	8	10.851545759567415	NFIC	NFIC
-921	14	10.955859820045283	NFIC	NFIC
-920	11	10.963016954051467	NFIC	NFIC
-919	13	11.057180752783436	NFIC	NFIC
-918	10	11.031909869194829	NFIC	NFIC
-917	10	10.976715420121828	NFIC	NFIC
-916	10	11.10026615800522	NFIC	NFIC
-915	13	11.115466687628194	NFIC	NFIC
-914	8	11.016531761867759	NFIC	NFIC
-913	4	11.03266975396965	NFIC	NFIC
-912	11	10.91373930457255	NFIC	NFIC
-911	7	10.937042846242605	NFIC	NFIC
-910	9	10.985597290782891	NFIC	NFIC
-909	15	10.95364011568594	NFIC	NFIC
-908	14	10.93577113369437	NFIC	NFIC
-907	10	10.938171885198203	NFIC	NFIC
-906	8	11.008386944694973	NFIC	NFIC
-905	14	10.985217103402656	NFIC	NFIC
-904	12	10.89185923884098	NFIC	NFIC
-903	5	11.004528304609021	NFIC	NFIC
-902	7	10.980892248354195	NFIC	NFIC
-901	11	11.001955363102608	NFIC	NFIC
-900	11	10.991234465701552	NFIC	NFIC
-899	10	11.012966281592865	NFIC	NFIC
-898	17	10.958278717183159	NFIC	NFIC
-897	10	10.993926303895007	NFIC	NFIC
-896	5	10.923149583731817	NFIC	NFIC
-895	9	10.939491458210199	NFIC	NFIC
-894	13	11.048735093019399	NFIC	NFIC
-893	9	10.89927376580109	NFIC	NFIC
-892	9	10.92687476740985	NFIC	NFIC
-891	7	11.021438704159703	NFIC	NFIC
-890	14	11.03015404755523	NFIC	NFIC
-889	10	11.017294034056276	NFIC	NFIC
-888	14	10.955743896118864	NFIC	NFIC
-887	11	10.96590381741018	NFIC	NFIC
-886	17	10.99195524459914	NFIC	NFIC
-885	10	11.020974144616462	NFIC	NFIC
-884	12	10.953393751301125	NFIC	NFIC
-883	9	10.9986507937544	NFIC	NFIC
-882	13	10.96347922774623	NFIC	NFIC
-881	17	10.978121016780069	NFIC	NFIC
-880	9	10.983913001239973	NFIC	NFIC
-879	6	10.968507670410855	NFIC	NFIC
-878	5	10.984500629023717	NFIC	NFIC
-877	5	11.027308999535034	NFIC	NFIC
-876	11	10.99474043726554	NFIC	NFIC
-875	10	10.985898817255904	NFIC	NFIC
-874	17	10.964703586306973	NFIC	NFIC
-873	13	10.994786982783506	NFIC	NFIC
-872	14	10.957041728250468	NFIC	NFIC
-871	7	10.935637190717006	NFIC	NFIC
-870	8	10.95016377431799	NFIC	NFIC
-869	11	11.020907252633785	NFIC	NFIC
-868	18	10.944311920743832	NFIC	NFIC
-867	8	10.954247096182964	NFIC	NFIC
-866	11	11.008458574795227	NFIC	NFIC
-865	12	10.938031656293528	NFIC	NFIC
-864	6	10.955438336713236	NFIC	NFIC
-863	8	10.981955151608979	NFIC	NFIC
-862	15	11.040959001132226	NFIC	NFIC
-861	8	10.98801454391554	NFIC	NFIC
-860	10	10.933581091451195	NFIC	NFIC
-859	10	10.979768337931903	NFIC	NFIC
-858	15	11.00827175123733	NFIC	NFIC
-857	12	11.008850645118653	NFIC	NFIC
-856	10	10.986032815219437	NFIC	NFIC
-855	10	10.949841936436155	NFIC	NFIC
-854	8	10.953682305505797	NFIC	NFIC
-853	15	10.928601724477451	NFIC	NFIC
-852	10	11.012999821616003	NFIC	NFIC
-851	7	11.035898230923912	NFIC	NFIC
-850	11	11.052553795555703	NFIC	NFIC
-849	8	10.97777972294654	NFIC	NFIC
-848	8	10.974005337308308	NFIC	NFIC
-847	12	10.931807750510554	NFIC	NFIC
-846	8	10.946366624904174	NFIC	NFIC
-845	13	10.938008147414147	NFIC	NFIC
-844	9	10.965795513273395	NFIC	NFIC
-843	6	11.0194377005152	NFIC	NFIC
-842	10	10.985790351444168	NFIC	NFIC
-841	13	10.93609785352865	NFIC	NFIC
-840	7	10.957806671577607	NFIC	NFIC
-839	9	10.965456410423268	NFIC	NFIC
-838	10	10.931923403878912	NFIC	NFIC
-837	9	10.957002700981244	NFIC	NFIC
-836	9	11.031908672983795	NFIC	NFIC
-835	12	11.053158253117829	NFIC	NFIC
-834	6	10.992563696558284	NFIC	NFIC
-833	8	10.9871608984125	NFIC	NFIC
-832	11	10.882822329502766	NFIC	NFIC
-831	5	10.897435864324246	NFIC	NFIC
-830	12	11.031748807207677	NFIC	NFIC
-829	11	11.043595937538461	NFIC	NFIC
-828	10	11.015249652399538	NFIC	NFIC
-827	14	11.004602018558694	NFIC	NFIC
-826	18	10.928989873594206	NFIC	NFIC
-825	10	10.96455071229631	NFIC	NFIC
-824	15	10.923481479167327	NFIC	NFIC
-823	7	10.993563555154322	NFIC	NFIC
-822	19	11.025787638459214	NFIC	NFIC
-821	16	10.967653131566077	NFIC	NFIC
-820	11	10.990782899571593	NFIC	NFIC
-819	13	11.000460502087188	NFIC	NFIC
-818	14	11.01246730466083	NFIC	NFIC
-817	12	10.95839182702682	NFIC	NFIC
-816	13	10.98932005208241	NFIC	NFIC
-815	8	10.945209998848773	NFIC	NFIC
-814	8	10.872327185996896	NFIC	NFIC
-813	3	10.91955427132947	NFIC	NFIC
-812	14	11.024656539907937	NFIC	NFIC
-811	12	10.967451312970447	NFIC	NFIC
-810	11	10.94957843884232	NFIC	NFIC
-809	6	10.985331237796004	NFIC	NFIC
-808	8	10.997354904567205	NFIC	NFIC
-807	11	10.994295472552375	NFIC	NFIC
-806	13	11.006324867790921	NFIC	NFIC
-805	10	11.007892774397797	NFIC	NFIC
-804	14	10.918829114749698	NFIC	NFIC
-803	13	10.978881787102836	NFIC	NFIC
-802	9	11.0222459620254	NFIC	NFIC
-801	13	11.051612638674023	NFIC	NFIC
-800	8	10.919631315707564	NFIC	NFIC
-799	12	10.903475330152613	NFIC	NFIC
-798	5	10.975378869018012	NFIC	NFIC
-797	6	10.926942408405923	NFIC	NFIC
-796	11	10.960967653366946	NFIC	NFIC
-795	9	10.961184568229946	NFIC	NFIC
-794	13	10.99076473744901	NFIC	NFIC
-793	10	11.000435231478566	NFIC	NFIC
-792	9	10.998126145966614	NFIC	NFIC
-791	16	11.023035843830096	NFIC	NFIC
-790	9	11.000230659016122	NFIC	NFIC
-789	9	10.942552386499484	NFIC	NFIC
-788	9	10.963521802831666	NFIC	NFIC
-787	10	11.000370453316668	NFIC	NFIC
-786	9	11.083668619592242	NFIC	NFIC
-785	13	11.053604173559975	NFIC	NFIC
-784	8	11.004921449313072	NFIC	NFIC
-783	14	10.970552330518485	NFIC	NFIC
-782	12	10.980662923858649	NFIC	NFIC
-781	8	10.979702628392614	NFIC	NFIC
-780	12	10.980022073404543	NFIC	NFIC
-779	19	10.971049995942774	NFIC	NFIC
-778	19	10.991751295857723	NFIC	NFIC
-777	9	11.016064968427886	NFIC	NFIC
-776	12	10.98460200484012	NFIC	NFIC
-775	12	10.903308744569442	NFIC	NFIC
-774	7	10.884854542089725	NFIC	NFIC
-773	12	10.886535169417835	NFIC	NFIC
-772	16	11.003350804866189	NFIC	NFIC
-771	11	10.979580298936265	NFIC	NFIC
-770	10	10.958787492184863	NFIC	NFIC
-769	11	10.905933979612444	NFIC	NFIC
-768	11	10.919754683550568	NFIC	NFIC
-767	9	10.9896675315668	NFIC	NFIC
-766	8	11.016957490059927	NFIC	NFIC
-765	5	11.018928652542186	NFIC	NFIC
-764	16	11.0232224893449	NFIC	NFIC
-763	11	10.959338227081686	NFIC	NFIC
-762	8	10.940007483230604	NFIC	NFIC
-761	9	10.955226055277766	NFIC	NFIC
-760	10	10.952664867000859	NFIC	NFIC
-759	17	10.961208430347384	NFIC	NFIC
-758	11	10.965019181590481	NFIC	NFIC
-757	12	10.967892964132396	NFIC	NFIC
-756	14	10.938990564448877	NFIC	NFIC
-755	6	10.872233527181505	NFIC	NFIC
-754	11	11.023301961371256	NFIC	NFIC
-753	8	11.068522439642662	NFIC	NFIC
-752	12	10.988213901085057	NFIC	NFIC
-751	14	10.99645569557126	NFIC	NFIC
-750	12	11.008046584468598	NFIC	NFIC
-749	18	10.969752834559044	NFIC	NFIC
-748	12	10.974815585006928	NFIC	NFIC
-747	6	11.009498205233339	NFIC	NFIC
-746	4	10.964226303812158	NFIC	NFIC
-745	17	10.999259620652346	NFIC	NFIC
-744	11	10.930531988697938	NFIC	NFIC
-743	8	10.996660881048525	NFIC	NFIC
-742	11	10.999072689419016	NFIC	NFIC
-741	13	11.05956743159458	NFIC	NFIC
-740	11	11.036570055823814	NFIC	NFIC
-739	5	11.00850189417755	NFIC	NFIC
-738	6	10.962739184408733	NFIC	NFIC
-737	14	10.958923307667071	NFIC	NFIC
-736	10	10.927713665760649	NFIC	NFIC
-735	6	10.972192992165306	NFIC	NFIC
-734	12	10.9499370633174	NFIC	NFIC
-733	13	10.948521191348707	NFIC	NFIC
-732	15	11.005768755770527	NFIC	NFIC
-731	14	10.956484290702768	NFIC	NFIC
-730	8	10.943922165941537	NFIC	NFIC
-729	13	11.011047935316391	NFIC	NFIC
-728	11	10.98165202430366	NFIC	NFIC
-727	6	11.002737025668633	NFIC	NFIC
-726	13	11.004906374221202	NFIC	NFIC
-725	10	11.045726209467865	NFIC	NFIC
-724	10	10.9648226523094	NFIC	NFIC
-723	10	10.91286211961112	NFIC	NFIC
-722	10	10.960540751630838	NFIC	NFIC
-721	14	10.977078743449649	NFIC	NFIC
-720	10	10.958955320509334	NFIC	NFIC
-719	15	10.995698425408277	NFIC	NFIC
-718	13	10.971014579543809	NFIC	NFIC
-717	7	11.010625883685787	NFIC	NFIC
-716	10	10.990082601298033	NFIC	NFIC
-715	15	10.97275892025894	NFIC	NFIC
-714	9	10.921111967818	NFIC	NFIC
-713	11	10.909356401502016	NFIC	NFIC
-712	8	10.913129610119759	NFIC	NFIC
-711	3	11.002131793350653	NFIC	NFIC
-710	6	11.026804117576967	NFIC	NFIC
-709	11	10.957284563476723	NFIC	NFIC
-708	12	10.972607629229215	NFIC	NFIC
-707	12	10.980734728510354	NFIC	NFIC
-706	15	10.881748363399064	NFIC	NFIC
-705	16	10.985576480419477	NFIC	NFIC
-704	11	10.97994067938552	NFIC	NFIC
-703	10	10.936173370068536	NFIC	NFIC
-702	16	10.937106807796695	NFIC	NFIC
-701	12	11.013893093375842	NFIC	NFIC
-700	14	11.009752665850002	NFIC	NFIC
-699	13	11.01772227844933	NFIC	NFIC
-698	13	10.998168070631944	NFIC	NFIC
-697	10	10.987653214133699	NFIC	NFIC
-696	13	10.924025283431465	NFIC	NFIC
-695	11	10.963091929236159	NFIC	NFIC
-694	10	10.969636413591312	NFIC	NFIC
-693	22	10.894292285731614	NFIC	NFIC
-692	12	10.980463969792062	NFIC	NFIC
-691	12	11.027620553929575	NFIC	NFIC
-690	5	10.95779665313516	NFIC	NFIC
-689	11	10.985530973015994	NFIC	NFIC
-688	11	10.984228045048795	NFIC	NFIC
-687	10	10.947677806906029	NFIC	NFIC
-686	19	11.011471763531018	NFIC	NFIC
-685	5	11.039338539351812	NFIC	NFIC
-684	14	10.969287532573937	NFIC	NFIC
-683	10	11.011242743021572	NFIC	NFIC
-682	12	11.017785145921147	NFIC	NFIC
-681	11	10.954426593467241	NFIC	NFIC
-680	6	11.020574286921967	NFIC	NFIC
-679	12	11.021375184795465	NFIC	NFIC
-678	14	11.010381957354102	NFIC	NFIC
-677	9	11.016215864143346	NFIC	NFIC
-676	8	11.036767236235372	NFIC	NFIC
-675	8	11.041389115950603	NFIC	NFIC
-674	6	11.02340275572449	NFIC	NFIC
-673	12	10.984800459181082	NFIC	NFIC
-672	8	10.931693263901655	NFIC	NFIC
-671	6	10.983893229542746	NFIC	NFIC
-670	10	10.918743044394832	NFIC	NFIC
-669	14	10.943546671340895	NFIC	NFIC
-668	6	10.984677727800214	NFIC	NFIC
-667	12	10.965310333338461	NFIC	NFIC
-666	16	10.989354733490451	NFIC	NFIC
-665	7	11.005625525560774	NFIC	NFIC
-664	4	10.955792949247366	NFIC	NFIC
-663	19	10.91853703915871	NFIC	NFIC
-662	13	11.01965406107982	NFIC	NFIC
-661	9	11.060213431126302	NFIC	NFIC
-660	8	11.068957622681747	NFIC	NFIC
-659	5	10.918062655274923	NFIC	NFIC
-658	13	10.94820608211462	NFIC	NFIC
-657	12	11.015452745948567	NFIC	NFIC
-656	10	11.031581799382673	NFIC	NFIC
-655	11	10.969931347741408	NFIC	NFIC
-654	10	10.971793423962149	NFIC	NFIC
-653	6	10.940716817150374	NFIC	NFIC
-652	12	10.98023492035206	NFIC	NFIC
-651	10	11.050511067786752	NFIC	NFIC
-650	11	10.96228623761132	NFIC	NFIC
-649	7	10.972186519363149	NFIC	NFIC
-648	10	10.964192928523367	NFIC	NFIC
-647	7	11.004382636100182	NFIC	NFIC
-646	10	10.96234741675987	NFIC	NFIC
-645	12	10.994419272487203	NFIC	NFIC
-644	8	10.970000742943684	NFIC	NFIC
-643	11	10.986664125011192	NFIC	NFIC
-642	8	10.953477501146587	NFIC	NFIC
-641	6	10.908238162491529	NFIC	NFIC
-640	13	10.972987106821389	NFIC	NFIC
-639	14	11.032592247739254	NFIC	NFIC
-638	11	10.985949274847968	NFIC	NFIC
-637	11	10.965249238565784	NFIC	NFIC
-636	13	10.959755790845989	NFIC	NFIC
-635	13	10.995619658048703	NFIC	NFIC
-634	11	11.028956774656143	NFIC	NFIC
-633	9	10.961185665905594	NFIC	NFIC
-632	9	10.98089853755947	NFIC	NFIC
-631	18	10.938874321406278	NFIC	NFIC
-630	14	10.969969334328516	NFIC	NFIC
-629	10	11.120834982104864	NFIC	NFIC
-628	14	11.082808176762459	NFIC	NFIC
-627	13	11.017404478015465	NFIC	NFIC
-626	10	10.908436457430058	NFIC	NFIC
-625	14	10.963358570310348	NFIC	NFIC
-624	11	10.951696726634045	NFIC	NFIC
-623	11	10.976841162975301	NFIC	NFIC
-622	10	10.98929657726524	NFIC	NFIC
-621	5	10.964489708409625	NFIC	NFIC
-620	13	10.989841293456136	NFIC	NFIC
-619	13	10.999849159185601	NFIC	NFIC
-618	10	10.960789983284696	NFIC	NFIC
-617	10	10.978225737018027	NFIC	NFIC
-616	14	11.077616513531508	NFIC	NFIC
-615	11	11.03041115341309	NFIC	NFIC
-614	12	10.94772233286908	NFIC	NFIC
-613	10	10.96265673444603	NFIC	NFIC
-612	22	10.926765440715528	NFIC	NFIC
-611	13	10.96497150959346	NFIC	NFIC
-610	12	10.942583411297553	NFIC	NFIC
-609	14	10.973753211364293	NFIC	NFIC
-608	10	10.929545455237877	NFIC	NFIC
-607	16	10.952765692738367	NFIC	NFIC
-606	12	10.975175158641838	NFIC	NFIC
-605	12	10.930067844843915	NFIC	NFIC
-604	10	10.877370622944223	NFIC	NFIC
-603	11	11.00178895107444	NFIC	NFIC
-602	15	10.971003915375647	NFIC	NFIC
-601	13	10.930256178601336	NFIC	NFIC
-600	11	10.89192394780225	NFIC	NFIC
-599	11	10.946060898846316	NFIC	NFIC
-598	17	11.006315468651588	NFIC	NFIC
-597	7	10.98659039183421	NFIC	NFIC
-596	8	10.918371751741438	NFIC	NFIC
-595	12	10.951669223136198	NFIC	NFIC
-594	8	10.963786945063449	NFIC	NFIC
-593	10	10.990595457036767	NFIC	NFIC
-592	9	11.018513886892158	NFIC	NFIC
-591	10	10.969637656298499	NFIC	NFIC
-590	12	11.08923744509363	NFIC	NFIC
-589	10	11.007766313430464	NFIC	NFIC
-588	11	10.974417850656717	NFIC	NFIC
-587	7	10.883102944822483	NFIC	NFIC
-586	7	10.890494787757904	NFIC	NFIC
-585	9	10.980761027394674	NFIC	NFIC
-584	17	10.966594403100647	NFIC	NFIC
-583	13	10.97908647685941	NFIC	NFIC
-582	9	11.038587115923972	NFIC	NFIC
-581	9	10.99614748692269	NFIC	NFIC
-580	13	10.962277783122158	NFIC	NFIC
-579	11	11.00339115152591	NFIC	NFIC
-578	12	10.976951029618636	NFIC	NFIC
-577	9	10.873160015199192	NFIC	NFIC
-576	9	10.979688057420988	NFIC	NFIC
-575	14	10.977134422933494	NFIC	NFIC
-574	8	10.950878139928765	NFIC	NFIC
-573	11	10.966436970565196	NFIC	NFIC
-572	11	10.991984342077876	NFIC	NFIC
-571	13	10.960886092408513	NFIC	NFIC
-570	11	11.001533948867575	NFIC	NFIC
-569	13	11.061840902280249	NFIC	NFIC
-568	12	11.04099700653897	NFIC	NFIC
-567	12	10.983612797287982	NFIC	NFIC
-566	8	10.978147650420794	NFIC	NFIC
-565	3	10.949146165166809	NFIC	NFIC
-564	11	10.949672339999006	NFIC	NFIC
-563	9	10.926072543321796	NFIC	NFIC
-562	14	10.931408909754667	NFIC	NFIC
-561	13	10.992339216103945	NFIC	NFIC
-560	13	11.014240044600236	NFIC	NFIC
-559	9	11.020663606437894	NFIC	NFIC
-558	10	11.02905774308591	NFIC	NFIC
-557	10	10.997667349564765	NFIC	NFIC
-556	13	11.031594162358665	NFIC	NFIC
-555	12	11.038205328011522	NFIC	NFIC
-554	10	10.917612142503836	NFIC	NFIC
-553	9	10.900180789532246	NFIC	NFIC
-552	10	10.866237293652592	NFIC	NFIC
-551	12	10.877690839795099	NFIC	NFIC
-550	12	10.866537690327869	NFIC	NFIC
-549	11	10.976327054832021	NFIC	NFIC
-548	17	10.90682893013337	NFIC	NFIC
-547	5	10.831534594120088	NFIC	NFIC
-546	2	10.854893141074342	NFIC	NFIC
-545	8	10.943688229333398	NFIC	NFIC
-544	12	10.963641863918701	NFIC	NFIC
-543	11	10.931525593752093	NFIC	NFIC
-542	13	11.063327984330122	NFIC	NFIC
-541	10	11.00918569335048	NFIC	NFIC
-540	13	11.076156196408565	NFIC	NFIC
-539	10	11.078352432678308	NFIC	NFIC
-538	9	11.047591878057403	NFIC	NFIC
-537	14	10.999475915917824	NFIC	NFIC
-536	12	10.975837267964774	NFIC	NFIC
-535	15	10.978422420543604	NFIC	NFIC
-534	10	11.016800572906552	NFIC	NFIC
-533	12	11.068936227666828	NFIC	NFIC
-532	6	11.023540592276925	NFIC	NFIC
-531	11	11.007672041432157	NFIC	NFIC
-530	14	11.04057761996792	NFIC	NFIC
-529	13	10.97346005850329	NFIC	NFIC
-528	16	10.96879469384494	NFIC	NFIC
-527	11	10.961565427839519	NFIC	NFIC
-526	10	10.998064797256113	NFIC	NFIC
-525	7	10.995037460262964	NFIC	NFIC
-524	8	10.957721337311765	NFIC	NFIC
-523	16	11.019152168763075	NFIC	NFIC
-522	16	11.01352443034619	NFIC	NFIC
-521	12	10.955310573514971	NFIC	NFIC
-520	10	10.9692461774728	NFIC	NFIC
-519	12	10.959590260701871	NFIC	NFIC
-518	10	10.962244567869822	NFIC	NFIC
-517	10	10.987191101973316	NFIC	NFIC
-516	14	11.041598857399157	NFIC	NFIC
-515	17	11.083329103400388	NFIC	NFIC
-514	12	11.021877345050537	NFIC	NFIC
-513	6	10.975062438203603	NFIC	NFIC
-512	8	10.96616004806344	NFIC	NFIC
-511	6	10.935469025938547	NFIC	NFIC
-510	11	10.92419043682679	NFIC	NFIC
-509	13	10.924603138777627	NFIC	NFIC
-508	13	10.984225076620321	NFIC	NFIC
-507	7	10.982172040923325	NFIC	NFIC
-506	8	11.003853882860371	NFIC	NFIC
-505	11	10.996351558133274	NFIC	NFIC
-504	6	10.951585669366775	NFIC	NFIC
-503	13	10.933223724464854	NFIC	NFIC
-502	6	10.991123649832065	NFIC	NFIC
-501	8	10.947161810433022	NFIC	NFIC
-500	10	11.054392833559167	NFIC	NFIC
-499	12	11.047808035882118	NFIC	NFIC
-498	18	10.992141806084533	NFIC	NFIC
-497	17	10.972742923022274	NFIC	NFIC
-496	11	10.939949765607954	NFIC	NFIC
-495	15	11.011795260856141	NFIC	NFIC
-494	16	11.068030482983255	NFIC	NFIC
-493	14	11.037196536798872	NFIC	NFIC
-492	5	10.981228819277582	NFIC	NFIC
-491	12	10.885037796290286	NFIC	NFIC
-490	8	10.887415418669375	NFIC	NFIC
-489	10	10.886380799821659	NFIC	NFIC
-488	15	10.972061193380803	NFIC	NFIC
-487	12	10.971734950943972	NFIC	NFIC
-486	12	10.974115793692555	NFIC	NFIC
-485	17	11.004980153938817	NFIC	NFIC
-484	8	11.004416568976685	NFIC	NFIC
-483	9	10.950010943017293	NFIC	NFIC
-482	11	10.903964979999424	NFIC	NFIC
-481	10	10.92711876862071	NFIC	NFIC
-480	14	10.937809211200296	NFIC	NFIC
-479	9	10.869899696440411	NFIC	NFIC
-478	12	10.955352872612835	NFIC	NFIC
-477	11	10.976484268332909	NFIC	NFIC
-476	7	10.90812665593066	NFIC	NFIC
-475	12	10.883057257033524	NFIC	NFIC
-474	17	10.856119843036364	NFIC	NFIC
-473	10	10.907060161341017	NFIC	NFIC
-472	9	10.94719932532455	NFIC	NFIC
-471	9	10.971460243398086	NFIC	NFIC
-470	11	10.948278452657462	NFIC	NFIC
-469	12	10.956260551884437	NFIC	NFIC
-468	8	10.981797928611856	NFIC	NFIC
-467	12	10.91615156419868	NFIC	NFIC
-466	18	10.930726563064445	NFIC	NFIC
-465	9	10.871560466719401	NFIC	NFIC
-464	7	10.968428993607958	NFIC	NFIC
-463	10	10.96869586366471	NFIC	NFIC
-462	6	10.914912664728543	NFIC	NFIC
-461	13	10.978398769091697	NFIC	NFIC
-460	12	11.028303499638476	NFIC	NFIC
-459	15	11.017540680156614	NFIC	NFIC
-458	10	10.97436697943153	NFIC	NFIC
-457	10	10.994352637271012	NFIC	NFIC
-456	11	10.986955497577195	NFIC	NFIC
-455	8	11.02407721152034	NFIC	NFIC
-454	8	10.981853395473667	NFIC	NFIC
-453	15	11.04051454785702	NFIC	NFIC
-452	11	11.027354441741322	NFIC	NFIC
-451	10	11.011991515867782	NFIC	NFIC
-450	8	10.970366080930813	NFIC	NFIC
-449	11	10.94888736447748	NFIC	NFIC
-448	14	10.959898328873104	NFIC	NFIC
-447	11	11.01331036871603	NFIC	NFIC
-446	10	10.977135000606433	NFIC	NFIC
-445	10	10.971024242456798	NFIC	NFIC
-444	8	10.999577168814483	NFIC	NFIC
-443	14	11.033386192346528	NFIC	NFIC
-442	8	11.052211729096388	NFIC	NFIC
-441	11	10.957204482145007	NFIC	NFIC
-440	13	10.956332784101399	NFIC	NFIC
-439	14	10.982552631731165	NFIC	NFIC
-438	10	10.981367942524479	NFIC	NFIC
-437	10	10.98718919075223	NFIC	NFIC
-436	17	11.044282203865105	NFIC	NFIC
-435	8	10.942254076872143	NFIC	NFIC
-434	11	11.01731973535519	NFIC	NFIC
-433	11	11.022312326556307	NFIC	NFIC
-432	18	10.962438095306384	NFIC	NFIC
-431	8	11.02301717285812	NFIC	NFIC
-430	16	10.98750829824081	NFIC	NFIC
-429	14	10.949375982608244	NFIC	NFIC
-428	6	10.976854072264034	NFIC	NFIC
-427	5	10.974335954121116	NFIC	NFIC
-426	10	10.968883473377996	NFIC	NFIC
-425	17	10.974575757936426	NFIC	NFIC
-424	7	10.923870567582526	NFIC	NFIC
-423	13	10.900156063543061	NFIC	NFIC
-422	14	10.92588088328611	NFIC	NFIC
-421	12	11.02625381252725	NFIC	NFIC
-420	8	10.947123153467144	NFIC	NFIC
-419	9	10.917960987932561	NFIC	NFIC
-418	7	10.89730257943336	NFIC	NFIC
-417	11	10.898487070635438	NFIC	NFIC
-416	7	10.916430444382648	NFIC	NFIC
-415	14	10.974279108628405	NFIC	NFIC
-414	13	10.929495170370807	NFIC	NFIC
-413	15	10.992073299154441	NFIC	NFIC
-412	6	10.9747825712358	NFIC	NFIC
-411	16	10.911146109805925	NFIC	NFIC
-410	11	10.937006042123505	NFIC	NFIC
-409	13	10.961693012580659	NFIC	NFIC
-408	8	11.014153571104046	NFIC	NFIC
-407	7	11.026239995450151	NFIC	NFIC
-406	6	10.941446306425542	NFIC	NFIC
-405	3	10.908567036600115	NFIC	NFIC
-404	12	10.983687546342187	NFIC	NFIC
-403	13	11.074918491974746	NFIC	NFIC
-402	15	11.044127251581624	NFIC	NFIC
-401	6	10.97754913157192	NFIC	NFIC
-400	8	10.951217018734773	NFIC	NFIC
-399	8	10.957500280954012	NFIC	NFIC
-398	13	10.975232169310038	NFIC	NFIC
-397	13	10.957615775444713	NFIC	NFIC
-396	17	10.955845315719257	NFIC	NFIC
-395	10	10.966395140901383	NFIC	NFIC
-394	13	10.98072461957269	NFIC	NFIC
-393	12	10.962419142654541	NFIC	NFIC
-392	11	10.879607135593028	NFIC	NFIC
-391	14	10.943854525600925	NFIC	NFIC
-390	15	10.917789934320501	NFIC	NFIC
-389	13	10.94288713236644	NFIC	NFIC
-388	11	10.923719116243547	NFIC	NFIC
-387	12	10.948748280081846	NFIC	NFIC
-386	12	10.9016099543953	NFIC	NFIC
-385	15	10.925682434436016	NFIC	NFIC
-384	15	10.941914070123953	NFIC	NFIC
-383	13	10.924785322511372	NFIC	NFIC
-382	16	10.89666237107219	NFIC	NFIC
-381	10	10.987507718564084	NFIC	NFIC
-380	15	10.936311587280308	NFIC	NFIC
-379	13	10.962502952985616	NFIC	NFIC
-378	14	10.945648699412978	NFIC	NFIC
-377	18	10.938113861891399	NFIC	NFIC
-376	15	10.934011320579625	NFIC	NFIC
-375	15	10.968598207323431	NFIC	NFIC
-374	10	10.979055430811064	NFIC	NFIC
-373	12	10.925731781378621	NFIC	NFIC
-372	10	10.945338317994755	NFIC	NFIC
-371	13	10.987184069976578	NFIC	NFIC
-370	10	11.019383129190814	NFIC	NFIC
-369	8	11.11559755309361	NFIC	NFIC
-368	12	11.056060449296497	NFIC	NFIC
-367	9	10.985487643717637	NFIC	NFIC
-366	17	10.999749942199143	NFIC	NFIC
-365	11	10.985231704876554	NFIC	NFIC
-364	14	11.01191149436938	NFIC	NFIC
-363	4	10.933251726592285	NFIC	NFIC
-362	5	10.98083799769698	NFIC	NFIC
-361	8	11.030426075999598	NFIC	NFIC
-360	9	10.952967798803833	NFIC	NFIC
-359	8	10.894084904124266	NFIC	NFIC
-358	11	10.973770661375596	NFIC	NFIC
-357	11	11.003080381923871	NFIC	NFIC
-356	13	11.001375578827025	NFIC	NFIC
-355	8	10.976952774971378	NFIC	NFIC
-354	10	11.012235518927053	NFIC	NFIC
-353	9	11.042607640002556	NFIC	NFIC
-352	9	11.084599629988677	NFIC	NFIC
-351	13	11.057401507779202	NFIC	NFIC
-350	10	11.036294966063545	NFIC	NFIC
-349	16	10.95479694944081	NFIC	NFIC
-348	15	10.948200108992646	NFIC	NFIC
-347	7	10.907534137241237	NFIC	NFIC
-346	5	10.960579301364314	NFIC	NFIC
-345	14	10.930371903782202	NFIC	NFIC
-344	8	10.991687322494107	NFIC	NFIC
-343	7	10.981829418777611	NFIC	NFIC
-342	9	10.918664593009616	NFIC	NFIC
-341	9	10.951166096816277	NFIC	NFIC
-340	12	11.025478080393118	NFIC	NFIC
-339	13	11.028804589289786	NFIC	NFIC
-338	8	10.957082000431862	NFIC	NFIC
-337	13	10.96365156412133	NFIC	NFIC
-336	10	10.962370557288462	NFIC	NFIC
-335	11	11.022967760398599	NFIC	NFIC
-334	7	11.003319279589451	NFIC	NFIC
-333	10	10.9544400325747	NFIC	NFIC
-332	6	10.977833921098593	NFIC	NFIC
-331	12	10.976808393395528	NFIC	NFIC
-330	9	10.963845336307445	NFIC	NFIC
-329	11	10.920178518747154	NFIC	NFIC
-328	7	10.914480849242093	NFIC	NFIC
-327	18	10.930506260065126	NFIC	NFIC
-326	10	10.988165307978987	NFIC	NFIC
-325	10	11.010400668668186	NFIC	NFIC
-324	7	10.954149675666228	NFIC	NFIC
-323	7	10.956000396195344	NFIC	NFIC
-322	12	10.98546385727336	NFIC	NFIC
-321	15	11.008027576470864	NFIC	NFIC
-320	7	10.981650935335809	NFIC	NFIC
-319	18	10.890936460488495	NFIC	NFIC
-318	19	10.91542034346477	NFIC	NFIC
-317	13	11.006761282187156	NFIC	NFIC
-316	13	10.947605553128312	NFIC	NFIC
-315	8	10.956557029401589	NFIC	NFIC
-314	15	10.919902310110666	NFIC	NFIC
-313	6	10.94322549953044	NFIC	NFIC
-312	8	10.978378318851579	NFIC	NFIC
-311	15	10.879315933275088	NFIC	NFIC
-310	7	11.00561385080018	NFIC	NFIC
-309	9	11.007803580381331	NFIC	NFIC
-308	16	10.8969090567646	NFIC	NFIC
-307	10	10.940401399744491	NFIC	NFIC
-306	9	10.998376290097648	NFIC	NFIC
-305	12	10.97805529374675	NFIC	NFIC
-304	10	10.938050739545284	NFIC	NFIC
-303	8	10.913617419994345	NFIC	NFIC
-302	9	10.904283534686774	NFIC	NFIC
-301	10	10.965843675483283	NFIC	NFIC
-300	10	10.919791525547774	NFIC	NFIC
-299	10	10.928949232730274	NFIC	NFIC
-298	11	11.000092550740359	NFIC	NFIC
-297	14	10.925714848756117	NFIC	NFIC
-296	11	10.96820801852646	NFIC	NFIC
-295	10	10.97185376333374	NFIC	NFIC
-294	16	10.933864685486066	NFIC	NFIC
-293	17	10.897949793058586	NFIC	NFIC
-292	8	10.941529478857952	NFIC	NFIC
-291	11	10.967832052255044	NFIC	NFIC
-290	10	10.960700258478498	NFIC	NFIC
-289	16	10.901352959801638	NFIC	NFIC
-288	9	10.901005655812543	NFIC	NFIC
-287	14	10.942487025140842	NFIC	NFIC
-286	9	11.007417155071439	NFIC	NFIC
-285	10	10.961193954470295	NFIC	NFIC
-284	11	10.959222570135683	NFIC	NFIC
-283	11	11.003527635102138	NFIC	NFIC
-282	13	11.002141863543882	NFIC	NFIC
-281	3	10.927508145921385	NFIC	NFIC
-280	9	10.922276432227862	NFIC	NFIC
-279	12	10.928802850051587	NFIC	NFIC
-278	12	10.9228426075828	NFIC	NFIC
-277	14	10.92196051113656	NFIC	NFIC
-276	12	11.041570310808236	NFIC	NFIC
-275	8	11.096399271375436	NFIC	NFIC
-274	17	10.962842453892444	NFIC	NFIC
-273	7	10.93232127818968	NFIC	NFIC
-272	11	10.975013188413522	NFIC	NFIC
-271	9	10.973956582255822	NFIC	NFIC
-270	9	10.967543911076946	NFIC	NFIC
-269	12	11.005311175660056	NFIC	NFIC
-268	18	10.985112576957413	NFIC	NFIC
-267	14	10.991686388294651	NFIC	NFIC
-266	12	10.979319767225391	NFIC	NFIC
-265	7	10.966258733397657	NFIC	NFIC
-264	10	10.93667906340339	NFIC	NFIC
-263	9	11.03008789219581	NFIC	NFIC
-262	13	11.051607369742825	NFIC	NFIC
-261	9	10.925988870131457	NFIC	NFIC
-260	14	10.939441193520247	NFIC	NFIC
-259	9	10.950838759757966	NFIC	NFIC
-258	4	10.907035733394482	NFIC	NFIC
-257	9	10.940334057167744	NFIC	NFIC
-256	13	10.923389601573561	NFIC	NFIC
-255	11	11.015590447292634	NFIC	NFIC
-254	5	11.067063119229454	NFIC	NFIC
-253	12	11.033795175867333	NFIC	NFIC
-252	10	11.089591341068127	NFIC	NFIC
-251	6	11.075020292765439	NFIC	NFIC
-250	12	11.00708681129084	NFIC	NFIC
-249	9	10.924737103730742	NFIC	NFIC
-248	17	10.916205215030047	NFIC	NFIC
-247	10	10.914778173866123	NFIC	NFIC
-246	10	10.844322488997076	NFIC	NFIC
-245	11	10.952234092628213	NFIC	NFIC
-244	9	11.060688597511001	NFIC	NFIC
-243	12	10.96003095776846	NFIC	NFIC
-242	11	10.942132859425424	NFIC	NFIC
-241	9	10.946152622734306	NFIC	NFIC
-240	10	10.872634633993243	NFIC	NFIC
-239	15	10.826732038550409	NFIC	NFIC
-238	8	10.876572833305929	NFIC	NFIC
-237	12	10.880562052727624	NFIC	NFIC
-236	12	10.908323559611507	NFIC	NFIC
-235	10	10.990676733953126	NFIC	NFIC
-234	13	11.028459104474976	NFIC	NFIC
-233	13	10.991211933440896	NFIC	NFIC
-232	8	11.028245090998986	NFIC	NFIC
-231	9	10.986822587927588	NFIC	NFIC
-230	14	10.895258500724772	NFIC	NFIC
-229	9	10.951720705737122	NFIC	NFIC
-228	6	11.02054639959202	NFIC	NFIC
-227	10	11.021704484843847	NFIC	NFIC
-226	16	10.984802393136215	NFIC	NFIC
-225	10	11.087583965085026	NFIC	NFIC
-224	7	11.103692134790116	NFIC	NFIC
-223	7	11.112961762796168	NFIC	NFIC
-222	13	11.117941253121263	NFIC	NFIC
-221	8	11.15681143150258	NFIC	NFIC
-220	17	11.171385906278886	NFIC	NFIC
-219	10	11.230879711245338	NFIC	NFIC
-218	11	11.30221110019512	NFIC	NFIC
-217	13	11.37148072147749	NFIC	NFIC
-216	13	11.47403233182331	NFIC	NFIC
-215	7	11.34899832898867	NFIC	NFIC
-214	11	11.205468379387476	NFIC	NFIC
-213	15	11.065380687582705	NFIC	NFIC
-212	9	10.983283504669867	NFIC	NFIC
-211	9	10.966689034232896	NFIC	NFIC
-210	10	11.000402231832267	NFIC	NFIC
-209	15	11.01506389501766	NFIC	NFIC
-208	11	11.053495849501482	NFIC	NFIC
-207	10	11.058150563628306	NFIC	NFIC
-206	5	11.214458817755514	NFIC	NFIC
-205	15	11.33674129104498	NFIC	NFIC
-204	18	11.33033391184071	NFIC	NFIC
-203	9	11.133287778970434	NFIC	NFIC
-202	14	11.034703293106727	NFIC	NFIC
-201	9	10.994313352360198	NFIC	NFIC
-200	12	11.061272924475016	NFIC	NFIC
-199	17	10.9722513173737	NFIC	NFIC
-198	13	10.92297959145989	NFIC	NFIC
-197	14	10.95364201942592	NFIC	NFIC
-196	14	11.028373650265877	NFIC	NFIC
-195	14	11.002271575787377	NFIC	NFIC
-194	10	11.089679619362629	NFIC	NFIC
-193	12	11.068676184272933	NFIC	NFIC
-192	13	10.938854838940472	NFIC	NFIC
-191	19	10.950786974738623	NFIC	NFIC
-190	10	10.981897367073755	NFIC	NFIC
-189	18	10.918259172854395	NFIC	NFIC
-188	7	10.904328795281506	NFIC	NFIC
-187	12	10.884569983439224	NFIC	NFIC
-186	12	10.839221553539218	NFIC	NFIC
-185	9	10.92084475547794	NFIC	NFIC
-184	16	11.018871157836026	NFIC	NFIC
-183	10	11.023718003109439	NFIC	NFIC
-182	6	11.061564102859116	NFIC	NFIC
-181	15	11.100088640874153	NFIC	NFIC
-180	9	11.115614538614095	NFIC	NFIC
-179	5	11.133780622670264	NFIC	NFIC
-178	10	11.161151854378259	NFIC	NFIC
-177	10	11.149502743336809	NFIC	NFIC
-176	9	11.092387004781068	NFIC	NFIC
-175	14	11.074546291140736	NFIC	NFIC
-174	8	11.047965093385944	NFIC	NFIC
-173	12	11.204028518821513	NFIC	NFIC
-172	14	11.262341299260877	NFIC	NFIC
-171	6	11.184901812187029	NFIC	NFIC
-170	10	11.144115994092905	NFIC	NFIC
-169	9	11.116512510018238	NFIC	NFIC
-168	14	11.132743992073683	NFIC	NFIC
-167	8	11.186478131114418	NFIC	NFIC
-166	16	11.015075003784823	NFIC	NFIC
-165	14	10.952831293303825	NFIC	NFIC
-164	8	11.021648146500262	NFIC	NFIC
-163	8	10.966002885093971	NFIC	NFIC
-162	10	10.89678043554769	NFIC	NFIC
-161	14	11.006180327303829	NFIC	NFIC
-160	17	11.134756749004316	NFIC	NFIC
-159	8	11.096309811706687	NFIC	NFIC
-158	8	10.970232174313562	NFIC	NFIC
-157	13	11.048574348579445	NFIC	NFIC
-156	9	10.997285456184395	NFIC	NFIC
-155	10	10.991761397729588	NFIC	NFIC
-154	15	10.974935867179543	NFIC	NFIC
-153	13	10.929475762764072	NFIC	NFIC
-152	12	11.149145741893548	NFIC	NFIC
-151	7	11.040967748482364	NFIC	NFIC
-150	10	10.995333175283152	NFIC	NFIC
-149	10	11.016620967496195	NFIC	NFIC
-148	11	11.056719172374553	NFIC	NFIC
-147	8	11.041208753262996	NFIC	NFIC
-146	7	11.163918734559623	NFIC	NFIC
-145	10	11.125395505513817	NFIC	NFIC
-144	10	11.025317643731913	NFIC	NFIC
-143	16	11.015015294764584	NFIC	NFIC
-142	15	11.098498555406158	NFIC	NFIC
-141	13	11.133442847317253	NFIC	NFIC
-140	10	11.090196853788076	NFIC	NFIC
-139	7	10.977819251385295	NFIC	NFIC
-138	13	10.958575258850347	NFIC	NFIC
-137	12	11.104398600256973	NFIC	NFIC
-136	9	11.165813698637022	NFIC	NFIC
-135	14	11.159687627339236	NFIC	NFIC
-134	13	11.148124293235528	NFIC	NFIC
-133	15	11.092623995374604	NFIC	NFIC
-132	14	11.04680547504449	NFIC	NFIC
-131	7	11.041042591451648	NFIC	NFIC
-130	9	10.969970737734497	NFIC	NFIC
-129	10	10.993428835328782	NFIC	NFIC
-128	9	11.036398822304255	NFIC	NFIC
-127	12	11.100031374530875	NFIC	NFIC
-126	11	11.132713042499107	NFIC	NFIC
-125	9	11.110634581881998	NFIC	NFIC
-124	6	11.077020179385551	NFIC	NFIC
-123	13	11.066637969689127	NFIC	NFIC
-122	8	10.899489303711002	NFIC	NFIC
-121	9	10.772700290453004	NFIC	NFIC
-120	11	10.946593355320784	NFIC	NFIC
-119	13	10.985631040667188	NFIC	NFIC
-118	10	11.01059720842884	NFIC	NFIC
-117	12	11.062942195068977	NFIC	NFIC
-116	14	11.166235411676595	NFIC	NFIC
-115	16	11.309152758560932	NFIC	NFIC
-114	17	11.243962713272714	NFIC	NFIC
-113	12	11.012767390702555	NFIC	NFIC
-112	12	11.076231528544367	NFIC	NFIC
-111	10	11.087541252793123	NFIC	NFIC
-110	12	11.091600966031875	NFIC	NFIC
-109	9	10.977100012231267	NFIC	NFIC
-108	7	10.945821203899184	NFIC	NFIC
-107	10	10.852189826102244	NFIC	NFIC
-106	8	10.965454181864187	NFIC	NFIC
-105	13	10.885500416386485	NFIC	NFIC
-104	14	10.71519790969823	NFIC	NFIC
-103	11	10.792573666989817	NFIC	NFIC
-102	14	10.861962492359826	NFIC	NFIC
-101	11	11.023979027910176	NFIC	NFIC
-100	16	11.111042077576792	NFIC	NFIC
-99	15	11.010779685976397	NFIC	NFIC
-98	13	10.939375553221733	NFIC	NFIC
-97	9	10.734882585075164	NFIC	NFIC
-96	8	10.684717531981383	NFIC	NFIC
-95	9	10.70815093041496	NFIC	NFIC
-94	14	10.840986573281338	NFIC	NFIC
-93	12	10.973184738066001	NFIC	NFIC
-92	8	11.007054074459202	NFIC	NFIC
-91	11	11.052298137917399	NFIC	NFIC
-90	12	10.957019019424726	NFIC	NFIC
-89	13	10.90011278366704	NFIC	NFIC
-88	10	11.065374989739917	NFIC	NFIC
-87	10	11.195406971432709	NFIC	NFIC
-86	13	11.314192781268877	NFIC	NFIC
-85	11	11.182445325035006	NFIC	NFIC
-84	10	11.166178376081518	NFIC	NFIC
-83	7	11.409394212618	NFIC	NFIC
-82	13	11.343542910104532	NFIC	NFIC
-81	11	10.940142802666067	NFIC	NFIC
-80	5	11.027192569982896	NFIC	NFIC
-79	8	11.06895401618636	NFIC	NFIC
-78	10	10.840074410917106	NFIC	NFIC
-77	10	11.082520682795241	NFIC	NFIC
-76	10	11.091784431357166	NFIC	NFIC
-75	10	11.103613185240611	NFIC	NFIC
-74	16	11.060683253694132	NFIC	NFIC
-73	16	11.017351661510757	NFIC	NFIC
-72	7	10.994564297718211	NFIC	NFIC
-71	8	11.184916434456017	NFIC	NFIC
-70	8	11.225389238135502	NFIC	NFIC
-69	14	10.922094654473987	NFIC	NFIC
-68	6	10.993659828779348	NFIC	NFIC
-67	11	10.65678962216231	NFIC	NFIC
-66	11	10.88313672174482	NFIC	NFIC
-65	15	10.916187420861476	NFIC	NFIC
-64	14	10.793116900119955	NFIC	NFIC
-63	13	10.757076535087727	NFIC	NFIC
-62	11	10.697443907195165	NFIC	NFIC
-61	7	10.970342331695463	NFIC	NFIC
-60	4	10.979937803853847	NFIC	NFIC
-59	11	10.928167326126	NFIC	NFIC
-58	11	10.63549075148617	NFIC	NFIC
-57	7	10.795473065914607	NFIC	NFIC
-56	12	11.09708824775985	NFIC	NFIC
-55	16	10.97033486868156	NFIC	NFIC
-54	9	11.140912710733845	NFIC	NFIC
-53	11	10.977682136495465	NFIC	NFIC
-52	13	11.26203267621321	NFIC	NFIC
-51	11	11.476176523891075	NFIC	NFIC
-50	13	11.486358484408871	NFIC	NFIC
-49	13	11.29661581888148	NFIC	NFIC
-48	13	11.166385642162197	NFIC	NFIC
-47	10	10.92207724696064	NFIC	NFIC
-46	6	11.209146533140713	NFIC	NFIC
-45	6	11.228156216660771	NFIC	NFIC
-44	5	11.29782471330302	NFIC	NFIC
-43	20	11.21498809595091	NFIC	NFIC
-42	10	11.061430568227637	NFIC	NFIC
-41	11	10.86898397628373	NFIC	NFIC
-40	14	11.184718436718217	NFIC	NFIC
-39	13	10.98187299723142	NFIC	NFIC
-38	16	11.165613298763601	NFIC	NFIC
-37	10	10.878306984483762	NFIC	NFIC
-36	15	11.449499997158481	NFIC	NFIC
-35	14	11.637586854425107	NFIC	NFIC
-34	6	11.160005920614129	NFIC	NFIC
-33	6	11.317909301241231	NFIC	NFIC
-32	11	11.013293997016744	NFIC	NFIC
-31	11	10.891306166858572	NFIC	NFIC
-30	9	11.270495428642512	NFIC	NFIC
-29	13	11.44169434236646	NFIC	NFIC
-28	8	11.324215055985142	NFIC	NFIC
-27	10	10.959073455816156	NFIC	NFIC
-26	15	11.285504980601035	NFIC	NFIC
-25	13	11.05593636278293	NFIC	NFIC
-24	11	10.974008368289311	NFIC	NFIC
-23	11	10.620380230182919	NFIC	NFIC
-22	6	10.768009820602884	NFIC	NFIC
-21	11	11.25985053387629	NFIC	NFIC
-20	13	11.380604038608137	NFIC	NFIC
-19	13	11.248123689967235	NFIC	NFIC
-18	14	11.203335274594888	NFIC	NFIC
-17	9	10.985720760814905	NFIC	NFIC
-16	12	11.34671900887207	NFIC	NFIC
-15	19	11.189116485480424	NFIC	NFIC
-14	20	11.688716983094697	NFIC	NFIC
-13	12	11.646909644279331	NFIC	NFIC
-12	17	12.151970332144606	NFIC	NFIC
-11	16	11.732508246395133	NFIC	NFIC
-10	13	11.14160465275767	NFIC	NFIC
-9	10	11.057003725153548	NFIC	NFIC
-8	10	11.465185047556727	NFIC	NFIC
-7	11	10.436242189086752	NFIC	NFIC
-6	11	9.080989586171869	NFIC	NFIC
-5	12	12.380291813128597	NFIC	NFIC
-4	11	12.90900109549515	NFIC	NFIC
-3	11	12.011956786084886	NFIC	NFIC
-2	10	10.756310893365328	NFIC	NFIC
-1	18	11.040977372230579	NFIC	NFIC
0	8	10.959093844284466	NFIC	NFIC
1	10	11.068623127544344	NFIC	NFIC
2	19	10.770896053868698	NFIC	NFIC
3	17	11.950263924566285	NFIC	NFIC
4	12	12.985452495541042	NFIC	NFIC
5	11	12.393166958752532	NFIC	NFIC
6	14	9.054907472584189	NFIC	NFIC
7	9	10.468869658802362	NFIC	NFIC
8	9	11.448025489910743	NFIC	NFIC
9	16	11.061971722432215	NFIC	NFIC
10	14	11.236789272461666	NFIC	NFIC
11	17	11.777495303024663	NFIC	NFIC
12	14	12.199072750477784	NFIC	NFIC
13	12	11.45221533987742	NFIC	NFIC
14	10	11.649899391572053	NFIC	NFIC
15	8	11.088274032278639	NFIC	NFIC
16	7	11.263838893202507	NFIC	NFIC
17	10	11.033813612398811	NFIC	NFIC
18	12	11.182191688134882	NFIC	NFIC
19	11	11.214871166851957	NFIC	NFIC
20	14	11.400423350065706	NFIC	NFIC
21	11	11.237709078350797	NFIC	NFIC
22	13	10.75327912486593	NFIC	NFIC
23	10	10.58886161956348	NFIC	NFIC
24	10	10.98563301195499	NFIC	NFIC
25	8	10.913426375061322	NFIC	NFIC
26	10	11.315313164375839	NFIC	NFIC
27	13	11.112385958218447	NFIC	NFIC
28	11	11.432746325207402	NFIC	NFIC
29	15	11.586488391324655	NFIC	NFIC
30	13	11.260129318483582	NFIC	NFIC
31	10	10.828804830231414	NFIC	NFIC
32	9	11.034884100161515	NFIC	NFIC
33	8	11.295161402048334	NFIC	NFIC
34	11	11.133411868878486	NFIC	NFIC
35	14	11.522102378616836	NFIC	NFIC
36	8	11.352813638673256	NFIC	NFIC
37	10	10.872005894817848	NFIC	NFIC
38	7	11.09741497106125	NFIC	NFIC
39	8	11.066650086434963	NFIC	NFIC
40	15	11.186170324153835	NFIC	NFIC
41	13	10.904373258771212	NFIC	NFIC
42	13	11.148092860569163	NFIC	NFIC
43	13	11.20089867811491	NFIC	NFIC
44	10	11.402680565690028	NFIC	NFIC
45	8	11.292811369288831	NFIC	NFIC
46	8	11.291741045377227	NFIC	NFIC
47	10	10.932995352487907	NFIC	NFIC
48	10	11.089949138684728	NFIC	NFIC
49	10	11.34864762761073	NFIC	NFIC
50	11	11.538701065051605	NFIC	NFIC
51	16	11.608730379126365	NFIC	NFIC
52	13	11.388499022097031	NFIC	NFIC
53	3	10.967063015358212	NFIC	NFIC
54	13	11.231346633506474	NFIC	NFIC
55	8	10.994727749573272	NFIC	NFIC
56	6	11.052244085861414	NFIC	NFIC
57	12	10.79496226670683	NFIC	NFIC
58	7	10.653986083421637	NFIC	NFIC
59	17	10.997220340839295	NFIC	NFIC
60	6	10.994181939251346	NFIC	NFIC
61	10	10.955703886479608	NFIC	NFIC
62	9	10.723482219912967	NFIC	NFIC
63	17	10.843092841071545	NFIC	NFIC
64	10	10.823999774694075	NFIC	NFIC
65	5	10.993925336722693	NFIC	NFIC
66	11	10.972944176715759	NFIC	NFIC
67	12	10.782698728176788	NFIC	NFIC
68	11	10.933659183862803	NFIC	NFIC
69	8	10.93195147424419	NFIC	NFIC
70	18	11.23334920934861	NFIC	NFIC
71	12	11.212674045556726	NFIC	NFIC
72	12	11.048490199665387	NFIC	NFIC
73	12	11.139420993781153	NFIC	NFIC
74	6	11.121425266341035	NFIC	NFIC
75	14	11.336240762514015	NFIC	NFIC
76	11	11.145277044782013	NFIC	NFIC
77	14	11.158433482457982	NFIC	NFIC
78	12	10.802852198405757	NFIC	NFIC
79	6	11.04512822646971	NFIC	NFIC
80	11	10.99652643267926	NFIC	NFIC
81	12	10.906756159310492	NFIC	NFIC
82	11	11.382997229460804	NFIC	NFIC
83	12	11.416326523677775	NFIC	NFIC
84	15	11.192341166246793	NFIC	NFIC
85	13	11.21311571743241	NFIC	NFIC
86	11	11.335601988266381	NFIC	NFIC
87	13	11.32674958876894	NFIC	NFIC
88	14	11.061251302536707	NFIC	NFIC
89	15	10.890176835582663	NFIC	NFIC
90	11	11.037781643932092	NFIC	NFIC
91	12	11.069962511584581	NFIC	NFIC
92	6	10.947960474975117	NFIC	NFIC
93	11	10.968415641664347	NFIC	NFIC
94	11	10.791102155630883	NFIC	NFIC
95	16	10.712655786551268	NFIC	NFIC
96	9	10.710713753610701	NFIC	NFIC
97	7	10.730171642456499	NFIC	NFIC
98	11	10.923439158065877	NFIC	NFIC
99	13	11.044610449912572	NFIC	NFIC
100	6	11.08844427026033	NFIC	NFIC
101	8	10.924055306594655	NFIC	NFIC
102	13	10.789329277530046	NFIC	NFIC
103	9	10.715177657846075	NFIC	NFIC
104	11	10.686133353178125	NFIC	NFIC
105	7	10.880263383786595	NFIC	NFIC
106	13	10.943788935611423	NFIC	NFIC
107	3	10.90335783968938	NFIC	NFIC
108	9	11.011293979466084	NFIC	NFIC
109	12	10.999269437666301	NFIC	NFIC
110	15	11.056778220346057	NFIC	NFIC
111	17	11.038151644379013	NFIC	NFIC
112	16	11.034759677719757	NFIC	NFIC
113	5	11.021433573144794	NFIC	NFIC
114	9	11.234650718319719	NFIC	NFIC
115	15	11.346979960911183	NFIC	NFIC
116	14	11.327782214343571	NFIC	NFIC
117	7	11.232520611389129	NFIC	NFIC
118	7	11.108128577599317	NFIC	NFIC
119	8	10.995653498169794	NFIC	NFIC
120	15	10.920798628886542	NFIC	NFIC
121	8	10.78270817613614	NFIC	NFIC
122	2	10.912520400385059	NFIC	NFIC
123	7	11.005822278300744	NFIC	NFIC
124	6	11.018247361136776	NFIC	NFIC
125	9	11.207313451132817	NFIC	NFIC
126	11	11.303554183950743	NFIC	NFIC
127	9	11.236355139750204	NFIC	NFIC
128	15	11.14950580091292	NFIC	NFIC
129	15	11.080661965881328	NFIC	NFIC
130	9	10.898724724325255	NFIC	NFIC
131	9	11.035125044351929	NFIC	NFIC
132	7	11.10285971622268	NFIC	NFIC
133	16	11.015120610953943	NFIC	NFIC
134	14	11.018042139762304	NFIC	NFIC
135	11	11.11822986528709	NFIC	NFIC
136	16	11.205739882838582	NFIC	NFIC
137	6	11.057051328261348	NFIC	NFIC
138	15	11.007535442551406	NFIC	NFIC
139	11	11.035255388483385	NFIC	NFIC
140	15	11.13078263668375	NFIC	NFIC
141	7	10.986046244498144	NFIC	NFIC
142	14	10.983527377041064	NFIC	NFIC
143	15	11.040802839685139	NFIC	NFIC
144	9	11.052122721465576	NFIC	NFIC
145	14	11.073663082037868	NFIC	NFIC
146	15	11.137308595285674	NFIC	NFIC
147	8	11.006022534531809	NFIC	NFIC
148	16	10.987281110229517	NFIC	NFIC
149	9	10.963626298355754	NFIC	NFIC
150	15	10.925340456178173	NFIC	NFIC
151	7	11.064471807119316	NFIC	NFIC
152	13	11.05515667307313	NFIC	NFIC
153	10	10.963729886682613	NFIC	NFIC
154	13	10.990851611985812	NFIC	NFIC
155	19	10.98101741846544	NFIC	NFIC
156	14	11.039852491671196	NFIC	NFIC
157	13	11.0324140314527	NFIC	NFIC
158	7	11.030407190853866	NFIC	NFIC
159	10	10.998626441978942	NFIC	NFIC
160	10	11.107686365837443	NFIC	NFIC
161	15	11.186285509005153	NFIC	NFIC
162	12	10.992728103959367	NFIC	NFIC
163	10	10.979921278946495	NFIC	NFIC
164	13	10.939587250375935	NFIC	NFIC
165	5	10.939669850433328	NFIC	NFIC
166	11	11.04476082756522	NFIC	NFIC
167	8	11.178827284147369	NFIC	NFIC
168	10	11.161248018886516	NFIC	NFIC
169	15	11.170360445429777	NFIC	NFIC
170	11	11.200309250032046	NFIC	NFIC
171	11	11.272736449645194	NFIC	NFIC
172	8	11.313824381544702	NFIC	NFIC
173	10	11.268723529432123	NFIC	NFIC
174	11	11.182403125670314	NFIC	NFIC
175	12	11.191137550361042	NFIC	NFIC
176	18	11.32232749709518	NFIC	NFIC
177	14	11.274579843787093	NFIC	NFIC
178	11	11.16244645911539	NFIC	NFIC
179	8	11.139891083506324	NFIC	NFIC
180	10	11.132164686604403	NFIC	NFIC
181	15	11.108282096417538	NFIC	NFIC
182	5	11.104937543107328	NFIC	NFIC
183	15	11.125143178136767	NFIC	NFIC
184	10	11.114471224555613	NFIC	NFIC
185	9	11.030478081011495	NFIC	NFIC
186	5	10.825309893857973	NFIC	NFIC
187	12	10.842964992936665	NFIC	NFIC
188	9	10.870164870867438	NFIC	NFIC
189	5	10.894478525867935	NFIC	NFIC
190	19	10.9146252333144	NFIC	NFIC
191	11	10.966947896215466	NFIC	NFIC
192	11	10.97242742940012	NFIC	NFIC
193	7	11.063053317922911	NFIC	NFIC
194	10	11.106304289083305	NFIC	NFIC
195	13	11.084309110855285	NFIC	NFIC
196	9	10.95166874549719	NFIC	NFIC
197	11	10.969379272500364	NFIC	NFIC
198	7	10.956141621610563	NFIC	NFIC
199	13	11.020247620042094	NFIC	NFIC
200	7	10.995828390570916	NFIC	NFIC
201	6	11.006881350741757	NFIC	NFIC
202	9	11.043210313103682	NFIC	NFIC
203	20	11.182451150413785	NFIC	NFIC
204	10	11.28074729153299	NFIC	NFIC
205	10	11.303840071566682	NFIC	NFIC
206	17	11.179658584172257	NFIC	NFIC
207	15	11.02615019651811	NFIC	NFIC
208	14	11.017277019059277	NFIC	NFIC
209	18	11.027666344300982	NFIC	NFIC
210	14	11.085025273485773	NFIC	NFIC
211	3	11.127169452057059	NFIC	NFIC
212	11	11.08198670671293	NFIC	NFIC
213	11	11.096075875298725	NFIC	NFIC
214	9	11.130411111506016	NFIC	NFIC
215	8	11.342734264571714	NFIC	NFIC
216	10	11.440474235771381	NFIC	NFIC
217	8	11.376862709351235	NFIC	NFIC
218	19	11.202081409377868	NFIC	NFIC
219	14	11.148074667643249	NFIC	NFIC
220	12	11.233522563941436	NFIC	NFIC
221	10	11.233382204095399	NFIC	NFIC
222	12	11.185097810004645	NFIC	NFIC
223	14	11.1729175027351	NFIC	NFIC
224	20	11.11039680154709	NFIC	NFIC
225	10	11.07766245853831	NFIC	NFIC
226	7	11.074303350002658	NFIC	NFIC
227	12	11.062549694721145	NFIC	NFIC
228	10	10.979039734377533	NFIC	NFIC
229	12	10.975410549429705	NFIC	NFIC
230	16	10.942014801190334	NFIC	NFIC
231	7	10.900289818602705	NFIC	NFIC
232	9	10.880665114446442	NFIC	NFIC
233	12	10.841607259179305	NFIC	NFIC
234	16	10.855791933178505	NFIC	NFIC
235	13	10.852778914965457	NFIC	NFIC
236	12	10.931608352706888	NFIC	NFIC
237	16	10.853875013935307	NFIC	NFIC
238	19	10.806829308625893	NFIC	NFIC
239	9	10.890238448602364	NFIC	NFIC
240	12	10.867345899590056	NFIC	NFIC
241	11	10.850147456568308	NFIC	NFIC
242	15	10.923660087791934	NFIC	NFIC
243	14	10.895429436602273	NFIC	NFIC
244	14	10.887881897101073	NFIC	NFIC
245	10	10.917344705253816	NFIC	NFIC
246	10	10.940701757817164	NFIC	NFIC
247	11	10.954861477655175	NFIC	NFIC
248	7	10.90558583865928	NFIC	NFIC
249	11	10.89613399514191	NFIC	NFIC
250	8	10.957188035274147	NFIC	NFIC
251	11	10.97308943868808	NFIC	NFIC
252	13	10.936853856953409	NFIC	NFIC
253	19	10.87576276163701	NFIC	NFIC
254	6	10.90364260021526	NFIC	NFIC
255	11	10.91662913974523	NFIC	NFIC
256	7	10.99081649766516	NFIC	NFIC
257	11	10.936431081641997	NFIC	NFIC
258	5	10.966766547787165	NFIC	NFIC
259	9	10.964176505551693	NFIC	NFIC
260	9	10.9541960968762	NFIC	NFIC
261	9	10.940254016068533	NFIC	NFIC
262	11	10.889184753535421	NFIC	NFIC
263	6	10.863041360140574	NFIC	NFIC
264	15	10.900430465774221	NFIC	NFIC
265	7	11.017139712441002	NFIC	NFIC
266	10	10.95573698781292	NFIC	NFIC
267	13	10.863052626366574	NFIC	NFIC
268	7	10.948712505230821	NFIC	NFIC
269	8	10.954001826578951	NFIC	NFIC
270	15	11.005205307875897	NFIC	NFIC
271	12	10.918920780063226	NFIC	NFIC
272	13	10.951182419190456	NFIC	NFIC
273	11	10.946002615601204	NFIC	NFIC
274	17	10.950025000384512	NFIC	NFIC
275	9	10.965711297861516	NFIC	NFIC
276	10	10.942742233602416	NFIC	NFIC
277	10	10.9661271382201	NFIC	NFIC
278	12	10.91094190162809	NFIC	NFIC
279	7	10.900846120297746	NFIC	NFIC
280	16	10.92678009369974	NFIC	NFIC
281	13	10.98776369983898	NFIC	NFIC
282	7	11.010281808256032	NFIC	NFIC
283	8	10.980624573778437	NFIC	NFIC
284	10	10.997840506137655	NFIC	NFIC
285	12	11.00868203502181	NFIC	NFIC
286	10	11.006036784499333	NFIC	NFIC
287	10	10.953429647571355	NFIC	NFIC
288	11	10.930207665535946	NFIC	NFIC
289	10	10.969972449371118	NFIC	NFIC
290	7	10.91407614499853	NFIC	NFIC
291	5	10.877734046339937	NFIC	NFIC
292	13	10.96307579606551	NFIC	NFIC
293	10	10.960298445396843	NFIC	NFIC
294	12	10.930312237746536	NFIC	NFIC
295	9	10.940088034466633	NFIC	NFIC
296	13	10.895256951278716	NFIC	NFIC
297	11	10.98426299984741	NFIC	NFIC
298	13	10.943097296492782	NFIC	NFIC
299	10	10.975774503580322	NFIC	NFIC
300	13	11.018408759443375	NFIC	NFIC
301	8	11.065628894720895	NFIC	NFIC
302	5	10.980573764513615	NFIC	NFIC
303	7	10.91302337730154	NFIC	NFIC
304	8	10.968080399057992	NFIC	NFIC
305	13	10.894384091033197	NFIC	NFIC
306	13	10.937151686212916	NFIC	NFIC
307	8	10.925465183852369	NFIC	NFIC
308	11	10.973389417710926	NFIC	NFIC
309	12	10.945005780492346	NFIC	NFIC
310	13	10.935344956032004	NFIC	NFIC
311	11	10.999904959500652	NFIC	NFIC
312	7	11.01191191838373	NFIC	NFIC
313	10	10.974068798761415	NFIC	NFIC
314	6	10.895118781838168	NFIC	NFIC
315	12	10.957547297096509	NFIC	NFIC
316	11	10.95532795449663	NFIC	NFIC
317	11	10.90647362730834	NFIC	NFIC
318	10	10.963576499771069	NFIC	NFIC
319	16	10.998693761317746	NFIC	NFIC
320	12	10.903926233936428	NFIC	NFIC
321	5	10.947327099506959	NFIC	NFIC
322	13	10.926224573971458	NFIC	NFIC
323	17	10.98056996960411	NFIC	NFIC
324	12	10.976573949431563	NFIC	NFIC
325	10	11.01965079741687	NFIC	NFIC
326	11	11.067107010701351	NFIC	NFIC
327	5	11.035555426103272	NFIC	NFIC
328	16	10.994578845589272	NFIC	NFIC
329	14	10.969338792644642	NFIC	NFIC
330	11	10.955141986744401	NFIC	NFIC
331	11	11.019116972648666	NFIC	NFIC
332	10	11.028172734954099	NFIC	NFIC
333	6	11.049184888923547	NFIC	NFIC
334	11	10.923627900978278	NFIC	NFIC
335	11	10.95225963391296	NFIC	NFIC
336	8	10.970985133727268	NFIC	NFIC
337	6	10.953914270371863	NFIC	NFIC
338	13	11.003235933652482	NFIC	NFIC
339	18	10.968819179795815	NFIC	NFIC
340	10	10.930669673130541	NFIC	NFIC
341	9	10.996451325400985	NFIC	NFIC
342	15	11.032516149965415	NFIC	NFIC
343	8	11.042324078228585	NFIC	NFIC
344	12	10.99496263922702	NFIC	NFIC
345	14	11.048119796501911	NFIC	NFIC
346	14	11.02905005587483	NFIC	NFIC
347	11	10.927874830403242	NFIC	NFIC
348	14	10.968644339136649	NFIC	NFIC
349	6	10.95682021255655	NFIC	NFIC
350	12	10.891160435674998	NFIC	NFIC
351	12	10.911082096409844	NFIC	NFIC
352	15	11.03591286963034	NFIC	NFIC
353	9	11.048366486141282	NFIC	NFIC
354	12	11.013380143924062	NFIC	NFIC
355	11	11.036702342393802	NFIC	NFIC
356	11	11.00798107576007	NFIC	NFIC
357	11	10.996569266948018	NFIC	NFIC
358	7	11.069933369954617	NFIC	NFIC
359	10	11.037239233896283	NFIC	NFIC
360	15	11.00723686847002	NFIC	NFIC
361	13	11.03521601241568	NFIC	NFIC
362	4	10.959617879182504	NFIC	NFIC
363	8	10.945715788496583	NFIC	NFIC
364	11	10.978012293551277	NFIC	NFIC
365	9	10.968008161682983	NFIC	NFIC
366	14	10.983320114137848	NFIC	NFIC
367	9	11.048617408826388	NFIC	NFIC
368	9	11.002842777393573	NFIC	NFIC
369	11	10.998473428124125	NFIC	NFIC
370	15	10.99156928101649	NFIC	NFIC
371	9	10.995723842665402	NFIC	NFIC
372	15	10.97064434679436	NFIC	NFIC
373	12	11.020468347077674	NFIC	NFIC
374	12	11.009207128236493	NFIC	NFIC
375	11	10.968765882583014	NFIC	NFIC
376	9	10.949842592970498	NFIC	NFIC
377	10	10.984363728213182	NFIC	NFIC
378	11	11.07947919567288	NFIC	NFIC
379	10	11.038464953281514	NFIC	NFIC
380	9	10.990239608058728	NFIC	NFIC
381	9	11.058885110435659	NFIC	NFIC
382	7	10.996335248667828	NFIC	NFIC
383	8	10.97271212679239	NFIC	NFIC
384	13	10.976471172652458	NFIC	NFIC
385	10	10.928058061919455	NFIC	NFIC
386	7	11.039253617767974	NFIC	NFIC
387	10	11.026305472694592	NFIC	NFIC
388	8	11.007368891263098	NFIC	NFIC
389	11	11.033661639038243	NFIC	NFIC
390	5	10.983741766463504	NFIC	NFIC
391	13	10.954651069998823	NFIC	NFIC
392	8	10.95500812993849	NFIC	NFIC
393	7	10.921868635320857	NFIC	NFIC
394	10	10.895589240392194	NFIC	NFIC
395	5	10.982302647708652	NFIC	NFIC
396	6	10.902272334295736	NFIC	NFIC
397	14	10.902795297340012	NFIC	NFIC
398	9	10.981897472567548	NFIC	NFIC
399	8	11.113695031720436	NFIC	NFIC
400	6	11.046311514753924	NFIC	NFIC
401	7	10.996023164802024	NFIC	NFIC
402	14	10.945561834084392	NFIC	NFIC
403	9	10.913011255058588	NFIC	NFIC
404	10	10.918174986899167	NFIC	NFIC
405	10	10.915201517578325	NFIC	NFIC
406	6	10.96583507909606	NFIC	NFIC
407	10	11.005666180914746	NFIC	NFIC
408	13	11.037943628722463	NFIC	NFIC
409	10	10.977817172448448	NFIC	NFIC
410	11	10.968803252105547	NFIC	NFIC
411	15	10.944232703880166	NFIC	NFIC
412	11	10.932408348755166	NFIC	NFIC
413	6	10.956168099473084	NFIC	NFIC
414	4	10.979447145944256	NFIC	NFIC
415	13	10.976735229186813	NFIC	NFIC
416	8	10.986620441622541	NFIC	NFIC
417	16	10.962448349295807	NFIC	NFIC
418	18	10.874519205493202	NFIC	NFIC
419	4	10.943110908084181	NFIC	NFIC
420	12	11.049342778409159	NFIC	NFIC
421	7	10.979429242279373	NFIC	NFIC
422	10	11.03939511639634	NFIC	NFIC
423	13	11.053391159341878	NFIC	NFIC
424	13	10.995405503327966	NFIC	NFIC
425	7	10.941174085025633	NFIC	NFIC
426	17	10.932632289771755	NFIC	NFIC
427	16	10.963766850524017	NFIC	NFIC
428	14	10.945371896918571	NFIC	NFIC
429	18	10.98562568545392	NFIC	NFIC
430	11	11.00313825749807	NFIC	NFIC
431	12	10.976960844611835	NFIC	NFIC
432	11	11.038329713154466	NFIC	NFIC
433	10	10.987245069340167	NFIC	NFIC
434	14	10.981393666098029	NFIC	NFIC
435	10	10.963756722965842	NFIC	NFIC
436	11	10.926800126761764	NFIC	NFIC
437	10	10.915685367856277	NFIC	NFIC
438	14	10.968722419270657	NFIC	NFIC
439	8	10.943034637000235	NFIC	NFIC
440	14	10.935715509535923	NFIC	NFIC
441	16	10.976015544423966	NFIC	NFIC
442	12	10.926528794256066	NFIC	NFIC
443	15	11.00095177873518	NFIC	NFIC
444	13	11.002313530709944	NFIC	NFIC
445	8	10.982648199676431	NFIC	NFIC
446	15	10.936994337551184	NFIC	NFIC
447	7	10.930975796118293	NFIC	NFIC
448	6	10.983861789464424	NFIC	NFIC
449	9	11.054227173030325	NFIC	NFIC
450	13	11.010960970740987	NFIC	NFIC
451	20	10.978999703213134	NFIC	NFIC
452	13	10.895667659800026	NFIC	NFIC
453	7	10.85842907901456	NFIC	NFIC
454	9	10.947376622871685	NFIC	NFIC
455	9	11.06833443609037	NFIC	NFIC
456	14	11.08463988988807	NFIC	NFIC
457	9	11.01263531967946	NFIC	NFIC
458	9	11.002164037771177	NFIC	NFIC
459	12	11.001790190563653	NFIC	NFIC
460	13	11.020677068116672	NFIC	NFIC
461	6	10.985059441070968	NFIC	NFIC
462	9	10.879133233292407	NFIC	NFIC
463	7	10.924921757772639	NFIC	NFIC
464	12	10.974103871223859	NFIC	NFIC
465	12	10.992201979526302	NFIC	NFIC
466	17	11.034736097918055	NFIC	NFIC
467	9	11.039394830758503	NFIC	NFIC
468	9	10.99774079083375	NFIC	NFIC
469	9	10.989344286590942	NFIC	NFIC
470	12	11.015823591026168	NFIC	NFIC
471	15	10.997882344060852	NFIC	NFIC
472	14	10.922414251972356	NFIC	NFIC
473	11	11.007517132969292	NFIC	NFIC
474	12	10.964647150048547	NFIC	NFIC
475	19	10.978518630477746	NFIC	NFIC
476	9	10.98231871050312	NFIC	NFIC
477	11	11.005835231617743	NFIC	NFIC
478	17	11.008402212240126	NFIC	NFIC
479	18	11.00336197953634	NFIC	NFIC
480	14	10.980198001062158	NFIC	NFIC
481	5	11.010388800022275	NFIC	NFIC
482	18	11.021736464294897	NFIC	NFIC
483	16	10.972644265577246	NFIC	NFIC
484	10	10.982315906588498	NFIC	NFIC
485	6	10.968441135479212	NFIC	NFIC
486	10	10.914727662757368	NFIC	NFIC
487	11	10.952429440453418	NFIC	NFIC
488	10	10.997546766456214	NFIC	NFIC
489	9	10.975503131203293	NFIC	NFIC
490	16	10.970052001452759	NFIC	NFIC
491	8	10.970991409042128	NFIC	NFIC
492	10	10.976829881498944	NFIC	NFIC
493	14	10.969106992022308	NFIC	NFIC
494	13	10.919842500083025	NFIC	NFIC
495	11	10.936816575797511	NFIC	NFIC
496	11	10.969128585813493	NFIC	NFIC
497	16	10.991192457547527	NFIC	NFIC
498	11	10.988832414163305	NFIC	NFIC
499	8	11.00406825856452	NFIC	NFIC
500	10	11.022880527837247	NFIC	NFIC
501	11	10.923338500369104	NFIC	NFIC
502	9	11.01891689787184	NFIC	NFIC
503	18	10.9824960941609	NFIC	NFIC
504	10	10.943398275253115	NFIC	NFIC
505	8	10.981126510439227	NFIC	NFIC
506	10	10.884292398903163	NFIC	NFIC
507	17	10.965598218277183	NFIC	NFIC
508	8	10.976993142862646	NFIC	NFIC
509	9	10.994257210335883	NFIC	NFIC
510	12	11.011203116500846	NFIC	NFIC
511	10	10.974428250759196	NFIC	NFIC
512	14	11.019236907581213	NFIC	NFIC
513	17	11.09430810283547	NFIC	NFIC
514	10	11.037571716766896	NFIC	NFIC
515	14	10.938380319255414	NFIC	NFIC
516	15	10.99894972143214	NFIC	NFIC
517	13	11.04627909487786	NFIC	NFIC
518	7	11.00008116860178	NFIC	NFIC
519	13	10.952429619700714	NFIC	NFIC
520	13	10.938819642027191	NFIC	NFIC
521	12	11.025670390724406	NFIC	NFIC
522	7	11.008801539510797	NFIC	NFIC
523	11	11.019791827872483	NFIC	NFIC
524	10	11.040740073841139	NFIC	NFIC
525	7	10.986687463767494	NFIC	NFIC
526	6	11.004804227508757	NFIC	NFIC
527	13	11.063186160213268	NFIC	NFIC
528	9	11.025325424001581	NFIC	NFIC
529	12	11.027560934918512	NFIC	NFIC
530	10	11.079981971334075	NFIC	NFIC
531	10	11.074166129551841	NFIC	NFIC
532	13	11.016564650316479	NFIC	NFIC
533	8	11.028619105675123	NFIC	NFIC
534	7	10.997074004475294	NFIC	NFIC
535	14	10.986387678962842	NFIC	NFIC
536	12	10.972107953299602	NFIC	NFIC
537	10	10.996210719438995	NFIC	NFIC
538	14	11.016731269421692	NFIC	NFIC
539	9	11.04759955740904	NFIC	NFIC
540	14	11.062988990688755	NFIC	NFIC
541	14	11.017133851746024	NFIC	NFIC
542	14	11.066202392735889	NFIC	NFIC
543	16	10.999744134831037	NFIC	NFIC
544	14	10.92937071759602	NFIC	NFIC
545	7	11.03472340246412	NFIC	NFIC
546	7	11.090141043410728	NFIC	NFIC
547	12	11.022149270462696	NFIC	NFIC
548	7	10.99451204513822	NFIC	NFIC
549	12	10.959233786793805	NFIC	NFIC
550	9	10.947225126508808	NFIC	NFIC
551	9	10.969729531365404	NFIC	NFIC
552	14	11.015923921304228	NFIC	NFIC
553	12	10.926432146173692	NFIC	NFIC
554	10	10.934224763342952	NFIC	NFIC
555	7	10.999618094099203	NFIC	NFIC
556	8	10.969596464317341	NFIC	NFIC
557	11	10.92429393670963	NFIC	NFIC
558	14	10.925388699454231	NFIC	NFIC
559	11	10.92366033195662	NFIC	NFIC
560	9	10.91632728305726	NFIC	NFIC
561	16	10.906228114680838	NFIC	NFIC
562	11	10.935284688132933	NFIC	NFIC
563	14	10.906960330916792	NFIC	NFIC
564	11	10.964242298925592	NFIC	NFIC
565	9	10.956254709592924	NFIC	NFIC
566	7	10.990103066900708	NFIC	NFIC
567	11	11.028488294269268	NFIC	NFIC
568	16	11.002127322201343	NFIC	NFIC
569	15	10.946312677609013	NFIC	NFIC
570	12	10.98150471446737	NFIC	NFIC
571	9	10.957944610255312	NFIC	NFIC
572	9	10.96080442014783	NFIC	NFIC
573	14	10.946180777401663	NFIC	NFIC
574	13	10.99765715653941	NFIC	NFIC
575	14	10.999566189530032	NFIC	NFIC
576	6	10.882520026766228	NFIC	NFIC
577	11	10.888806143628134	NFIC	NFIC
578	8	10.924804191728974	NFIC	NFIC
579	6	10.939630339775904	NFIC	NFIC
580	16	10.942566958692248	NFIC	NFIC
581	5	11.057631322677512	NFIC	NFIC
582	11	10.989979776775748	NFIC	NFIC
583	16	11.012780601965849	NFIC	NFIC
584	17	11.002552832149451	NFIC	NFIC
585	8	10.943784517648304	NFIC	NFIC
586	14	10.964712534002375	NFIC	NFIC
587	7	11.012898300901274	NFIC	NFIC
588	10	11.06114327498608	NFIC	NFIC
589	13	11.060571773174118	NFIC	NFIC
590	14	10.9948391020393	NFIC	NFIC
591	8	10.958303011377065	NFIC	NFIC
592	7	10.974429064336892	NFIC	NFIC
593	9	10.935948591247385	NFIC	NFIC
594	14	10.900371565188419	NFIC	NFIC
595	10	10.987846310252047	NFIC	NFIC
596	9	11.002382539367499	NFIC	NFIC
597	12	10.94098638043312	NFIC	NFIC
598	9	10.982114546962944	NFIC	NFIC
599	15	11.012198842053298	NFIC	NFIC
600	8	10.955076362438907	NFIC	NFIC
601	11	10.974908356100242	NFIC	NFIC
602	14	11.059645856682712	NFIC	NFIC
603	14	11.052821282559329	NFIC	NFIC
604	3	10.974079145456368	NFIC	NFIC
605	15	11.044627321100139	NFIC	NFIC
606	10	10.998760708789275	NFIC	NFIC
607	13	10.972578864375485	NFIC	NFIC
608	14	11.004163247708117	NFIC	NFIC
609	13	11.08560350366935	NFIC	NFIC
610	13	10.94413125683992	NFIC	NFIC
611	6	10.948578856729785	NFIC	NFIC
612	9	10.959190066376566	NFIC	NFIC
613	12	10.961912253635221	NFIC	NFIC
614	11	11.025871193773279	NFIC	NFIC
615	12	11.069085994115705	NFIC	NFIC
616	11	11.084575890180911	NFIC	NFIC
617	7	11.033370862730905	NFIC	NFIC
618	12	11.020934898047052	NFIC	NFIC
619	10	10.941509767218983	NFIC	NFIC
620	18	10.998550434514536	NFIC	NFIC
621	17	11.014598678766735	NFIC	NFIC
622	13	11.01129627543195	NFIC	NFIC
623	11	11.030401466485477	NFIC	NFIC
624	9	11.02533968391313	NFIC	NFIC
625	9	10.941564134239501	NFIC	NFIC
626	9	10.917309020536047	NFIC	NFIC
627	5	10.949086885029416	NFIC	NFIC
628	9	10.977415348788519	NFIC	NFIC
629	13	11.076794844278629	NFIC	NFIC
630	18	10.979635850918697	NFIC	NFIC
631	9	10.988026312109822	NFIC	NFIC
632	16	11.036124018268104	NFIC	NFIC
633	7	11.031748552107759	NFIC	NFIC
634	7	11.05046015228809	NFIC	NFIC
635	13	10.976130907367533	NFIC	NFIC
636	16	11.020202478667105	NFIC	NFIC
637	8	11.059584463444628	NFIC	NFIC
638	14	10.961454606308175	NFIC	NFIC
639	14	10.897714080887084	NFIC	NFIC
640	13	11.008006474168662	NFIC	NFIC
641	10	11.04260670902835	NFIC	NFIC
642	15	10.954418290545437	NFIC	NFIC
643	12	10.947501484085338	NFIC	NFIC
644	12	11.053804459468841	NFIC	NFIC
645	5	10.947007390023975	NFIC	NFIC
646	12	10.940035531844142	NFIC	NFIC
647	8	11.02168577936392	NFIC	NFIC
648	13	11.107036076441615	NFIC	NFIC
649	11	11.072345530851553	NFIC	NFIC
650	8	10.942754469073266	NFIC	NFIC
651	13	10.887011766540269	NFIC	NFIC
652	11	10.990722935795624	NFIC	NFIC
653	7	11.03980675978207	NFIC	NFIC
654	12	11.000466966733246	NFIC	NFIC
655	2	10.98824449665588	NFIC	NFIC
656	15	10.981178133492152	NFIC	NFIC
657	10	10.977552980428742	NFIC	NFIC
658	19	10.946625080358334	NFIC	NFIC
659	6	10.999700321955935	NFIC	NFIC
660	3	10.949583272015651	NFIC	NFIC
661	12	10.992964815859633	NFIC	NFIC
662	11	10.99998741047309	NFIC	NFIC
663	14	10.934901309815436	NFIC	NFIC
664	8	10.946935868625872	NFIC	NFIC
665	14	10.978919798576166	NFIC	NFIC
666	14	10.953341962573866	NFIC	NFIC
667	8	10.9799826798784	NFIC	NFIC
668	5	10.99401748180968	NFIC	NFIC
669	17	11.042513040933104	NFIC	NFIC
670	8	11.023896465672896	NFIC	NFIC
671	8	11.038805759961283	NFIC	NFIC
672	10	10.975214195018754	NFIC	NFIC
673	16	11.004658038492567	NFIC	NFIC
674	7	11.022453996940053	NFIC	NFIC
675	12	10.965981897819393	NFIC	NFIC
676	10	10.996581540455495	NFIC	NFIC
677	14	10.996255089101934	NFIC	NFIC
678	12	10.884916649505348	NFIC	NFIC
679	13	10.984704560266424	NFIC	NFIC
680	15	11.087661346972126	NFIC	NFIC
681	11	11.012903881850685	NFIC	NFIC
682	10	10.999386337665115	NFIC	NFIC
683	13	10.97455253935971	NFIC	NFIC
684	9	10.986676585563941	NFIC	NFIC
685	7	10.981031606641016	NFIC	NFIC
686	4	10.97039226856225	NFIC	NFIC
687	14	10.913930594696284	NFIC	NFIC
688	8	10.855793592951512	NFIC	NFIC
689	8	10.998182093369332	NFIC	NFIC
690	8	11.000481072579765	NFIC	NFIC
691	15	10.951773847559668	NFIC	NFIC
692	8	10.986630161476953	NFIC	NFIC
693	14	10.95937482933535	NFIC	NFIC
694	9	10.935120702769403	NFIC	NFIC
695	6	10.907286522394582	NFIC	NFIC
696	11	11.017280365860467	NFIC	NFIC
697	15	11.010426448638544	NFIC	NFIC
698	10	11.0218175741581	NFIC	NFIC
699	13	10.955597756119012	NFIC	NFIC
700	15	10.950286346969117	NFIC	NFIC
701	9	11.018899800662972	NFIC	NFIC
702	7	11.002993148900492	NFIC	NFIC
703	15	10.939828359842338	NFIC	NFIC
704	10	11.075656054976015	NFIC	NFIC
705	14	11.041278567549984	NFIC	NFIC
706	9	10.994472217134817	NFIC	NFIC
707	12	11.03016055860484	NFIC	NFIC
708	9	11.026617192664437	NFIC	NFIC
709	12	10.984024742614348	NFIC	NFIC
710	15	11.021460562053381	NFIC	NFIC
711	13	10.972551327475793	NFIC	NFIC
712	11	11.027491462681047	NFIC	NFIC
713	11	10.967113550674883	NFIC	NFIC
714	7	10.9128288632298	NFIC	NFIC
715	8	10.906053748203943	NFIC	NFIC
716	7	10.964109405272561	NFIC	NFIC
717	4	10.933059396853071	NFIC	NFIC
718	3	10.964764485186656	NFIC	NFIC
719	10	11.008274570011094	NFIC	NFIC
720	6	10.920948707361937	NFIC	NFIC
721	17	10.876382007989088	NFIC	NFIC
722	6	10.963103760888737	NFIC	NFIC
723	12	10.960871933992225	NFIC	NFIC
724	10	11.017240067653072	NFIC	NFIC
725	14	10.91804982291731	NFIC	NFIC
726	12	10.973180470532462	NFIC	NFIC
727	13	11.025074883876782	NFIC	NFIC
728	6	11.087294746056486	NFIC	NFIC
729	8	11.063998844622988	NFIC	NFIC
730	7	11.025304655234434	NFIC	NFIC
731	8	10.957371956993683	NFIC	NFIC
732	12	10.981780239067744	NFIC	NFIC
733	13	11.05340283253638	NFIC	NFIC
734	14	11.038902529381886	NFIC	NFIC
735	9	11.057262603427596	NFIC	NFIC
736	17	11.042753604878731	NFIC	NFIC
737	7	10.950511842878697	NFIC	NFIC
738	10	10.964249249235309	NFIC	NFIC
739	9	11.004739168182631	NFIC	NFIC
740	7	11.008828183609939	NFIC	NFIC
741	13	10.96282897551756	NFIC	NFIC
742	6	11.032008604905153	NFIC	NFIC
743	11	11.088304352938543	NFIC	NFIC
744	10	11.038417763155541	NFIC	NFIC
745	18	10.974978492021558	NFIC	NFIC
746	9	10.962705135722784	NFIC	NFIC
747	10	10.963452629449431	NFIC	NFIC
748	10	11.052758971133459	NFIC	NFIC
749	10	11.052637597559738	NFIC	NFIC
750	8	10.961285584969128	NFIC	NFIC
751	9	10.963898430836274	NFIC	NFIC
752	12	10.956806046897906	NFIC	NFIC
753	4	10.96026015054405	NFIC	NFIC
754	14	10.990801822008944	NFIC	NFIC
755	11	11.030275076256363	NFIC	NFIC
756	13	10.954876065708392	NFIC	NFIC
757	11	10.971962595290348	NFIC	NFIC
758	13	10.967339881387915	NFIC	NFIC
759	9	10.986124105645361	NFIC	NFIC
760	9	10.93048914362799	NFIC	NFIC
761	18	10.89876669763803	NFIC	NFIC
762	10	10.880921356501997	NFIC	NFIC
763	18	10.937610945897584	NFIC	NFIC
764	15	10.985630039690971	NFIC	NFIC
765	8	11.009497713410568	NFIC	NFIC
766	10	10.954464176621254	NFIC	NFIC
767	16	10.919045055537108	NFIC	NFIC
768	13	10.943934173429385	NFIC	NFIC
769	9	11.011853009453565	NFIC	NFIC
770	7	11.014153471597206	NFIC	NFIC
771	7	10.990189245310555	NFIC	NFIC
772	4	11.101536173149386	NFIC	NFIC
773	15	11.055187577976268	NFIC	NFIC
774	15	10.95713046394967	NFIC	NFIC
775	16	11.025696116488836	NFIC	NFIC
776	6	11.048351510149043	NFIC	NFIC
777	12	10.98843351316008	NFIC	NFIC
778	13	11.007264606533047	NFIC	NFIC
779	5	11.005298830155299	NFIC	NFIC
780	17	10.925601910962564	NFIC	NFIC
781	14	10.899412735611419	NFIC	NFIC
782	17	10.979300590539852	NFIC	NFIC
783	12	10.924936399873545	NFIC	NFIC
784	7	10.980420274351022	NFIC	NFIC
785	14	10.979754375372824	NFIC	NFIC
786	9	11.06815786319758	NFIC	NFIC
787	7	11.057297084493015	NFIC	NFIC
788	13	10.997409567000114	NFIC	NFIC
789	12	10.943147454923524	NFIC	NFIC
790	10	10.931587296099112	NFIC	NFIC
791	9	10.99945056759863	NFIC	NFIC
792	7	11.036719833926414	NFIC	NFIC
793	15	10.97926153713654	NFIC	NFIC
794	11	11.050409559601045	NFIC	NFIC
795	7	10.988074832202843	NFIC	NFIC
796	11	10.966315055692524	NFIC	NFIC
797	9	10.905812064321852	NFIC	NFIC
798	10	11.042161667010381	NFIC	NFIC
799	9	11.092608794426619	NFIC	NFIC
800	13	11.031927506771595	NFIC	NFIC
801	10	11.036833029834172	NFIC	NFIC
802	12	11.02112574866429	NFIC	NFIC
803	13	10.974559666386057	NFIC	NFIC
804	8	10.983289123658837	NFIC	NFIC
805	12	10.958995953533007	NFIC	NFIC
806	6	10.978362477439775	NFIC	NFIC
807	11	10.967199881136642	NFIC	NFIC
808	6	10.89947263266878	NFIC	NFIC
809	14	10.975643888431724	NFIC	NFIC
810	16	10.99744242875558	NFIC	NFIC
811	7	11.045395496591977	NFIC	NFIC
812	19	10.948161378924079	NFIC	NFIC
813	10	10.920839858643108	NFIC	NFIC
814	15	10.938715641419758	NFIC	NFIC
815	8	10.921726023795522	NFIC	NFIC
816	21	10.938684934534399	NFIC	NFIC
817	11	11.024831978527464	NFIC	NFIC
818	12	10.97648697608478	NFIC	NFIC
819	15	11.03488957972261	NFIC	NFIC
820	10	10.981382260802729	NFIC	NFIC
821	12	10.971773769882027	NFIC	NFIC
822	16	10.997902228444813	NFIC	NFIC
823	11	11.065815080123595	NFIC	NFIC
824	8	11.014337515358674	NFIC	NFIC
825	16	11.004027047993906	NFIC	NFIC
826	17	11.009644044255783	NFIC	NFIC
827	11	10.963386396716338	NFIC	NFIC
828	10	10.987490493281708	NFIC	NFIC
829	9	10.948436061697036	NFIC	NFIC
830	12	10.90231099083659	NFIC	NFIC
831	10	10.932167741828042	NFIC	NFIC
832	8	10.95843842266113	NFIC	NFIC
833	13	10.939969880488414	NFIC	NFIC
834	5	10.983392988150353	NFIC	NFIC
835	10	11.033205991570528	NFIC	NFIC
836	10	10.990357918193352	NFIC	NFIC
837	8	10.92700842015009	NFIC	NFIC
838	17	10.997863634205785	NFIC	NFIC
839	12	11.082175692423723	NFIC	NFIC
840	16	10.979473360859435	NFIC	NFIC
841	16	11.012341824838963	NFIC	NFIC
842	15	10.96418369976081	NFIC	NFIC
843	9	10.999485171344512	NFIC	NFIC
844	9	11.023769997443408	NFIC	NFIC
845	11	11.01932621886782	NFIC	NFIC
846	10	11.04862335100416	NFIC	NFIC
847	12	11.0263499900777	NFIC	NFIC
848	12	11.02680574348217	NFIC	NFIC
849	6	11.005939322561897	NFIC	NFIC
850	10	11.0685966226619	NFIC	NFIC
851	6	11.086836920720678	NFIC	NFIC
852	17	10.985941025098608	NFIC	NFIC
853	9	10.902822770089061	NFIC	NFIC
854	10	10.941545009434295	NFIC	NFIC
855	8	11.043423753892247	NFIC	NFIC
856	8	10.982035252682586	NFIC	NFIC
857	7	10.997547394604911	NFIC	NFIC
858	7	10.934990149831785	NFIC	NFIC
859	13	10.991459021091837	NFIC	NFIC
860	14	10.943782932302916	NFIC	NFIC
861	16	10.931970453478316	NFIC	NFIC
862	13	10.920107921433727	NFIC	NFIC
863	12	10.895353994409378	NFIC	NFIC
864	8	10.954686440778282	NFIC	NFIC
865	14	10.947354244540236	NFIC	NFIC
866	20	10.89627146023809	NFIC	NFIC
867	12	11.02218096325601	NFIC	NFIC
868	11	11.060634936680813	NFIC	NFIC
869	9	10.94938422244112	NFIC	NFIC
870	12	10.991236594585734	NFIC	NFIC
871	10	10.971462790542635	NFIC	NFIC
872	13	10.988076620746764	NFIC	NFIC
873	12	10.99785971239344	NFIC	NFIC
874	18	11.032198994754905	NFIC	NFIC
875	10	11.03675267613322	NFIC	NFIC
876	17	11.017909337046715	NFIC	NFIC
877	16	10.967228806837616	NFIC	NFIC
878	14	10.936129889938032	NFIC	NFIC
879	7	10.966275045738652	NFIC	NFIC
880	15	11.014708146778156	NFIC	NFIC
881	9	11.06776846748614	NFIC	NFIC
882	11	11.05142659290251	NFIC	NFIC
883	15	11.035617239877013	NFIC	NFIC
884	11	10.933798163752035	NFIC	NFIC
885	11	10.903086217488154	NFIC	NFIC
886	13	10.922339334194954	NFIC	NFIC
887	14	10.992797981220525	NFIC	NFIC
888	11	11.024638928676726	NFIC	NFIC
889	8	10.918159749985506	NFIC	NFIC
890	5	10.902626554163009	NFIC	NFIC
891	10	11.016163936728649	NFIC	NFIC
892	24	11.075017591672959	NFIC	NFIC
893	7	10.990547157636634	NFIC	NFIC
894	21	10.936881369023524	NFIC	NFIC
895	12	10.965368647342798	NFIC	NFIC
896	8	11.003401923594975	NFIC	NFIC
897	11	10.972679601393116	NFIC	NFIC
898	15	10.898151982354788	NFIC	NFIC
899	11	10.967321098195475	NFIC	NFIC
900	14	10.957499083082297	NFIC	NFIC
901	11	10.942640839057406	NFIC	NFIC
902	13	10.972128422776688	NFIC	NFIC
903	11	10.938314095233673	NFIC	NFIC
904	8	10.93126395112593	NFIC	NFIC
905	17	10.897269512132851	NFIC	NFIC
906	9	10.97746582136237	NFIC	NFIC
907	10	11.015778757704606	NFIC	NFIC
908	13	10.97389042532774	NFIC	NFIC
909	10	10.94495176791602	NFIC	NFIC
910	13	11.01479486357006	NFIC	NFIC
911	15	11.015597701579242	NFIC	NFIC
912	8	10.967025342780646	NFIC	NFIC
913	11	10.95054833534241	NFIC	NFIC
914	12	10.960933413177875	NFIC	NFIC
915	13	11.070422872849395	NFIC	NFIC
916	7	11.031611152636462	NFIC	NFIC
917	16	10.96642281051855	NFIC	NFIC
918	8	11.005889370267898	NFIC	NFIC
919	10	10.973219284203191	NFIC	NFIC
920	7	10.952175466712513	NFIC	NFIC
921	23	10.997302907570871	NFIC	NFIC
922	18	10.980595723231485	NFIC	NFIC
923	15	11.000404580823059	NFIC	NFIC
924	11	11.039142421647057	NFIC	NFIC
925	8	11.031749846599062	NFIC	NFIC
926	14	11.039012110968322	NFIC	NFIC
927	13	11.053734849156147	NFIC	NFIC
928	6	11.039112798350502	NFIC	NFIC
929	14	10.998076613938222	NFIC	NFIC
930	6	10.92031115186324	NFIC	NFIC
931	8	10.982006595449935	NFIC	NFIC
932	12	10.976805434522511	NFIC	NFIC
933	17	10.935220716625132	NFIC	NFIC
934	14	10.91035659029317	NFIC	NFIC
935	16	10.94420851444541	NFIC	NFIC
936	13	11.008950985575996	NFIC	NFIC
937	12	11.041243643096148	NFIC	NFIC
938	11	10.897446775352321	NFIC	NFIC
939	8	10.92915085331972	NFIC	NFIC
940	7	10.930068387910595	NFIC	NFIC
941	11	10.998800002016871	NFIC	NFIC
942	11	11.038543188330241	NFIC	NFIC
943	11	11.017054003021464	NFIC	NFIC
944	12	11.082985581625012	NFIC	NFIC
945	7	11.03613199716144	NFIC	NFIC
946	8	11.02146958362119	NFIC	NFIC
947	9	11.024324915744003	NFIC	NFIC
948	9	10.981167712314118	NFIC	NFIC
949	9	10.931815378806267	NFIC	NFIC
950	11	10.939185467395502	NFIC	NFIC
951	15	10.94490713696443	NFIC	NFIC
952	13	10.975020801823037	NFIC	NFIC
953	11	10.965303026515578	NFIC	NFIC
954	12	10.923689729539653	NFIC	NFIC
955	12	10.94403999328217	NFIC	NFIC
956	12	10.9314034356685	NFIC	NFIC
957	10	11.00765615658764	NFIC	NFIC
958	14	10.998411667206314	NFIC	NFIC
959	7	11.035537384805517	NFIC	NFIC
960	13	10.987446970411966	NFIC	NFIC
961	14	10.910536700780796	NFIC	NFIC
962	9	10.943787270895223	NFIC	NFIC
963	6	11.012458597641846	NFIC	NFIC
964	7	11.093616137777751	NFIC	NFIC
965	12	11.02620896884758	NFIC	NFIC
966	10	10.956419659001268	NFIC	NFIC
967	13	10.99462277907692	NFIC	NFIC
968	7	11.06534766623564	NFIC	NFIC
969	8	10.98058219132613	NFIC	NFIC
970	6	10.968792874153522	NFIC	NFIC
971	7	10.971863281244396	NFIC	NFIC
972	15	10.986424087641064	NFIC	NFIC
973	11	10.949977831287764	NFIC	NFIC
974	7	10.9170828910009	NFIC	NFIC
975	14	10.965698603229217	NFIC	NFIC
976	14	11.026873797996938	NFIC	NFIC
977	12	10.976643995688846	NFIC	NFIC
978	9	10.9094840009882	NFIC	NFIC
979	7	11.003482480141152	NFIC	NFIC
980	7	11.038282987116176	NFIC	NFIC
981	9	10.947379217124968	NFIC	NFIC
982	10	10.933906586861642	NFIC	NFIC
983	15	10.987321042755882	NFIC	NFIC
984	7	10.984896168580677	NFIC	NFIC
985	9	10.87748830331588	NFIC	NFIC
986	9	10.95052994926855	NFIC	NFIC
987	11	10.988924874945477	NFIC	NFIC
988	13	10.946007659623255	NFIC	NFIC
989	11	10.903360262649095	NFIC	NFIC
990	16	10.986982041836503	NFIC	NFIC
991	13	11.052519182070574	NFIC	NFIC
992	8	10.984527885060412	NFIC	NFIC
993	13	10.966000917654732	NFIC	NFIC
994	11	10.924766848255606	NFIC	NFIC
995	8	10.932460290421178	NFIC	NFIC
996	15	10.97744711500101	NFIC	NFIC
997	9	11.035050057168252	NFIC	NFIC
998	7	11.005904157577245	NFIC	NFIC
999	12	10.92379093326977	NFIC	NFIC
1000	11	10.937661989773273	NFIC	NFIC
-1000	14	11.38925619118322	RREB1	RREB1
-999	9	11.394679137455393	RREB1	RREB1
-998	14	11.281527791565981	RREB1	RREB1
-997	12	11.348080432234214	RREB1	RREB1
-996	14	11.416505204148505	RREB1	RREB1
-995	18	11.379292900684817	RREB1	RREB1
-994	21	11.375638459852771	RREB1	RREB1
-993	14	11.346437554980069	RREB1	RREB1
-992	11	11.34041131935182	RREB1	RREB1
-991	17	11.357813823588911	RREB1	RREB1
-990	12	11.362705818803525	RREB1	RREB1
-989	10	11.329632932163527	RREB1	RREB1
-988	9	11.36290988980495	RREB1	RREB1
-987	9	11.433823689239455	RREB1	RREB1
-986	11	11.398825437317432	RREB1	RREB1
-985	13	11.347653830904997	RREB1	RREB1
-984	12	11.286961362126123	RREB1	RREB1
-983	10	11.36184467667283	RREB1	RREB1
-982	20	11.29206451905835	RREB1	RREB1
-981	8	11.279003632291431	RREB1	RREB1
-980	13	11.3852669229722	RREB1	RREB1
-979	11	11.43990378697605	RREB1	RREB1
-978	9	11.429107054921785	RREB1	RREB1
-977	12	11.369025818068206	RREB1	RREB1
-976	14	11.389144974091813	RREB1	RREB1
-975	15	11.32977530557217	RREB1	RREB1
-974	13	11.28286909162904	RREB1	RREB1
-973	10	11.280783977369344	RREB1	RREB1
-972	14	11.398173762409947	RREB1	RREB1
-971	9	11.419469004510715	RREB1	RREB1
-970	6	11.370112284494628	RREB1	RREB1
-969	13	11.47983127278178	RREB1	RREB1
-968	8	11.350914917451222	RREB1	RREB1
-967	12	11.341579285648445	RREB1	RREB1
-966	7	11.441293528336937	RREB1	RREB1
-965	14	11.387909100573012	RREB1	RREB1
-964	14	11.408556901828737	RREB1	RREB1
-963	10	11.401688300210278	RREB1	RREB1
-962	8	11.332249925897287	RREB1	RREB1
-961	15	11.338131835980041	RREB1	RREB1
-960	18	11.33103528325223	RREB1	RREB1
-959	10	11.311837587657495	RREB1	RREB1
-958	16	11.292574610431574	RREB1	RREB1
-957	9	11.222826957291863	RREB1	RREB1
-956	6	11.285157729900726	RREB1	RREB1
-955	16	11.421106114929962	RREB1	RREB1
-954	14	11.38591638459132	RREB1	RREB1
-953	10	11.32624369755755	RREB1	RREB1
-952	16	11.428298564717887	RREB1	RREB1
-951	17	11.419855769396412	RREB1	RREB1
-950	13	11.433760554897132	RREB1	RREB1
-949	13	11.443071456474808	RREB1	RREB1
-948	14	11.410606961746517	RREB1	RREB1
-947	15	11.412423783808366	RREB1	RREB1
-946	12	11.365764843589707	RREB1	RREB1
-945	15	11.299717511665122	RREB1	RREB1
-944	4	11.334209312580112	RREB1	RREB1
-943	12	11.362072063220229	RREB1	RREB1
-942	8	11.324821353463848	RREB1	RREB1
-941	13	11.292634532347439	RREB1	RREB1
-940	12	11.350228153573338	RREB1	RREB1
-939	8	11.372076534646627	RREB1	RREB1
-938	17	11.350345183034507	RREB1	RREB1
-937	9	11.379372003769006	RREB1	RREB1
-936	16	11.39664630587135	RREB1	RREB1
-935	17	11.392765910486606	RREB1	RREB1
-934	20	11.400553931135287	RREB1	RREB1
-933	15	11.327806228426969	RREB1	RREB1
-932	10	11.297945712238043	RREB1	RREB1
-931	14	11.381238361217415	RREB1	RREB1
-930	9	11.378240621569315	RREB1	RREB1
-929	10	11.375455176296649	RREB1	RREB1
-928	12	11.438596043509364	RREB1	RREB1
-927	11	11.458527933343312	RREB1	RREB1
-926	13	11.405779917063425	RREB1	RREB1
-925	15	11.38220952425737	RREB1	RREB1
-924	8	11.373887017543234	RREB1	RREB1
-923	13	11.320974389884924	RREB1	RREB1
-922	10	11.284608481169377	RREB1	RREB1
-921	9	11.349707997156601	RREB1	RREB1
-920	6	11.344334695422567	RREB1	RREB1
-919	14	11.408783198787699	RREB1	RREB1
-918	10	11.395897525936435	RREB1	RREB1
-917	6	11.305167787787457	RREB1	RREB1
-916	14	11.366573357460515	RREB1	RREB1
-915	11	11.388882646841099	RREB1	RREB1
-914	14	11.358975055771621	RREB1	RREB1
-913	21	11.461382136110066	RREB1	RREB1
-912	9	11.599192182645016	RREB1	RREB1
-911	9	11.399623115138096	RREB1	RREB1
-910	13	11.375801117485938	RREB1	RREB1
-909	13	11.357176017499256	RREB1	RREB1
-908	12	11.340713575835714	RREB1	RREB1
-907	21	11.370161573153503	RREB1	RREB1
-906	12	11.398695558557502	RREB1	RREB1
-905	10	11.358924656471588	RREB1	RREB1
-904	14	11.386715868857179	RREB1	RREB1
-903	9	11.40824988031532	RREB1	RREB1
-902	15	11.33055744841417	RREB1	RREB1
-901	12	11.331611203612862	RREB1	RREB1
-900	14	11.344414036494918	RREB1	RREB1
-899	12	11.39972396886236	RREB1	RREB1
-898	9	11.400131296259248	RREB1	RREB1
-897	13	11.31810241606984	RREB1	RREB1
-896	9	11.319491109514717	RREB1	RREB1
-895	17	11.343318904706676	RREB1	RREB1
-894	10	11.399571294360177	RREB1	RREB1
-893	10	11.295015555647106	RREB1	RREB1
-892	11	11.275726631655546	RREB1	RREB1
-891	11	11.390535370865868	RREB1	RREB1
-890	13	11.374248382382397	RREB1	RREB1
-889	12	11.287883930437351	RREB1	RREB1
-888	10	11.4068069492039	RREB1	RREB1
-887	8	11.325022365729673	RREB1	RREB1
-886	14	11.393806257733674	RREB1	RREB1
-885	10	11.356967178744812	RREB1	RREB1
-884	15	11.372169275981147	RREB1	RREB1
-883	8	11.3606115780883	RREB1	RREB1
-882	11	11.390395146556894	RREB1	RREB1
-881	12	11.406491998168304	RREB1	RREB1
-880	15	11.422135161633044	RREB1	RREB1
-879	13	11.47638622367851	RREB1	RREB1
-878	11	11.417672936060548	RREB1	RREB1
-877	11	11.306864478560355	RREB1	RREB1
-876	12	11.369435382664594	RREB1	RREB1
-875	20	11.300680798462142	RREB1	RREB1
-874	11	11.35920331789802	RREB1	RREB1
-873	11	11.389724469137866	RREB1	RREB1
-872	11	11.409492123392539	RREB1	RREB1
-871	16	11.395654594357422	RREB1	RREB1
-870	14	11.36636008026941	RREB1	RREB1
-869	19	11.36389217714955	RREB1	RREB1
-868	17	11.39903534595457	RREB1	RREB1
-867	12	11.34662402183544	RREB1	RREB1
-866	8	11.261015506852708	RREB1	RREB1
-865	9	11.32289902675374	RREB1	RREB1
-864	16	11.340036293207021	RREB1	RREB1
-863	10	11.33583898177405	RREB1	RREB1
-862	13	11.335614958956832	RREB1	RREB1
-861	13	11.348574437680728	RREB1	RREB1
-860	11	11.425062612639678	RREB1	RREB1
-859	12	11.325410928786148	RREB1	RREB1
-858	10	11.31298897594761	RREB1	RREB1
-857	8	11.387268250635346	RREB1	RREB1
-856	21	11.38024596673772	RREB1	RREB1
-855	14	11.364016653708946	RREB1	RREB1
-854	7	11.345857956272884	RREB1	RREB1
-853	9	11.421047595121033	RREB1	RREB1
-852	7	11.43645496649542	RREB1	RREB1
-851	11	11.392352290605084	RREB1	RREB1
-850	13	11.353238948924961	RREB1	RREB1
-849	4	11.373649626522178	RREB1	RREB1
-848	9	11.406658352752162	RREB1	RREB1
-847	8	11.435022767539994	RREB1	RREB1
-846	13	11.341390735033459	RREB1	RREB1
-845	10	11.365868471210556	RREB1	RREB1
-844	13	11.443096581074668	RREB1	RREB1
-843	12	11.405627032420918	RREB1	RREB1
-842	6	11.326956559253327	RREB1	RREB1
-841	11	11.306293813545944	RREB1	RREB1
-840	10	11.337091031982478	RREB1	RREB1
-839	14	11.353687566317404	RREB1	RREB1
-838	12	11.345888828613688	RREB1	RREB1
-837	12	11.344863183817894	RREB1	RREB1
-836	10	11.360984967783418	RREB1	RREB1
-835	11	11.359981153825277	RREB1	RREB1
-834	13	11.352274695638467	RREB1	RREB1
-833	13	11.355149775063678	RREB1	RREB1
-832	9	11.362682677944202	RREB1	RREB1
-831	8	11.409317088678657	RREB1	RREB1
-830	12	11.390577595880446	RREB1	RREB1
-829	12	11.330468399888693	RREB1	RREB1
-828	11	11.292406524687387	RREB1	RREB1
-827	11	11.333879938458226	RREB1	RREB1
-826	11	11.38097857466773	RREB1	RREB1
-825	5	11.423623137287475	RREB1	RREB1
-824	14	11.295299088835236	RREB1	RREB1
-823	7	11.220121009246421	RREB1	RREB1
-822	10	11.321931195414338	RREB1	RREB1
-821	7	11.357387288694706	RREB1	RREB1
-820	9	11.306003889698003	RREB1	RREB1
-819	9	11.3130887090505	RREB1	RREB1
-818	14	11.35258594969621	RREB1	RREB1
-817	6	11.310024709899029	RREB1	RREB1
-816	9	11.285753522166793	RREB1	RREB1
-815	10	11.317432511373065	RREB1	RREB1
-814	11	11.357862740371763	RREB1	RREB1
-813	9	11.364851154677316	RREB1	RREB1
-812	16	11.287616733902935	RREB1	RREB1
-811	15	11.301911033818618	RREB1	RREB1
-810	9	11.390769753838935	RREB1	RREB1
-809	11	11.435591576431033	RREB1	RREB1
-808	17	11.374372008089303	RREB1	RREB1
-807	13	11.438806999097439	RREB1	RREB1
-806	7	11.44349137698506	RREB1	RREB1
-805	13	11.281538564671528	RREB1	RREB1
-804	12	11.383900420924098	RREB1	RREB1
-803	13	11.400847474730924	RREB1	RREB1
-802	10	11.326085447430128	RREB1	RREB1
-801	9	11.289636859528342	RREB1	RREB1
-800	13	11.364920157881778	RREB1	RREB1
-799	10	11.434545170259494	RREB1	RREB1
-798	6	11.465952424414807	RREB1	RREB1
-797	14	11.491510588482603	RREB1	RREB1
-796	11	11.422841863524184	RREB1	RREB1
-795	9	11.45877867899656	RREB1	RREB1
-794	14	11.487602190982997	RREB1	RREB1
-793	18	11.411247279178731	RREB1	RREB1
-792	11	11.359362183477097	RREB1	RREB1
-791	17	11.394279968794999	RREB1	RREB1
-790	11	11.350157429052143	RREB1	RREB1
-789	11	11.397476245932374	RREB1	RREB1
-788	14	11.42591543140733	RREB1	RREB1
-787	12	11.475990756008443	RREB1	RREB1
-786	11	11.433455306321529	RREB1	RREB1
-785	9	11.322652213186807	RREB1	RREB1
-784	14	11.372547343983845	RREB1	RREB1
-783	13	11.434307293509853	RREB1	RREB1
-782	10	11.383226971628597	RREB1	RREB1
-781	14	11.34623198518911	RREB1	RREB1
-780	14	11.312416731023205	RREB1	RREB1
-779	14	11.370217482186943	RREB1	RREB1
-778	17	11.390983151483368	RREB1	RREB1
-777	12	11.298500465114916	RREB1	RREB1
-776	8	11.251265966939057	RREB1	RREB1
-775	12	11.26716046380116	RREB1	RREB1
-774	18	11.31940422574114	RREB1	RREB1
-773	14	11.365925202337772	RREB1	RREB1
-772	15	11.37879991846286	RREB1	RREB1
-771	6	11.375448261522028	RREB1	RREB1
-770	12	11.331315724549759	RREB1	RREB1
-769	10	11.4033017942708	RREB1	RREB1
-768	13	11.439671497247192	RREB1	RREB1
-767	12	11.398206003213376	RREB1	RREB1
-766	15	11.420349191235978	RREB1	RREB1
-765	7	11.402768162676434	RREB1	RREB1
-764	11	11.34265196919913	RREB1	RREB1
-763	18	11.378072482949557	RREB1	RREB1
-762	11	11.34274907392893	RREB1	RREB1
-761	6	11.371984569348292	RREB1	RREB1
-760	17	11.43033092312299	RREB1	RREB1
-759	8	11.32758471656828	RREB1	RREB1
-758	10	11.279437048645603	RREB1	RREB1
-757	6	11.278674512982198	RREB1	RREB1
-756	15	11.348375955954298	RREB1	RREB1
-755	8	11.360224646855489	RREB1	RREB1
-754	20	11.414626600594357	RREB1	RREB1
-753	9	11.394962615875032	RREB1	RREB1
-752	6	11.40649433440469	RREB1	RREB1
-751	13	11.34671950820912	RREB1	RREB1
-750	14	11.38288647728532	RREB1	RREB1
-749	9	11.387116376825446	RREB1	RREB1
-748	15	11.389784192538734	RREB1	RREB1
-747	13	11.412295157447701	RREB1	RREB1
-746	7	11.479030363525103	RREB1	RREB1
-745	16	11.514924014636401	RREB1	RREB1
-744	15	11.496497499798577	RREB1	RREB1
-743	7	11.453692487921492	RREB1	RREB1
-742	24	11.444684910123398	RREB1	RREB1
-741	10	11.423417760892914	RREB1	RREB1
-740	13	11.397756391382114	RREB1	RREB1
-739	14	11.369852213126455	RREB1	RREB1
-738	8	11.330200589869003	RREB1	RREB1
-737	8	11.357159845970408	RREB1	RREB1
-736	11	11.392450425948368	RREB1	RREB1
-735	13	11.394551226218603	RREB1	RREB1
-734	8	11.382472135189087	RREB1	RREB1
-733	10	11.39854456776624	RREB1	RREB1
-732	16	11.434811475912516	RREB1	RREB1
-731	11	11.429820460701997	RREB1	RREB1
-730	12	11.353634051210179	RREB1	RREB1
-729	8	11.275702839031435	RREB1	RREB1
-728	9	11.291753663979518	RREB1	RREB1
-727	11	11.376051162447666	RREB1	RREB1
-726	13	11.39160140910079	RREB1	RREB1
-725	11	11.32948181285674	RREB1	RREB1
-724	10	11.338602414037975	RREB1	RREB1
-723	15	11.37555416087043	RREB1	RREB1
-722	10	11.371722564653291	RREB1	RREB1
-721	18	11.361633623067076	RREB1	RREB1
-720	11	11.332281737550867	RREB1	RREB1
-719	13	11.318297935888886	RREB1	RREB1
-718	13	11.379393246182723	RREB1	RREB1
-717	10	11.369550818128534	RREB1	RREB1
-716	7	11.353886869636906	RREB1	RREB1
-715	6	11.378694681834599	RREB1	RREB1
-714	8	11.35047791913689	RREB1	RREB1
-713	13	11.463980251020336	RREB1	RREB1
-712	10	11.428686464238588	RREB1	RREB1
-711	13	11.346190180896514	RREB1	RREB1
-710	9	11.3161318814577	RREB1	RREB1
-709	7	11.306792033000756	RREB1	RREB1
-708	15	11.351547715420848	RREB1	RREB1
-707	19	11.379511492261464	RREB1	RREB1
-706	8	11.398283452159333	RREB1	RREB1
-705	9	11.317491435507792	RREB1	RREB1
-704	14	11.252105381366217	RREB1	RREB1
-703	11	11.313171951549634	RREB1	RREB1
-702	15	11.292233706976143	RREB1	RREB1
-701	13	11.309837989570461	RREB1	RREB1
-700	12	11.363469805240845	RREB1	RREB1
-699	9	11.344937909547824	RREB1	RREB1
-698	9	11.411410072424092	RREB1	RREB1
-697	12	11.380071730903737	RREB1	RREB1
-696	9	11.303597984967489	RREB1	RREB1
-695	13	11.293790250366584	RREB1	RREB1
-694	26	11.322811089832092	RREB1	RREB1
-693	12	11.312257048394448	RREB1	RREB1
-692	3	11.353407416550006	RREB1	RREB1
-691	9	11.332504824844243	RREB1	RREB1
-690	13	11.328066637387595	RREB1	RREB1
-689	9	11.34616474504513	RREB1	RREB1
-688	4	11.39787257628048	RREB1	RREB1
-687	13	11.359283217280137	RREB1	RREB1
-686	6	11.350563717313268	RREB1	RREB1
-685	13	11.388540441705704	RREB1	RREB1
-684	8	11.389143857090891	RREB1	RREB1
-683	12	11.322679635751317	RREB1	RREB1
-682	9	11.36147186653103	RREB1	RREB1
-681	9	11.355143172820418	RREB1	RREB1
-680	10	11.406142440581945	RREB1	RREB1
-679	11	11.423509800228953	RREB1	RREB1
-678	11	11.359382580388543	RREB1	RREB1
-677	10	11.381248892122821	RREB1	RREB1
-676	10	11.390942558960754	RREB1	RREB1
-675	12	11.371614716135074	RREB1	RREB1
-674	16	11.386983512296686	RREB1	RREB1
-673	9	11.34634965608885	RREB1	RREB1
-672	11	11.333555680874499	RREB1	RREB1
-671	14	11.345062958107812	RREB1	RREB1
-670	13	11.444106019297696	RREB1	RREB1
-669	7	11.416050540960317	RREB1	RREB1
-668	18	11.323784217052665	RREB1	RREB1
-667	10	11.334584294142175	RREB1	RREB1
-666	11	11.395349751966698	RREB1	RREB1
-665	12	11.316268511820118	RREB1	RREB1
-664	12	11.374392718557841	RREB1	RREB1
-663	10	11.456262767270907	RREB1	RREB1
-662	11	11.411075086834344	RREB1	RREB1
-661	12	11.362177514011753	RREB1	RREB1
-660	7	11.377219807906329	RREB1	RREB1
-659	11	11.464912422474713	RREB1	RREB1
-658	11	11.438847585293223	RREB1	RREB1
-657	15	11.399389869353909	RREB1	RREB1
-656	10	11.422632251915246	RREB1	RREB1
-655	8	11.44485727894089	RREB1	RREB1
-654	7	11.370794526305282	RREB1	RREB1
-653	12	11.333343544935289	RREB1	RREB1
-652	15	11.34667565868568	RREB1	RREB1
-651	7	11.329172842902931	RREB1	RREB1
-650	10	11.314816421200645	RREB1	RREB1
-649	10	11.270963065190088	RREB1	RREB1
-648	13	11.363209097524718	RREB1	RREB1
-647	15	11.379109886695446	RREB1	RREB1
-646	11	11.372556467692986	RREB1	RREB1
-645	12	11.323576454699326	RREB1	RREB1
-644	14	11.367133503098465	RREB1	RREB1
-643	11	11.362266628269472	RREB1	RREB1
-642	13	11.400008330594218	RREB1	RREB1
-641	12	11.424760959968886	RREB1	RREB1
-640	13	11.411255371395987	RREB1	RREB1
-639	18	11.390673986927535	RREB1	RREB1
-638	13	11.450951833215775	RREB1	RREB1
-637	11	11.380331871204364	RREB1	RREB1
-636	16	11.441071421431625	RREB1	RREB1
-635	12	11.411741577580843	RREB1	RREB1
-634	13	11.395280118478107	RREB1	RREB1
-633	17	11.32956036795528	RREB1	RREB1
-632	8	11.378087132936328	RREB1	RREB1
-631	17	11.349698794502116	RREB1	RREB1
-630	12	11.335070329849678	RREB1	RREB1
-629	15	11.342110964036788	RREB1	RREB1
-628	14	11.350280455911745	RREB1	RREB1
-627	11	11.430567248638065	RREB1	RREB1
-626	17	11.355368262900049	RREB1	RREB1
-625	8	11.357343643446313	RREB1	RREB1
-624	6	11.301568672228877	RREB1	RREB1
-623	11	11.31021908141692	RREB1	RREB1
-622	12	11.355650694522021	RREB1	RREB1
-621	13	11.414924748723418	RREB1	RREB1
-620	8	11.33958881260575	RREB1	RREB1
-619	9	11.370712442857982	RREB1	RREB1
-618	11	11.346415845319545	RREB1	RREB1
-617	15	11.323820279984657	RREB1	RREB1
-616	15	11.33693529329071	RREB1	RREB1
-615	9	11.38662128289139	RREB1	RREB1
-614	9	11.29024140485289	RREB1	RREB1
-613	9	11.356487799619611	RREB1	RREB1
-612	13	11.35514995437725	RREB1	RREB1
-611	12	11.338240896366854	RREB1	RREB1
-610	9	11.38622832258931	RREB1	RREB1
-609	13	11.43294592408287	RREB1	RREB1
-608	12	11.384094679242164	RREB1	RREB1
-607	9	11.338922955858049	RREB1	RREB1
-606	3	11.37489215723923	RREB1	RREB1
-605	12	11.401155576127392	RREB1	RREB1
-604	11	11.37702528573288	RREB1	RREB1
-603	13	11.379090237464593	RREB1	RREB1
-602	6	11.368462398702475	RREB1	RREB1
-601	13	11.420899011115324	RREB1	RREB1
-600	13	11.379271298104833	RREB1	RREB1
-599	21	11.411742273357083	RREB1	RREB1
-598	11	11.452202512876022	RREB1	RREB1
-597	13	11.380745732802668	RREB1	RREB1
-596	7	11.40284224478841	RREB1	RREB1
-595	11	11.527972590677914	RREB1	RREB1
-594	8	11.414654017242272	RREB1	RREB1
-593	9	11.355794256429762	RREB1	RREB1
-592	13	11.403040107453807	RREB1	RREB1
-591	9	11.46132352167388	RREB1	RREB1
-590	9	11.388890416794405	RREB1	RREB1
-589	18	11.399744350979857	RREB1	RREB1
-588	13	11.357812571369397	RREB1	RREB1
-587	7	11.396215223944477	RREB1	RREB1
-586	12	11.390598617482313	RREB1	RREB1
-585	11	11.336957136495668	RREB1	RREB1
-584	14	11.334626237584581	RREB1	RREB1
-583	9	11.344047871907566	RREB1	RREB1
-582	13	11.356573284588812	RREB1	RREB1
-581	13	11.376133904211944	RREB1	RREB1
-580	14	11.396412987177918	RREB1	RREB1
-579	9	11.38448371125535	RREB1	RREB1
-578	8	11.273940799235344	RREB1	RREB1
-577	10	11.358929641000245	RREB1	RREB1
-576	12	11.385414856057343	RREB1	RREB1
-575	12	11.373233513754865	RREB1	RREB1
-574	8	11.384385638856752	RREB1	RREB1
-573	12	11.377083270830044	RREB1	RREB1
-572	13	11.38087384388033	RREB1	RREB1
-571	13	11.357696741884524	RREB1	RREB1
-570	8	11.299427392292486	RREB1	RREB1
-569	11	11.305608485914721	RREB1	RREB1
-568	10	11.353499974128082	RREB1	RREB1
-567	13	11.39259110228646	RREB1	RREB1
-566	10	11.383401553398247	RREB1	RREB1
-565	13	11.431639627711537	RREB1	RREB1
-564	9	11.376395623638405	RREB1	RREB1
-563	8	11.347068673055064	RREB1	RREB1
-562	11	11.335612599516777	RREB1	RREB1
-561	10	11.40567757741028	RREB1	RREB1
-560	12	11.406223301018148	RREB1	RREB1
-559	15	11.34454205922728	RREB1	RREB1
-558	11	11.32689726164957	RREB1	RREB1
-557	11	11.391792835736563	RREB1	RREB1
-556	15	11.417027645660982	RREB1	RREB1
-555	7	11.31054175183591	RREB1	RREB1
-554	15	11.30210124309877	RREB1	RREB1
-553	13	11.333579749174577	RREB1	RREB1
-552	9	11.377530725806004	RREB1	RREB1
-551	9	11.517173596358441	RREB1	RREB1
-550	10	11.501614569952975	RREB1	RREB1
-549	9	11.361369491812285	RREB1	RREB1
-548	10	11.400172589806282	RREB1	RREB1
-547	13	11.41219092304229	RREB1	RREB1
-546	11	11.433622820810962	RREB1	RREB1
-545	14	11.394254880673522	RREB1	RREB1
-544	6	11.302487119271317	RREB1	RREB1
-543	15	11.373105828203055	RREB1	RREB1
-542	7	11.362671466948273	RREB1	RREB1
-541	8	11.472088300790722	RREB1	RREB1
-540	15	11.338887908692127	RREB1	RREB1
-539	11	11.338364203422525	RREB1	RREB1
-538	11	11.39207927391092	RREB1	RREB1
-537	8	11.451007936994111	RREB1	RREB1
-536	10	11.382170492626821	RREB1	RREB1
-535	12	11.412475486178215	RREB1	RREB1
-534	8	11.40315192106433	RREB1	RREB1
-533	10	11.390380017786613	RREB1	RREB1
-532	9	11.458034242959545	RREB1	RREB1
-531	10	11.400129903829237	RREB1	RREB1
-530	14	11.24484490510804	RREB1	RREB1
-529	11	11.284213048431102	RREB1	RREB1
-528	11	11.333919643090367	RREB1	RREB1
-527	7	11.345659596348874	RREB1	RREB1
-526	13	11.362617623715213	RREB1	RREB1
-525	16	11.366851515639869	RREB1	RREB1
-524	11	11.33701143345819	RREB1	RREB1
-523	11	11.393226626056379	RREB1	RREB1
-522	11	11.407474159401108	RREB1	RREB1
-521	8	11.402828877787798	RREB1	RREB1
-520	10	11.36626637073841	RREB1	RREB1
-519	9	11.332440085768326	RREB1	RREB1
-518	11	11.3364755023724	RREB1	RREB1
-517	9	11.400163730361045	RREB1	RREB1
-516	10	11.380065934636018	RREB1	RREB1
-515	12	11.369004760504453	RREB1	RREB1
-514	14	11.37628902967054	RREB1	RREB1
-513	14	11.252684114571904	RREB1	RREB1
-512	11	11.330754223940929	RREB1	RREB1
-511	10	11.41106125815454	RREB1	RREB1
-510	13	11.446303284305452	RREB1	RREB1
-509	16	11.360487818227933	RREB1	RREB1
-508	8	11.360894754195703	RREB1	RREB1
-507	14	11.414580965515587	RREB1	RREB1
-506	14	11.334003457585654	RREB1	RREB1
-505	13	11.419889422684097	RREB1	RREB1
-504	8	11.380872207080435	RREB1	RREB1
-503	16	11.368823738366224	RREB1	RREB1
-502	10	11.348572216297674	RREB1	RREB1
-501	17	11.380454025269696	RREB1	RREB1
-500	9	11.356518842188786	RREB1	RREB1
-499	16	11.36192234949534	RREB1	RREB1
-498	10	11.42664782836144	RREB1	RREB1
-497	17	11.485424990086656	RREB1	RREB1
-496	8	11.453833730829377	RREB1	RREB1
-495	12	11.469475412267263	RREB1	RREB1
-494	11	11.418667202370072	RREB1	RREB1
-493	9	11.299797837813637	RREB1	RREB1
-492	11	11.373465435666105	RREB1	RREB1
-491	14	11.398751613052989	RREB1	RREB1
-490	14	11.365300728210173	RREB1	RREB1
-489	8	11.320196919200532	RREB1	RREB1
-488	11	11.32436900069611	RREB1	RREB1
-487	6	11.306499409798127	RREB1	RREB1
-486	12	11.472389391378815	RREB1	RREB1
-485	12	11.47163875398648	RREB1	RREB1
-484	7	11.35897217204008	RREB1	RREB1
-483	11	11.267478074455335	RREB1	RREB1
-482	10	11.372432678639179	RREB1	RREB1
-481	6	11.372679034826088	RREB1	RREB1
-480	13	11.433278208216086	RREB1	RREB1
-479	20	11.406787621427604	RREB1	RREB1
-478	11	11.480671222678636	RREB1	RREB1
-477	14	11.443519625408813	RREB1	RREB1
-476	12	11.462165087709014	RREB1	RREB1
-475	12	11.417102970713033	RREB1	RREB1
-474	15	11.245368330791667	RREB1	RREB1
-473	17	11.29123395394978	RREB1	RREB1
-472	15	11.373327202465278	RREB1	RREB1
-471	23	11.37207487308534	RREB1	RREB1
-470	12	11.28865405658149	RREB1	RREB1
-469	14	11.342385901734039	RREB1	RREB1
-468	13	11.377605586720986	RREB1	RREB1
-467	13	11.353621244670448	RREB1	RREB1
-466	16	11.306308418907928	RREB1	RREB1
-465	14	11.288792568628331	RREB1	RREB1
-464	10	11.360139548497015	RREB1	RREB1
-463	16	11.355997082574138	RREB1	RREB1
-462	13	11.36617558277173	RREB1	RREB1
-461	6	11.387083849707338	RREB1	RREB1
-460	16	11.38786760538617	RREB1	RREB1
-459	10	11.306236830203975	RREB1	RREB1
-458	16	11.384332942391787	RREB1	RREB1
-457	14	11.345980413458516	RREB1	RREB1
-456	11	11.407230527809304	RREB1	RREB1
-455	8	11.47101762629647	RREB1	RREB1
-454	14	11.449482829701914	RREB1	RREB1
-453	15	11.425647474279854	RREB1	RREB1
-452	11	11.331463224042379	RREB1	RREB1
-451	12	11.3424782406529	RREB1	RREB1
-450	12	11.358918930307409	RREB1	RREB1
-449	7	11.317085057810369	RREB1	RREB1
-448	19	11.411485818914967	RREB1	RREB1
-447	7	11.44986521209289	RREB1	RREB1
-446	12	11.343791226190787	RREB1	RREB1
-445	10	11.370202078392827	RREB1	RREB1
-444	17	11.435884334581278	RREB1	RREB1
-443	10	11.38297561589812	RREB1	RREB1
-442	12	11.431546565645792	RREB1	RREB1
-441	17	11.450579258012933	RREB1	RREB1
-440	15	11.33277500403149	RREB1	RREB1
-439	19	11.34185079683311	RREB1	RREB1
-438	10	11.365279582640257	RREB1	RREB1
-437	17	11.401599034695522	RREB1	RREB1
-436	3	11.37036806069726	RREB1	RREB1
-435	4	11.280490967415858	RREB1	RREB1
-434	17	11.303073861167526	RREB1	RREB1
-433	11	11.32892319003955	RREB1	RREB1
-432	10	11.338952455571317	RREB1	RREB1
-431	11	11.400755174508735	RREB1	RREB1
-430	11	11.386750737350605	RREB1	RREB1
-429	12	11.353188661799777	RREB1	RREB1
-428	13	11.346166154641287	RREB1	RREB1
-427	10	11.32208830880296	RREB1	RREB1
-426	14	11.39609584990781	RREB1	RREB1
-425	10	11.456853875301144	RREB1	RREB1
-424	5	11.387864044842972	RREB1	RREB1
-423	8	11.411487832693771	RREB1	RREB1
-422	15	11.41065828362358	RREB1	RREB1
-421	9	11.442856241321898	RREB1	RREB1
-420	13	11.457613359904995	RREB1	RREB1
-419	15	11.410328085564153	RREB1	RREB1
-418	8	11.37581322164772	RREB1	RREB1
-417	7	11.405905991873006	RREB1	RREB1
-416	12	11.380374859826544	RREB1	RREB1
-415	10	11.438450590327287	RREB1	RREB1
-414	9	11.35809167414345	RREB1	RREB1
-413	11	11.407467687336776	RREB1	RREB1
-412	16	11.563246703968789	RREB1	RREB1
-411	18	11.489679624309968	RREB1	RREB1
-410	9	11.319709237223881	RREB1	RREB1
-409	8	11.383349716305675	RREB1	RREB1
-408	14	11.517308314911032	RREB1	RREB1
-407	13	11.485223768670986	RREB1	RREB1
-406	10	11.48112082548462	RREB1	RREB1
-405	18	11.477628646078692	RREB1	RREB1
-404	11	11.4178662854637	RREB1	RREB1
-403	5	11.402616046424004	RREB1	RREB1
-402	14	11.4403037562304	RREB1	RREB1
-401	7	11.39752775387804	RREB1	RREB1
-400	14	11.349677282533444	RREB1	RREB1
-399	12	11.413870794597107	RREB1	RREB1
-398	11	11.444983564497274	RREB1	RREB1
-397	9	11.441408004420598	RREB1	RREB1
-396	10	11.423395478488525	RREB1	RREB1
-395	10	11.39299447427586	RREB1	RREB1
-394	11	11.323406271840295	RREB1	RREB1
-393	12	11.377265712117575	RREB1	RREB1
-392	6	11.32889154127674	RREB1	RREB1
-391	11	11.381974951144748	RREB1	RREB1
-390	14	11.372965174163118	RREB1	RREB1
-389	12	11.465336060996139	RREB1	RREB1
-388	8	11.468415088826672	RREB1	RREB1
-387	10	11.380135408569993	RREB1	RREB1
-386	5	11.372001670795022	RREB1	RREB1
-385	9	11.421058334523732	RREB1	RREB1
-384	9	11.361065448807217	RREB1	RREB1
-383	9	11.360574019350471	RREB1	RREB1
-382	12	11.38611400828266	RREB1	RREB1
-381	8	11.446985762038928	RREB1	RREB1
-380	11	11.41404070591602	RREB1	RREB1
-379	7	11.370771525393087	RREB1	RREB1
-378	13	11.395324611816093	RREB1	RREB1
-377	11	11.401888946268498	RREB1	RREB1
-376	16	11.457684671115754	RREB1	RREB1
-375	9	11.380670963559478	RREB1	RREB1
-374	9	11.36293057938261	RREB1	RREB1
-373	9	11.435654016244355	RREB1	RREB1
-372	9	11.442312322711965	RREB1	RREB1
-371	5	11.417317466593873	RREB1	RREB1
-370	7	11.415591843373454	RREB1	RREB1
-369	17	11.44495830426703	RREB1	RREB1
-368	8	11.46284165606357	RREB1	RREB1
-367	7	11.413860068972653	RREB1	RREB1
-366	14	11.483535637685044	RREB1	RREB1
-365	12	11.497341015967661	RREB1	RREB1
-364	15	11.41130079250472	RREB1	RREB1
-363	7	11.41374629361822	RREB1	RREB1
-362	14	11.465902714945045	RREB1	RREB1
-361	16	11.42129638169166	RREB1	RREB1
-360	8	11.347727702375634	RREB1	RREB1
-359	13	11.397767095839464	RREB1	RREB1
-358	13	11.389657826074654	RREB1	RREB1
-357	10	11.422507417316831	RREB1	RREB1
-356	10	11.534897167608817	RREB1	RREB1
-355	10	11.46435303914549	RREB1	RREB1
-354	11	11.442297291668435	RREB1	RREB1
-353	11	11.50514124819968	RREB1	RREB1
-352	13	11.456032264663216	RREB1	RREB1
-351	10	11.450566765787194	RREB1	RREB1
-350	15	11.4993757462104	RREB1	RREB1
-349	9	11.425045980981183	RREB1	RREB1
-348	15	11.473505766959518	RREB1	RREB1
-347	9	11.438531854874116	RREB1	RREB1
-346	18	11.448354582451682	RREB1	RREB1
-345	8	11.473728215508476	RREB1	RREB1
-344	13	11.416274911469179	RREB1	RREB1
-343	18	11.453195534885856	RREB1	RREB1
-342	15	11.454598965067623	RREB1	RREB1
-341	9	11.351123404573293	RREB1	RREB1
-340	11	11.490984038719672	RREB1	RREB1
-339	14	11.457859918271563	RREB1	RREB1
-338	9	11.406439132082388	RREB1	RREB1
-337	8	11.388532249095466	RREB1	RREB1
-336	20	11.43497271031689	RREB1	RREB1
-335	17	11.478474018542546	RREB1	RREB1
-334	11	11.399836096364947	RREB1	RREB1
-333	6	11.381002386875977	RREB1	RREB1
-332	5	11.418098100531376	RREB1	RREB1
-331	10	11.4239061155246	RREB1	RREB1
-330	19	11.371289785309562	RREB1	RREB1
-329	10	11.383394612044068	RREB1	RREB1
-328	15	11.415292926650276	RREB1	RREB1
-327	8	11.386439993775205	RREB1	RREB1
-326	7	11.382390200735577	RREB1	RREB1
-325	10	11.427522005347683	RREB1	RREB1
-324	7	11.366985529271343	RREB1	RREB1
-323	9	11.459659034915491	RREB1	RREB1
-322	10	11.405909228566214	RREB1	RREB1
-321	10	11.408006944386756	RREB1	RREB1
-320	18	11.393341857766131	RREB1	RREB1
-319	20	11.466728320113555	RREB1	RREB1
-318	13	11.382800235565552	RREB1	RREB1
-317	14	11.448619742230434	RREB1	RREB1
-316	10	11.423860431823336	RREB1	RREB1
-315	11	11.43548541031543	RREB1	RREB1
-314	7	11.393470134257702	RREB1	RREB1
-313	12	11.295377978167515	RREB1	RREB1
-312	9	11.341566037252488	RREB1	RREB1
-311	16	11.35794641808541	RREB1	RREB1
-310	14	11.411866114659363	RREB1	RREB1
-309	9	11.50193413865607	RREB1	RREB1
-308	11	11.471708029755716	RREB1	RREB1
-307	11	11.443748290333861	RREB1	RREB1
-306	10	11.465443267554589	RREB1	RREB1
-305	16	11.51791914640724	RREB1	RREB1
-304	5	11.49566559728372	RREB1	RREB1
-303	11	11.48758584580624	RREB1	RREB1
-302	10	11.400724394121681	RREB1	RREB1
-301	8	11.463875602591816	RREB1	RREB1
-300	14	11.53670156785996	RREB1	RREB1
-299	12	11.505612008534268	RREB1	RREB1
-298	8	11.367694720587085	RREB1	RREB1
-297	16	11.362207271165925	RREB1	RREB1
-296	9	11.357856616828458	RREB1	RREB1
-295	11	11.445838959829334	RREB1	RREB1
-294	10	11.517232695905351	RREB1	RREB1
-293	14	11.52188696998265	RREB1	RREB1
-292	12	11.600874143261686	RREB1	RREB1
-291	10	11.520314733378804	RREB1	RREB1
-290	3	11.41062249712064	RREB1	RREB1
-289	13	11.424277778328003	RREB1	RREB1
-288	12	11.423884084719194	RREB1	RREB1
-287	6	11.470282839791905	RREB1	RREB1
-286	13	11.402046900670541	RREB1	RREB1
-285	9	11.44513481260253	RREB1	RREB1
-284	9	11.490905314117743	RREB1	RREB1
-283	8	11.492254674143638	RREB1	RREB1
-282	14	11.409235296328845	RREB1	RREB1
-281	17	11.392729099810548	RREB1	RREB1
-280	11	11.411575720217904	RREB1	RREB1
-279	8	11.387376518862512	RREB1	RREB1
-278	7	11.410293739744322	RREB1	RREB1
-277	10	11.494144687585209	RREB1	RREB1
-276	11	11.482494213761562	RREB1	RREB1
-275	16	11.41348791950946	RREB1	RREB1
-274	17	11.346551017173937	RREB1	RREB1
-273	11	11.404131420351193	RREB1	RREB1
-272	21	11.375810275392457	RREB1	RREB1
-271	15	11.427659476312302	RREB1	RREB1
-270	8	11.450334132677245	RREB1	RREB1
-269	5	11.44923844521647	RREB1	RREB1
-268	9	11.49649333428249	RREB1	RREB1
-267	13	11.495186260276421	RREB1	RREB1
-266	13	11.384193100022543	RREB1	RREB1
-265	9	11.40870770143101	RREB1	RREB1
-264	11	11.39098513858053	RREB1	RREB1
-263	6	11.385719049285846	RREB1	RREB1
-262	8	11.404463860304325	RREB1	RREB1
-261	16	11.521820790328722	RREB1	RREB1
-260	8	11.44992747964212	RREB1	RREB1
-259	12	11.34634352303212	RREB1	RREB1
-258	5	11.308935184371544	RREB1	RREB1
-257	12	11.40269686196885	RREB1	RREB1
-256	11	11.409396274594517	RREB1	RREB1
-255	10	11.452203814739079	RREB1	RREB1
-254	6	11.399665282154235	RREB1	RREB1
-253	14	11.409386262159673	RREB1	RREB1
-252	14	11.412392976984599	RREB1	RREB1
-251	7	11.469258960586929	RREB1	RREB1
-250	5	11.535575759557888	RREB1	RREB1
-249	10	11.427318256328688	RREB1	RREB1
-248	13	11.412876954399467	RREB1	RREB1
-247	2	11.366287130493046	RREB1	RREB1
-246	10	11.444425883880319	RREB1	RREB1
-245	8	11.521069496010693	RREB1	RREB1
-244	10	11.532129719281487	RREB1	RREB1
-243	11	11.414302476607025	RREB1	RREB1
-242	11	11.39097032682268	RREB1	RREB1
-241	10	11.348204687162022	RREB1	RREB1
-240	12	11.363418591742118	RREB1	RREB1
-239	8	11.358543030680716	RREB1	RREB1
-238	8	11.480423975786868	RREB1	RREB1
-237	10	11.408565236311231	RREB1	RREB1
-236	11	11.330474284260855	RREB1	RREB1
-235	14	11.379697231428244	RREB1	RREB1
-234	13	11.472030428950069	RREB1	RREB1
-233	9	11.436497765752572	RREB1	RREB1
-232	12	11.38851986917949	RREB1	RREB1
-231	10	11.340620439470769	RREB1	RREB1
-230	8	11.296017719075014	RREB1	RREB1
-229	14	11.29931937908933	RREB1	RREB1
-228	11	11.387529301215482	RREB1	RREB1
-227	12	11.384096001960964	RREB1	RREB1
-226	4	11.398192367190784	RREB1	RREB1
-225	8	11.38306678728087	RREB1	RREB1
-224	13	11.3569645009068	RREB1	RREB1
-223	9	11.42134517647794	RREB1	RREB1
-222	11	11.346654025501365	RREB1	RREB1
-221	15	11.406130192462836	RREB1	RREB1
-220	11	11.389322096932862	RREB1	RREB1
-219	8	11.399970748479086	RREB1	RREB1
-218	7	11.425070580516065	RREB1	RREB1
-217	15	11.464539765497776	RREB1	RREB1
-216	15	11.582782525596393	RREB1	RREB1
-215	11	11.505911404735079	RREB1	RREB1
-214	14	11.538757600142327	RREB1	RREB1
-213	17	11.488602056257815	RREB1	RREB1
-212	14	11.453767897382212	RREB1	RREB1
-211	11	11.442895256638668	RREB1	RREB1
-210	13	11.338715472557114	RREB1	RREB1
-209	14	11.431058632964637	RREB1	RREB1
-208	15	11.476330910157131	RREB1	RREB1
-207	13	11.38321583631548	RREB1	RREB1
-206	8	11.374305524528873	RREB1	RREB1
-205	6	11.455612712076872	RREB1	RREB1
-204	8	11.43884128525882	RREB1	RREB1
-203	6	11.375959802996	RREB1	RREB1
-202	13	11.40445923375412	RREB1	RREB1
-201	14	11.48343543284438	RREB1	RREB1
-200	16	11.473811077870806	RREB1	RREB1
-199	12	11.315597303986642	RREB1	RREB1
-198	7	11.390462125838246	RREB1	RREB1
-197	8	11.495419164310825	RREB1	RREB1
-196	9	11.371774585208001	RREB1	RREB1
-195	11	11.321450941395788	RREB1	RREB1
-194	15	11.381053606640663	RREB1	RREB1
-193	10	11.429333345938371	RREB1	RREB1
-192	8	11.510440366442618	RREB1	RREB1
-191	11	11.477104655463936	RREB1	RREB1
-190	9	11.441838083569897	RREB1	RREB1
-189	15	11.467971681880083	RREB1	RREB1
-188	12	11.395156811686713	RREB1	RREB1
-187	12	11.393583490069343	RREB1	RREB1
-186	11	11.339282933656785	RREB1	RREB1
-185	6	11.376552343577245	RREB1	RREB1
-184	18	11.391931704871356	RREB1	RREB1
-183	14	11.367858241526207	RREB1	RREB1
-182	15	11.30354642111431	RREB1	RREB1
-181	8	11.414629717759022	RREB1	RREB1
-180	10	11.51022475906151	RREB1	RREB1
-179	4	11.315036972982005	RREB1	RREB1
-178	19	11.314734137760702	RREB1	RREB1
-177	12	11.309648702544445	RREB1	RREB1
-176	16	11.254330145234638	RREB1	RREB1
-175	7	11.253395672850944	RREB1	RREB1
-174	11	11.34568126193522	RREB1	RREB1
-173	19	11.322492410871389	RREB1	RREB1
-172	8	11.348380771403269	RREB1	RREB1
-171	9	11.445013242362261	RREB1	RREB1
-170	18	11.325648872913549	RREB1	RREB1
-169	17	11.263165276344852	RREB1	RREB1
-168	15	11.328785244376446	RREB1	RREB1
-167	18	11.289625268177996	RREB1	RREB1
-166	13	11.30009093663217	RREB1	RREB1
-165	10	11.297987974430184	RREB1	RREB1
-164	14	11.255985286480072	RREB1	RREB1
-163	8	11.289033236474676	RREB1	RREB1
-162	10	11.334395418177191	RREB1	RREB1
-161	11	11.349950360103323	RREB1	RREB1
-160	12	11.278100450237933	RREB1	RREB1
-159	10	11.334324413066204	RREB1	RREB1
-158	17	11.39863754326699	RREB1	RREB1
-157	17	11.466923593988119	RREB1	RREB1
-156	16	11.354496907542844	RREB1	RREB1
-155	6	11.397613551914855	RREB1	RREB1
-154	9	11.433974353138884	RREB1	RREB1
-153	7	11.401057222157167	RREB1	RREB1
-152	7	11.418798770440862	RREB1	RREB1
-151	11	11.48772257367496	RREB1	RREB1
-150	17	11.470735188562585	RREB1	RREB1
-149	16	11.34515514076822	RREB1	RREB1
-148	11	11.381784729637767	RREB1	RREB1
-147	7	11.362036101771531	RREB1	RREB1
-146	8	11.333177437057826	RREB1	RREB1
-145	13	11.446201232662533	RREB1	RREB1
-144	7	11.351919224720199	RREB1	RREB1
-143	7	11.335412911033913	RREB1	RREB1
-142	14	11.4294220024454	RREB1	RREB1
-141	12	11.337264501950436	RREB1	RREB1
-140	18	11.377557555547263	RREB1	RREB1
-139	9	11.407833958305291	RREB1	RREB1
-138	6	11.408867028389627	RREB1	RREB1
-137	10	11.503807137058903	RREB1	RREB1
-136	16	11.401633923009829	RREB1	RREB1
-135	10	11.267251208826238	RREB1	RREB1
-134	6	11.294771939308125	RREB1	RREB1
-133	13	11.355018727445305	RREB1	RREB1
-132	11	11.36312791047919	RREB1	RREB1
-131	14	11.344729257679965	RREB1	RREB1
-130	14	11.288186577794464	RREB1	RREB1
-129	17	11.355251207745345	RREB1	RREB1
-128	15	11.36546130407602	RREB1	RREB1
-127	12	11.386650358708517	RREB1	RREB1
-126	12	11.483408339216556	RREB1	RREB1
-125	3	11.463990911731882	RREB1	RREB1
-124	9	11.383634402156218	RREB1	RREB1
-123	7	11.352348896348085	RREB1	RREB1
-122	9	11.349509727097336	RREB1	RREB1
-121	7	11.383365851062038	RREB1	RREB1
-120	14	11.438021491641816	RREB1	RREB1
-119	8	11.479285359634364	RREB1	RREB1
-118	14	11.466864093037838	RREB1	RREB1
-117	11	11.402906308439462	RREB1	RREB1
-116	11	11.350505836089996	RREB1	RREB1
-115	8	11.503888596531281	RREB1	RREB1
-114	9	11.469837651301235	RREB1	RREB1
-113	12	11.452082201361238	RREB1	RREB1
-112	7	11.473205019862988	RREB1	RREB1
-111	10	11.410073626199537	RREB1	RREB1
-110	6	11.345975663781893	RREB1	RREB1
-109	17	11.322093549954094	RREB1	RREB1
-108	7	11.342799655271701	RREB1	RREB1
-107	11	11.431979868315814	RREB1	RREB1
-106	12	11.350432920851171	RREB1	RREB1
-105	14	11.384386101270852	RREB1	RREB1
-104	15	11.427010129846307	RREB1	RREB1
-103	11	11.451416526425929	RREB1	RREB1
-102	12	11.452825462379229	RREB1	RREB1
-101	16	11.420950718047015	RREB1	RREB1
-100	12	11.388003788679676	RREB1	RREB1
-99	13	11.418029867321435	RREB1	RREB1
-98	6	11.384387694091668	RREB1	RREB1
-97	3	11.401925850867743	RREB1	RREB1
-96	9	11.410992206700595	RREB1	RREB1
-95	12	11.41743371336434	RREB1	RREB1
-94	17	11.461488946495301	RREB1	RREB1
-93	11	11.55012935750729	RREB1	RREB1
-92	8	11.58813332861443	RREB1	RREB1
-91	14	11.568020447635496	RREB1	RREB1
-90	6	11.539056556973113	RREB1	RREB1
-89	12	11.54782370643429	RREB1	RREB1
-88	6	11.55905434634879	RREB1	RREB1
-87	10	11.4582075260591	RREB1	RREB1
-86	9	11.498269399771289	RREB1	RREB1
-85	17	11.473263357646116	RREB1	RREB1
-84	10	11.517335594550392	RREB1	RREB1
-83	11	11.464769942150363	RREB1	RREB1
-82	14	11.50562057024096	RREB1	RREB1
-81	21	11.493294582504081	RREB1	RREB1
-80	11	11.427072093810065	RREB1	RREB1
-79	11	11.455562542898424	RREB1	RREB1
-78	18	11.421733460382514	RREB1	RREB1
-77	15	11.420810171842396	RREB1	RREB1
-76	8	11.506835188828042	RREB1	RREB1
-75	9	11.502512111913624	RREB1	RREB1
-74	9	11.522895778107918	RREB1	RREB1
-73	9	11.49763071514326	RREB1	RREB1
-72	9	11.355222924131999	RREB1	RREB1
-71	13	11.375638183805512	RREB1	RREB1
-70	12	11.449991500545122	RREB1	RREB1
-69	9	11.496474713321541	RREB1	RREB1
-68	10	11.44725865374031	RREB1	RREB1
-67	10	11.391394099440136	RREB1	RREB1
-66	11	11.381580691308411	RREB1	RREB1
-65	16	11.299900670897804	RREB1	RREB1
-64	13	11.40971620989142	RREB1	RREB1
-63	11	11.350888793630732	RREB1	RREB1
-62	8	11.433041994387946	RREB1	RREB1
-61	14	11.404863890183535	RREB1	RREB1
-60	5	11.378183217256765	RREB1	RREB1
-59	12	11.527895174438072	RREB1	RREB1
-58	14	11.540878597627918	RREB1	RREB1
-57	12	11.456208077357383	RREB1	RREB1
-56	11	11.370854165495885	RREB1	RREB1
-55	18	11.414419365415418	RREB1	RREB1
-54	9	11.429258311981298	RREB1	RREB1
-53	11	11.366455371837317	RREB1	RREB1
-52	13	11.363080203000328	RREB1	RREB1
-51	12	11.419842595005477	RREB1	RREB1
-50	9	11.416409593818614	RREB1	RREB1
-49	6	11.408048648860275	RREB1	RREB1
-48	9	11.391166728697197	RREB1	RREB1
-47	7	11.364775723883765	RREB1	RREB1
-46	8	11.432593009107288	RREB1	RREB1
-45	12	11.555123995658649	RREB1	RREB1
-44	15	11.40981936232836	RREB1	RREB1
-43	13	11.477390340871393	RREB1	RREB1
-42	10	11.437331217395968	RREB1	RREB1
-41	15	11.43295312490991	RREB1	RREB1
-40	12	11.388458353422992	RREB1	RREB1
-39	7	11.44463884676245	RREB1	RREB1
-38	9	11.472308048349944	RREB1	RREB1
-37	12	11.50698927323235	RREB1	RREB1
-36	10	11.462532416975726	RREB1	RREB1
-35	12	11.557409802024113	RREB1	RREB1
-34	8	11.558582707159903	RREB1	RREB1
-33	10	11.542081389658208	RREB1	RREB1
-32	10	11.534569773485808	RREB1	RREB1
-31	3	11.575310234893966	RREB1	RREB1
-30	7	11.531713584351532	RREB1	RREB1
-29	11	11.511941027610133	RREB1	RREB1
-28	7	11.459691405126735	RREB1	RREB1
-27	9	11.510286068514667	RREB1	RREB1
-26	8	11.568094871729805	RREB1	RREB1
-25	5	11.487143773184316	RREB1	RREB1
-24	8	11.495963542696982	RREB1	RREB1
-23	6	11.481320706582007	RREB1	RREB1
-22	10	11.40630539156759	RREB1	RREB1
-21	9	11.480253945293036	RREB1	RREB1
-20	8	11.490301146852756	RREB1	RREB1
-19	5	11.500878325653273	RREB1	RREB1
-18	3	11.53692971093458	RREB1	RREB1
-17	7	11.50299607504269	RREB1	RREB1
-16	11	11.401726360465315	RREB1	RREB1
-15	8	11.388020250644633	RREB1	RREB1
-14	10	11.353312141154756	RREB1	RREB1
-13	7	11.356624682242394	RREB1	RREB1
-12	10	11.35786178869358	RREB1	RREB1
-11	5	11.357384226164955	RREB1	RREB1
-10	12	11.268024366407772	RREB1	RREB1
-9	8	11.655709027200958	RREB1	RREB1
-8	6	11.414028813538375	RREB1	RREB1
-7	13	11.473577602944298	RREB1	RREB1
-6	9	10.911024474383254	RREB1	RREB1
-5	9	10.878637385903138	RREB1	RREB1
-4	9	10.982588860069487	RREB1	RREB1
-3	13	11.347238078824397	RREB1	RREB1
-2	13	11.603407140275353	RREB1	RREB1
-1	10	10.631794003781772	RREB1	RREB1
0	7	10.682046328680396	RREB1	RREB1
1	6	11.650547507187634	RREB1	RREB1
2	13	11.365438908498584	RREB1	RREB1
3	6	10.858208617554363	RREB1	RREB1
4	8	10.845364904013737	RREB1	RREB1
5	13	10.919768412346038	RREB1	RREB1
6	11	11.5181950068808	RREB1	RREB1
7	7	11.404157945147023	RREB1	RREB1
8	12	11.689091530161253	RREB1	RREB1
9	15	11.267989122393887	RREB1	RREB1
10	6	11.3285941924435	RREB1	RREB1
11	7	11.258661569081235	RREB1	RREB1
12	10	11.472550375874555	RREB1	RREB1
13	9	11.455126730405148	RREB1	RREB1
14	12	11.377078664947687	RREB1	RREB1
15	9	11.406855159027959	RREB1	RREB1
16	10	11.525172894966282	RREB1	RREB1
17	10	11.498541964789295	RREB1	RREB1
18	8	11.527977165304124	RREB1	RREB1
19	8	11.623981704862095	RREB1	RREB1
20	9	11.484467814644063	RREB1	RREB1
21	11	11.497137990931575	RREB1	RREB1
22	5	11.516144169124399	RREB1	RREB1
23	11	11.523939807175458	RREB1	RREB1
24	13	11.466308121266183	RREB1	RREB1
25	9	11.488892075893922	RREB1	RREB1
26	10	11.570773766830722	RREB1	RREB1
27	12	11.47786618853905	RREB1	RREB1
28	6	11.420635008352578	RREB1	RREB1
29	11	11.552930304883498	RREB1	RREB1
30	8	11.653123623350249	RREB1	RREB1
31	11	11.526186488022338	RREB1	RREB1
32	6	11.513829046164435	RREB1	RREB1
33	7	11.525159676795116	RREB1	RREB1
34	11	11.545529096177965	RREB1	RREB1
35	13	11.557280498563408	RREB1	RREB1
36	9	11.512612418367162	RREB1	RREB1
37	10	11.475890253507588	RREB1	RREB1
38	12	11.50491320164736	RREB1	RREB1
39	6	11.543783426255539	RREB1	RREB1
40	7	11.484185915128341	RREB1	RREB1
41	12	11.469668504659559	RREB1	RREB1
42	7	11.460352410041747	RREB1	RREB1
43	11	11.433600171802322	RREB1	RREB1
44	17	11.52069188830424	RREB1	RREB1
45	4	11.469613541820332	RREB1	RREB1
46	9	11.35351473266923	RREB1	RREB1
47	8	11.518703852259431	RREB1	RREB1
48	12	11.546363789379336	RREB1	RREB1
49	12	11.362672633924115	RREB1	RREB1
50	9	11.356703829094617	RREB1	RREB1
51	14	11.389867040819492	RREB1	RREB1
52	11	11.374869635988551	RREB1	RREB1
53	13	11.412770881466136	RREB1	RREB1
54	11	11.477578230384054	RREB1	RREB1
55	7	11.513554553905347	RREB1	RREB1
56	7	11.442512106664863	RREB1	RREB1
57	11	11.394650078812122	RREB1	RREB1
58	11	11.468543271974445	RREB1	RREB1
59	11	11.411276198415129	RREB1	RREB1
60	12	11.413725601943025	RREB1	RREB1
61	9	11.409311949666288	RREB1	RREB1
62	7	11.390068668848357	RREB1	RREB1
63	10	11.360911282414959	RREB1	RREB1
64	10	11.370750233765433	RREB1	RREB1
65	9	11.476637887269943	RREB1	RREB1
66	14	11.461758175554221	RREB1	RREB1
67	14	11.403302898946428	RREB1	RREB1
68	10	11.419338170639048	RREB1	RREB1
69	9	11.48873279123529	RREB1	RREB1
70	11	11.41753189042179	RREB1	RREB1
71	11	11.362734108437726	RREB1	RREB1
72	8	11.470160912615539	RREB1	RREB1
73	14	11.532488362757887	RREB1	RREB1
74	10	11.481394624195524	RREB1	RREB1
75	9	11.438701049296814	RREB1	RREB1
76	12	11.413584404365324	RREB1	RREB1
77	11	11.38965842667709	RREB1	RREB1
78	12	11.349081396229437	RREB1	RREB1
79	9	11.447319767118213	RREB1	RREB1
80	9	11.48441843284442	RREB1	RREB1
81	13	11.53004306121906	RREB1	RREB1
82	12	11.477017062783979	RREB1	RREB1
83	16	11.563300822709737	RREB1	RREB1
84	8	11.453461474313885	RREB1	RREB1
85	8	11.41170382117164	RREB1	RREB1
86	8	11.443696959159888	RREB1	RREB1
87	9	11.44402070396551	RREB1	RREB1
88	8	11.513913435427522	RREB1	RREB1
89	14	11.53711913796637	RREB1	RREB1
90	12	11.536256968347569	RREB1	RREB1
91	12	11.554151050052203	RREB1	RREB1
92	16	11.493666670909768	RREB1	RREB1
93	14	11.418464387842967	RREB1	RREB1
94	15	11.381388169350027	RREB1	RREB1
95	9	11.382385872280441	RREB1	RREB1
96	18	11.384347263078475	RREB1	RREB1
97	16	11.422726514708492	RREB1	RREB1
98	20	11.449377809394846	RREB1	RREB1
99	11	11.36068250559294	RREB1	RREB1
100	14	11.380126852806649	RREB1	RREB1
101	9	11.38129684321876	RREB1	RREB1
102	11	11.357611288186272	RREB1	RREB1
103	8	11.473366246274395	RREB1	RREB1
104	19	11.350823164483904	RREB1	RREB1
105	8	11.39062093754457	RREB1	RREB1
106	12	11.429386280391927	RREB1	RREB1
107	11	11.41150065568769	RREB1	RREB1
108	17	11.415683458327246	RREB1	RREB1
109	9	11.432809566635802	RREB1	RREB1
110	14	11.470710951805675	RREB1	RREB1
111	14	11.452087918334703	RREB1	RREB1
112	13	11.439154474628934	RREB1	RREB1
113	11	11.49505144950776	RREB1	RREB1
114	10	11.371442787244769	RREB1	RREB1
115	12	11.430374367598015	RREB1	RREB1
116	10	11.431536206151756	RREB1	RREB1
117	7	11.468655628636062	RREB1	RREB1
118	14	11.519241048997637	RREB1	RREB1
119	10	11.471743447673074	RREB1	RREB1
120	16	11.462107390157511	RREB1	RREB1
121	8	11.384922894832222	RREB1	RREB1
122	8	11.36122110304097	RREB1	RREB1
123	13	11.289129239729357	RREB1	RREB1
124	13	11.428946584155018	RREB1	RREB1
125	13	11.446867095480656	RREB1	RREB1
126	9	11.400025506849142	RREB1	RREB1
127	12	11.436640120172681	RREB1	RREB1
128	9	11.391669560424397	RREB1	RREB1
129	24	11.389380622609185	RREB1	RREB1
130	7	11.389688689024842	RREB1	RREB1
131	12	11.46972640032236	RREB1	RREB1
132	8	11.391236102890497	RREB1	RREB1
133	13	11.314449415703828	RREB1	RREB1
134	20	11.354852607670411	RREB1	RREB1
135	8	11.331640365498114	RREB1	RREB1
136	11	11.439481692910197	RREB1	RREB1
137	9	11.457019086950485	RREB1	RREB1
138	12	11.461877510950393	RREB1	RREB1
139	8	11.443600160843147	RREB1	RREB1
140	12	11.419293220858632	RREB1	RREB1
141	9	11.309200925887449	RREB1	RREB1
142	6	11.40231893409483	RREB1	RREB1
143	9	11.420612983149425	RREB1	RREB1
144	10	11.431825030953059	RREB1	RREB1
145	11	11.420453784061149	RREB1	RREB1
146	14	11.363266808838853	RREB1	RREB1
147	13	11.390603596842073	RREB1	RREB1
148	9	11.403509999071199	RREB1	RREB1
149	12	11.368140850268825	RREB1	RREB1
150	15	11.401854088909344	RREB1	RREB1
151	19	11.402903986443558	RREB1	RREB1
152	12	11.39151762218348	RREB1	RREB1
153	13	11.353762942991224	RREB1	RREB1
154	14	11.439471880432176	RREB1	RREB1
155	13	11.42036484580681	RREB1	RREB1
156	19	11.468417154553979	RREB1	RREB1
157	10	11.442577180459088	RREB1	RREB1
158	16	11.379089729942642	RREB1	RREB1
159	7	11.254138022393594	RREB1	RREB1
160	14	11.331621628119462	RREB1	RREB1
161	12	11.43189147643573	RREB1	RREB1
162	13	11.381350409063113	RREB1	RREB1
163	7	11.313338145477163	RREB1	RREB1
164	17	11.369751406635718	RREB1	RREB1
165	7	11.323697891172337	RREB1	RREB1
166	15	11.290407436170227	RREB1	RREB1
167	13	11.34671216488059	RREB1	RREB1
168	12	11.395560448292665	RREB1	RREB1
169	10	11.349967857586073	RREB1	RREB1
170	8	11.25479888407065	RREB1	RREB1
171	11	11.22560785020194	RREB1	RREB1
172	9	11.271475610888263	RREB1	RREB1
173	15	11.279410379270042	RREB1	RREB1
174	10	11.23698537691775	RREB1	RREB1
175	7	11.277216133322245	RREB1	RREB1
176	9	11.345652715317058	RREB1	RREB1
177	15	11.335072400307828	RREB1	RREB1
178	20	11.306546894518556	RREB1	RREB1
179	9	11.37985499767547	RREB1	RREB1
180	14	11.374344000805229	RREB1	RREB1
181	12	11.32319319861133	RREB1	RREB1
182	12	11.335337160221842	RREB1	RREB1
183	17	11.2760099051995	RREB1	RREB1
184	9	11.365148512221628	RREB1	RREB1
185	13	11.383701241345687	RREB1	RREB1
186	14	11.341728998981683	RREB1	RREB1
187	10	11.371083819097326	RREB1	RREB1
188	11	11.47632667404051	RREB1	RREB1
189	12	11.497818736190132	RREB1	RREB1
190	10	11.380718729040632	RREB1	RREB1
191	16	11.382352723375035	RREB1	RREB1
192	11	11.403451339086411	RREB1	RREB1
193	14	11.421035900716172	RREB1	RREB1
194	12	11.488365735315947	RREB1	RREB1
195	15	11.44103530030274	RREB1	RREB1
196	18	11.4286006123392	RREB1	RREB1
197	12	11.35656140428359	RREB1	RREB1
198	6	11.353727785333012	RREB1	RREB1
199	8	11.494383303563701	RREB1	RREB1
200	6	11.399772501413672	RREB1	RREB1
201	8	11.365046442979914	RREB1	RREB1
202	8	11.404365934767455	RREB1	RREB1
203	12	11.55336833247847	RREB1	RREB1
204	11	11.407030832980661	RREB1	RREB1
205	9	11.36321925937974	RREB1	RREB1
206	4	11.376099810979346	RREB1	RREB1
207	12	11.44809613749299	RREB1	RREB1
208	11	11.424680874562627	RREB1	RREB1
209	10	11.408828307465805	RREB1	RREB1
210	17	11.363417145054093	RREB1	RREB1
211	8	11.313587986844572	RREB1	RREB1
212	8	11.406399661690045	RREB1	RREB1
213	8	11.37349547545298	RREB1	RREB1
214	7	11.354546479157754	RREB1	RREB1
215	15	11.41048263996723	RREB1	RREB1
216	17	11.525993194971376	RREB1	RREB1
217	12	11.433699985298649	RREB1	RREB1
218	14	11.37730535962588	RREB1	RREB1
219	11	11.401655109268011	RREB1	RREB1
220	10	11.389907841461536	RREB1	RREB1
221	11	11.4153995590781	RREB1	RREB1
222	14	11.414520122729753	RREB1	RREB1
223	10	11.417853475227798	RREB1	RREB1
224	11	11.477236071552356	RREB1	RREB1
225	11	11.413786989147273	RREB1	RREB1
226	14	11.42483285840953	RREB1	RREB1
227	11	11.369279163218442	RREB1	RREB1
228	13	11.362737960813643	RREB1	RREB1
229	14	11.449295720580489	RREB1	RREB1
230	14	11.429513844487433	RREB1	RREB1
231	12	11.455448796993892	RREB1	RREB1
232	6	11.386311224573474	RREB1	RREB1
233	8	11.298625369669582	RREB1	RREB1
234	13	11.36027659286671	RREB1	RREB1
235	13	11.413761005170816	RREB1	RREB1
236	17	11.333491881609492	RREB1	RREB1
237	13	11.417053637869016	RREB1	RREB1
238	5	11.420812186747952	RREB1	RREB1
239	9	11.433086471153121	RREB1	RREB1
240	23	11.406875034873464	RREB1	RREB1
241	14	11.380352459810425	RREB1	RREB1
242	16	11.379345943625273	RREB1	RREB1
243	11	11.43545818067958	RREB1	RREB1
244	9	11.390793924133046	RREB1	RREB1
245	7	11.4081145730614	RREB1	RREB1
246	16	11.373758671036516	RREB1	RREB1
247	15	11.424111699442248	RREB1	RREB1
248	9	11.470730788873839	RREB1	RREB1
249	6	11.383050144222056	RREB1	RREB1
250	9	11.49875738406297	RREB1	RREB1
251	10	11.481479205092565	RREB1	RREB1
252	6	11.41336948594771	RREB1	RREB1
253	15	11.443712534835985	RREB1	RREB1
254	15	11.482187091408289	RREB1	RREB1
255	11	11.417314445168286	RREB1	RREB1
256	11	11.382305310618687	RREB1	RREB1
257	9	11.357216316770728	RREB1	RREB1
258	14	11.387911567725027	RREB1	RREB1
259	14	11.426440639988677	RREB1	RREB1
260	14	11.427138371642474	RREB1	RREB1
261	12	11.407056884072958	RREB1	RREB1
262	11	11.368515512695685	RREB1	RREB1
263	7	11.359966088701768	RREB1	RREB1
264	13	11.38134375619537	RREB1	RREB1
265	10	11.381058290083429	RREB1	RREB1
266	8	11.487186624007315	RREB1	RREB1
267	5	11.389489318627888	RREB1	RREB1
268	8	11.41282853776049	RREB1	RREB1
269	18	11.36055515827039	RREB1	RREB1
270	12	11.359760937022138	RREB1	RREB1
271	12	11.338192725930723	RREB1	RREB1
272	12	11.357226859310485	RREB1	RREB1
273	6	11.437867821310435	RREB1	RREB1
274	12	11.456824966889181	RREB1	RREB1
275	15	11.43568828604855	RREB1	RREB1
276	15	11.438635074883893	RREB1	RREB1
277	10	11.370586902961396	RREB1	RREB1
278	8	11.389421868900518	RREB1	RREB1
279	7	11.42327161779439	RREB1	RREB1
280	14	11.430851514271499	RREB1	RREB1
281	11	11.402684053883501	RREB1	RREB1
282	11	11.386514527416306	RREB1	RREB1
283	8	11.452236843807633	RREB1	RREB1
284	8	11.392716388368179	RREB1	RREB1
285	17	11.494028232331926	RREB1	RREB1
286	7	11.459356454761766	RREB1	RREB1
287	9	11.449744566762735	RREB1	RREB1
288	10	11.39970789335245	RREB1	RREB1
289	11	11.456293016844107	RREB1	RREB1
290	15	11.373385696311185	RREB1	RREB1
291	14	11.390417429846693	RREB1	RREB1
292	9	11.444841341282133	RREB1	RREB1
293	8	11.400982189865932	RREB1	RREB1
294	12	11.344161984623694	RREB1	RREB1
295	15	11.395497838565952	RREB1	RREB1
296	9	11.409818184165044	RREB1	RREB1
297	8	11.439354278980256	RREB1	RREB1
298	16	11.415353223701418	RREB1	RREB1
299	8	11.423464442746392	RREB1	RREB1
300	12	11.433965780207213	RREB1	RREB1
301	10	11.474174761324026	RREB1	RREB1
302	13	11.428651841838104	RREB1	RREB1
303	11	11.43583400440556	RREB1	RREB1
304	8	11.411102587991847	RREB1	RREB1
305	16	11.347248530889043	RREB1	RREB1
306	12	11.459554445363201	RREB1	RREB1
307	9	11.504209015275514	RREB1	RREB1
308	16	11.44627177732242	RREB1	RREB1
309	8	11.445449086039167	RREB1	RREB1
310	17	11.45476374658812	RREB1	RREB1
311	15	11.434538549855162	RREB1	RREB1
312	10	11.482685592177965	RREB1	RREB1
313	14	11.441544353630785	RREB1	RREB1
314	14	11.410684271782596	RREB1	RREB1
315	17	11.38472844309304	RREB1	RREB1
316	12	11.347151007964142	RREB1	RREB1
317	7	11.363947705076233	RREB1	RREB1
318	14	11.360388819067058	RREB1	RREB1
319	9	11.393447801698501	RREB1	RREB1
320	11	11.348672673920655	RREB1	RREB1
321	12	11.329642243010145	RREB1	RREB1
322	10	11.417447199613582	RREB1	RREB1
323	10	11.414555185597388	RREB1	RREB1
324	13	11.405679790802031	RREB1	RREB1
325	12	11.32102994987972	RREB1	RREB1
326	8	11.364469967157053	RREB1	RREB1
327	6	11.45721335286638	RREB1	RREB1
328	12	11.417072803399451	RREB1	RREB1
329	1	11.34504702544325	RREB1	RREB1
330	9	11.359828005027854	RREB1	RREB1
331	13	11.37979185685301	RREB1	RREB1
332	13	11.396657642626668	RREB1	RREB1
333	15	11.433849328395153	RREB1	RREB1
334	10	11.358348341267579	RREB1	RREB1
335	11	11.385138170792679	RREB1	RREB1
336	13	11.404545370755958	RREB1	RREB1
337	12	11.368924655974313	RREB1	RREB1
338	18	11.44756108888168	RREB1	RREB1
339	10	11.486784136864804	RREB1	RREB1
340	13	11.348079029676445	RREB1	RREB1
341	13	11.37406445539031	RREB1	RREB1
342	15	11.416517547256046	RREB1	RREB1
343	15	11.364500007522787	RREB1	RREB1
344	8	11.469530767653763	RREB1	RREB1
345	9	11.37277418507782	RREB1	RREB1
346	5	11.356206183216612	RREB1	RREB1
347	13	11.4193451833924	RREB1	RREB1
348	15	11.427158760242008	RREB1	RREB1
349	9	11.429841317189773	RREB1	RREB1
350	10	11.36797780997486	RREB1	RREB1
351	13	11.359997039580827	RREB1	RREB1
352	16	11.38421167688873	RREB1	RREB1
353	15	11.379257089559497	RREB1	RREB1
354	11	11.43052808953646	RREB1	RREB1
355	5	11.385739469514618	RREB1	RREB1
356	11	11.396715836092222	RREB1	RREB1
357	12	11.342536813557855	RREB1	RREB1
358	10	11.351403718740439	RREB1	RREB1
359	4	11.393296803426555	RREB1	RREB1
360	9	11.352399340874797	RREB1	RREB1
361	12	11.419196236891155	RREB1	RREB1
362	6	11.406720224849048	RREB1	RREB1
363	6	11.321420014437953	RREB1	RREB1
364	14	11.399895386839585	RREB1	RREB1
365	14	11.419473979853562	RREB1	RREB1
366	11	11.4144194464098	RREB1	RREB1
367	11	11.437886886240713	RREB1	RREB1
368	10	11.407696741502475	RREB1	RREB1
369	10	11.361374868272456	RREB1	RREB1
370	12	11.440263249868021	RREB1	RREB1
371	9	11.447847219127835	RREB1	RREB1
372	13	11.31002888296783	RREB1	RREB1
373	16	11.347976041881633	RREB1	RREB1
374	14	11.381685011583315	RREB1	RREB1
375	14	11.369076651772541	RREB1	RREB1
376	13	11.348283858079375	RREB1	RREB1
377	14	11.38356492801313	RREB1	RREB1
378	8	11.386841017639494	RREB1	RREB1
379	17	11.44557556221166	RREB1	RREB1
380	14	11.41249362954688	RREB1	RREB1
381	10	11.322735960636129	RREB1	RREB1
382	7	11.364359970738315	RREB1	RREB1
383	12	11.450880277290066	RREB1	RREB1
384	8	11.47962812810915	RREB1	RREB1
385	10	11.396684748091213	RREB1	RREB1
386	9	11.36897671147093	RREB1	RREB1
387	21	11.364029777002992	RREB1	RREB1
388	15	11.395812253019482	RREB1	RREB1
389	10	11.390053201878855	RREB1	RREB1
390	2	11.430962578009238	RREB1	RREB1
391	9	11.436335150587016	RREB1	RREB1
392	9	11.300988122055193	RREB1	RREB1
393	8	11.297047189420145	RREB1	RREB1
394	18	11.386600334519041	RREB1	RREB1
395	12	11.439599256633143	RREB1	RREB1
396	12	11.435041021876426	RREB1	RREB1
397	14	11.316798183968036	RREB1	RREB1
398	7	11.341764539771855	RREB1	RREB1
399	13	11.428480532641872	RREB1	RREB1
400	8	11.346929309798492	RREB1	RREB1
401	10	11.36495104768216	RREB1	RREB1
402	8	11.487644518669548	RREB1	RREB1
403	9	11.449206987728049	RREB1	RREB1
404	6	11.442453492455499	RREB1	RREB1
405	14	11.402395656038365	RREB1	RREB1
406	7	11.416801874156842	RREB1	RREB1
407	12	11.40633717506464	RREB1	RREB1
408	6	11.419174965276424	RREB1	RREB1
409	16	11.468648125010267	RREB1	RREB1
410	10	11.48240628105466	RREB1	RREB1
411	16	11.372352674025501	RREB1	RREB1
412	13	11.382896287233974	RREB1	RREB1
413	8	11.423199356085501	RREB1	RREB1
414	12	11.367176241240145	RREB1	RREB1
415	9	11.419958285271887	RREB1	RREB1
416	13	11.448305537591867	RREB1	RREB1
417	16	11.4285691232157	RREB1	RREB1
418	14	11.46599698975175	RREB1	RREB1
419	13	11.4904675615023	RREB1	RREB1
420	14	11.393494816270211	RREB1	RREB1
421	11	11.356092590155322	RREB1	RREB1
422	14	11.35635514994756	RREB1	RREB1
423	10	11.380445783984586	RREB1	RREB1
424	11	11.370501809131406	RREB1	RREB1
425	7	11.33015706618645	RREB1	RREB1
426	9	11.367839496843946	RREB1	RREB1
427	11	11.329488153492722	RREB1	RREB1
428	11	11.425288856610297	RREB1	RREB1
429	15	11.374910495504656	RREB1	RREB1
430	14	11.430664319153442	RREB1	RREB1
431	7	11.439125418690907	RREB1	RREB1
432	7	11.388005611702459	RREB1	RREB1
433	11	11.33749130720422	RREB1	RREB1
434	9	11.443321135407638	RREB1	RREB1
435	16	11.456958567815665	RREB1	RREB1
436	11	11.391151938655284	RREB1	RREB1
437	10	11.355075830720182	RREB1	RREB1
438	15	11.336678195354775	RREB1	RREB1
439	13	11.35300315982896	RREB1	RREB1
440	15	11.370767988812423	RREB1	RREB1
441	13	11.366225083679636	RREB1	RREB1
442	13	11.389075268479038	RREB1	RREB1
443	13	11.370306433402947	RREB1	RREB1
444	7	11.312760151325891	RREB1	RREB1
445	7	11.268340028278814	RREB1	RREB1
446	13	11.36044374298177	RREB1	RREB1
447	10	11.351134528118969	RREB1	RREB1
448	9	11.367181951458996	RREB1	RREB1
449	12	11.328041492610605	RREB1	RREB1
450	10	11.324086354835401	RREB1	RREB1
451	12	11.296746361018043	RREB1	RREB1
452	10	11.33699229851019	RREB1	RREB1
453	18	11.346735738806762	RREB1	RREB1
454	13	11.39777942704962	RREB1	RREB1
455	14	11.416479412878134	RREB1	RREB1
456	8	11.477349624354877	RREB1	RREB1
457	17	11.398125022137682	RREB1	RREB1
458	15	11.364225225059503	RREB1	RREB1
459	16	11.441294511940235	RREB1	RREB1
460	9	11.53213710942148	RREB1	RREB1
461	12	11.388696124572697	RREB1	RREB1
462	20	11.351805178315795	RREB1	RREB1
463	8	11.367744332635622	RREB1	RREB1
464	10	11.301529358912179	RREB1	RREB1
465	7	11.29585713200039	RREB1	RREB1
466	10	11.361122103234392	RREB1	RREB1
467	15	11.412168262487329	RREB1	RREB1
468	24	11.359048689711507	RREB1	RREB1
469	10	11.37716101041832	RREB1	RREB1
470	20	11.395693678436002	RREB1	RREB1
471	6	11.407787999503542	RREB1	RREB1
472	6	11.380996351622105	RREB1	RREB1
473	14	11.370215363874411	RREB1	RREB1
474	17	11.33602279213988	RREB1	RREB1
475	11	11.353076726221136	RREB1	RREB1
476	3	11.382504796960966	RREB1	RREB1
477	17	11.3782680030685	RREB1	RREB1
478	14	11.339005632115118	RREB1	RREB1
479	7	11.316633002140318	RREB1	RREB1
480	11	11.331355283018535	RREB1	RREB1
481	11	11.409060791265212	RREB1	RREB1
482	8	11.362567223875136	RREB1	RREB1
483	12	11.36003441362591	RREB1	RREB1
484	17	11.415561175763665	RREB1	RREB1
485	13	11.350764610631732	RREB1	RREB1
486	12	11.332475344760125	RREB1	RREB1
487	13	11.376300169298984	RREB1	RREB1
488	6	11.41631295923989	RREB1	RREB1
489	14	11.47115046357166	RREB1	RREB1
490	9	11.37953192247671	RREB1	RREB1
491	14	11.359411958637585	RREB1	RREB1
492	9	11.377040894156435	RREB1	RREB1
493	8	11.315765755710855	RREB1	RREB1
494	9	11.368085494858702	RREB1	RREB1
495	9	11.370868524416041	RREB1	RREB1
496	11	11.430402059919452	RREB1	RREB1
497	10	11.447867729010136	RREB1	RREB1
498	12	11.38400309212969	RREB1	RREB1
499	9	11.410818528730067	RREB1	RREB1
500	10	11.442882539152354	RREB1	RREB1
501	13	11.405643258409178	RREB1	RREB1
502	8	11.316741646169925	RREB1	RREB1
503	15	11.32683025281394	RREB1	RREB1
504	12	11.428256368749272	RREB1	RREB1
505	7	11.415066066546297	RREB1	RREB1
506	11	11.28735597872453	RREB1	RREB1
507	4	11.320135635947167	RREB1	RREB1
508	11	11.37080811159475	RREB1	RREB1
509	10	11.257440057569708	RREB1	RREB1
510	6	11.291739691214898	RREB1	RREB1
511	14	11.35167853605632	RREB1	RREB1
512	17	11.306062947182989	RREB1	RREB1
513	11	11.377149298955217	RREB1	RREB1
514	14	11.42681531009817	RREB1	RREB1
515	8	11.344558597666415	RREB1	RREB1
516	10	11.327604219071157	RREB1	RREB1
517	11	11.410763251531842	RREB1	RREB1
518	7	11.415473008293752	RREB1	RREB1
519	8	11.317083020890518	RREB1	RREB1
520	14	11.280008585969446	RREB1	RREB1
521	14	11.301911837922512	RREB1	RREB1
522	11	11.313767196877423	RREB1	RREB1
523	6	11.342834236497811	RREB1	RREB1
524	14	11.363306786122402	RREB1	RREB1
525	17	11.288007956217465	RREB1	RREB1
526	9	11.370544281249392	RREB1	RREB1
527	8	11.46362527966749	RREB1	RREB1
528	10	11.39594319977549	RREB1	RREB1
529	13	11.387696527120925	RREB1	RREB1
530	12	11.370775668149236	RREB1	RREB1
531	14	11.380281258946413	RREB1	RREB1
532	9	11.32392927261399	RREB1	RREB1
533	6	11.332587553718085	RREB1	RREB1
534	11	11.39059741272009	RREB1	RREB1
535	16	11.353366833557272	RREB1	RREB1
536	8	11.389176662605937	RREB1	RREB1
537	9	11.365524304412041	RREB1	RREB1
538	8	11.427552056660602	RREB1	RREB1
539	9	11.47625418653594	RREB1	RREB1
540	11	11.378438067522634	RREB1	RREB1
541	12	11.38765509460764	RREB1	RREB1
542	13	11.391516444865683	RREB1	RREB1
543	6	11.418580573677504	RREB1	RREB1
544	14	11.35097654727214	RREB1	RREB1
545	12	11.277286640598463	RREB1	RREB1
546	9	11.355732870406149	RREB1	RREB1
547	11	11.421799367006377	RREB1	RREB1
548	17	11.368789549143342	RREB1	RREB1
549	15	11.412205697841179	RREB1	RREB1
550	10	11.397256709394167	RREB1	RREB1
551	12	11.36220524903958	RREB1	RREB1
552	15	11.33174369339018	RREB1	RREB1
553	16	11.345979393446251	RREB1	RREB1
554	13	11.375825324036322	RREB1	RREB1
555	15	11.335120867265294	RREB1	RREB1
556	10	11.264101295835824	RREB1	RREB1
557	18	11.328487162096872	RREB1	RREB1
558	14	11.316363661586884	RREB1	RREB1
559	9	11.281386412909649	RREB1	RREB1
560	10	11.366924451247282	RREB1	RREB1
561	7	11.368185768572847	RREB1	RREB1
562	14	11.42621305186215	RREB1	RREB1
563	12	11.367221031536014	RREB1	RREB1
564	13	11.384114438921747	RREB1	RREB1
565	19	11.358496965396057	RREB1	RREB1
566	14	11.400218575574213	RREB1	RREB1
567	15	11.378093165610963	RREB1	RREB1
568	10	11.348618582212163	RREB1	RREB1
569	13	11.424719062763264	RREB1	RREB1
570	12	11.351746323204228	RREB1	RREB1
571	10	11.308495935295857	RREB1	RREB1
572	21	11.31477692751367	RREB1	RREB1
573	8	11.337888190962692	RREB1	RREB1
574	9	11.369455625797334	RREB1	RREB1
575	11	11.39981864680097	RREB1	RREB1
576	11	11.430909466779033	RREB1	RREB1
577	13	11.398428495393873	RREB1	RREB1
578	16	11.381390116572359	RREB1	RREB1
579	7	11.401304429071663	RREB1	RREB1
580	8	11.44129092717249	RREB1	RREB1
581	14	11.391955107672024	RREB1	RREB1
582	12	11.31236644936907	RREB1	RREB1
583	18	11.353415097040582	RREB1	RREB1
584	15	11.370113634132437	RREB1	RREB1
585	16	11.330990077474702	RREB1	RREB1
586	11	11.338547173022835	RREB1	RREB1
587	8	11.362236536453018	RREB1	RREB1
588	13	11.351680423740202	RREB1	RREB1
589	7	11.34481752163349	RREB1	RREB1
590	10	11.362504346337602	RREB1	RREB1
591	16	11.340070959470767	RREB1	RREB1
592	9	11.341007518081142	RREB1	RREB1
593	11	11.300581734600822	RREB1	RREB1
594	16	11.347831840953367	RREB1	RREB1
595	14	11.417697465588407	RREB1	RREB1
596	14	11.438797101648587	RREB1	RREB1
597	10	11.399148809453752	RREB1	RREB1
598	9	11.435018990221499	RREB1	RREB1
599	12	11.433600349356574	RREB1	RREB1
600	17	11.29407726199157	RREB1	RREB1
601	15	11.376530719582062	RREB1	RREB1
602	14	11.379659800602163	RREB1	RREB1
603	10	11.409209249941705	RREB1	RREB1
604	11	11.38218992286832	RREB1	RREB1
605	19	11.249816073433124	RREB1	RREB1
606	16	11.283922924691685	RREB1	RREB1
607	12	11.378912798866756	RREB1	RREB1
608	11	11.341408053514543	RREB1	RREB1
609	8	11.323775601789613	RREB1	RREB1
610	13	11.2413598491389	RREB1	RREB1
611	13	11.350518369362511	RREB1	RREB1
612	10	11.378456757531959	RREB1	RREB1
613	19	11.375700423186517	RREB1	RREB1
614	21	11.254610408926494	RREB1	RREB1
615	13	11.216489207427864	RREB1	RREB1
616	14	11.292710668508672	RREB1	RREB1
617	10	11.396904324496163	RREB1	RREB1
618	13	11.374007501381787	RREB1	RREB1
619	9	11.375295038143037	RREB1	RREB1
620	7	11.383197304502842	RREB1	RREB1
621	10	11.315194598836694	RREB1	RREB1
622	9	11.358513016629074	RREB1	RREB1
623	8	11.387864590425837	RREB1	RREB1
624	17	11.392804676065388	RREB1	RREB1
625	14	11.46693211736544	RREB1	RREB1
626	10	11.463230245266185	RREB1	RREB1
627	8	11.38887908246653	RREB1	RREB1
628	10	11.417735743495198	RREB1	RREB1
629	10	11.359498592826482	RREB1	RREB1
630	16	11.417429195593286	RREB1	RREB1
631	13	11.429838382393177	RREB1	RREB1
632	12	11.410004207002256	RREB1	RREB1
633	19	11.361361448313925	RREB1	RREB1
634	10	11.376030650470236	RREB1	RREB1
635	13	11.407451660343112	RREB1	RREB1
636	14	11.427370980930617	RREB1	RREB1
637	14	11.385788696073979	RREB1	RREB1
638	13	11.35681599203958	RREB1	RREB1
639	20	11.3403086294458	RREB1	RREB1
640	9	11.408018783916589	RREB1	RREB1
641	9	11.387497848607593	RREB1	RREB1
642	8	11.417109681659566	RREB1	RREB1
643	13	11.345330538825667	RREB1	RREB1
644	14	11.368349212414588	RREB1	RREB1
645	4	11.389863014499523	RREB1	RREB1
646	13	11.382514131667982	RREB1	RREB1
647	11	11.348353980231199	RREB1	RREB1
648	9	11.341630368548095	RREB1	RREB1
649	7	11.363183780798458	RREB1	RREB1
650	14	11.349801380716979	RREB1	RREB1
651	8	11.315981616601766	RREB1	RREB1
652	9	11.38523291593173	RREB1	RREB1
653	12	11.358588627949107	RREB1	RREB1
654	10	11.299022638190404	RREB1	RREB1
655	10	11.366963056503536	RREB1	RREB1
656	12	11.442114323802885	RREB1	RREB1
657	16	11.400762548362934	RREB1	RREB1
658	7	11.325980948273642	RREB1	RREB1
659	8	11.307494798692467	RREB1	RREB1
660	14	11.284099686673045	RREB1	RREB1
661	13	11.396687643734454	RREB1	RREB1
662	15	11.368824352589682	RREB1	RREB1
663	9	11.337838980152	RREB1	RREB1
664	9	11.34490195606374	RREB1	RREB1
665	14	11.29464006972351	RREB1	RREB1
666	10	11.284948174058659	RREB1	RREB1
667	17	11.315564162854665	RREB1	RREB1
668	10	11.335238892049125	RREB1	RREB1
669	14	11.313010833864936	RREB1	RREB1
670	13	11.274965757264322	RREB1	RREB1
671	16	11.3371084030573	RREB1	RREB1
672	13	11.433126653608966	RREB1	RREB1
673	10	11.456828369542736	RREB1	RREB1
674	10	11.364984638146007	RREB1	RREB1
675	13	11.367597587609165	RREB1	RREB1
676	10	11.388863438460065	RREB1	RREB1
677	12	11.356413348487994	RREB1	RREB1
678	12	11.367539293210994	RREB1	RREB1
679	11	11.369954288470197	RREB1	RREB1
680	13	11.40936122366039	RREB1	RREB1
681	12	11.346079506959752	RREB1	RREB1
682	15	11.424633326389998	RREB1	RREB1
683	10	11.384664754614509	RREB1	RREB1
684	15	11.393916272405958	RREB1	RREB1
685	14	11.452129637693245	RREB1	RREB1
686	8	11.44005451376142	RREB1	RREB1
687	14	11.323506426308551	RREB1	RREB1
688	10	11.400537845697025	RREB1	RREB1
689	16	11.378021074899872	RREB1	RREB1
690	17	11.461820886558614	RREB1	RREB1
691	13	11.425854571249387	RREB1	RREB1
692	7	11.28764380184432	RREB1	RREB1
693	15	11.336939726567163	RREB1	RREB1
694	8	11.439443000255002	RREB1	RREB1
695	7	11.417154121794852	RREB1	RREB1
696	10	11.363963523085145	RREB1	RREB1
697	5	11.335230268822386	RREB1	RREB1
698	12	11.27599029816616	RREB1	RREB1
699	11	11.314688955650498	RREB1	RREB1
700	14	11.333304624908264	RREB1	RREB1
701	9	11.293187075224399	RREB1	RREB1
702	12	11.34484817627546	RREB1	RREB1
703	12	11.381052644007552	RREB1	RREB1
704	12	11.418032196015355	RREB1	RREB1
705	17	11.330292694964722	RREB1	RREB1
706	12	11.386820652782601	RREB1	RREB1
707	13	11.427679906928404	RREB1	RREB1
708	17	11.415434718649538	RREB1	RREB1
709	9	11.447641472808797	RREB1	RREB1
710	9	11.403405392639142	RREB1	RREB1
711	9	11.343456871068794	RREB1	RREB1
712	19	11.427064186337722	RREB1	RREB1
713	11	11.368340642379179	RREB1	RREB1
714	15	11.253453299211282	RREB1	RREB1
715	9	11.32234932209215	RREB1	RREB1
716	16	11.272795948426063	RREB1	RREB1
717	10	11.37438381275465	RREB1	RREB1
718	12	11.41862977331006	RREB1	RREB1
719	11	11.348183832824034	RREB1	RREB1
720	8	11.30670757767604	RREB1	RREB1
721	10	11.329172374536148	RREB1	RREB1
722	13	11.338045522974785	RREB1	RREB1
723	10	11.35554289621471	RREB1	RREB1
724	13	11.337331753288318	RREB1	RREB1
725	2	11.352233796799293	RREB1	RREB1
726	8	11.38605321711984	RREB1	RREB1
727	14	11.394744638799107	RREB1	RREB1
728	18	11.328832241490275	RREB1	RREB1
729	16	11.336197377480737	RREB1	RREB1
730	13	11.337690634665602	RREB1	RREB1
731	15	11.407978728046576	RREB1	RREB1
732	12	11.341627755853022	RREB1	RREB1
733	12	11.292394075658079	RREB1	RREB1
734	8	11.33036495186405	RREB1	RREB1
735	9	11.329457671045537	RREB1	RREB1
736	6	11.306092783898103	RREB1	RREB1
737	12	11.328242507551453	RREB1	RREB1
738	10	11.25583869755751	RREB1	RREB1
739	12	11.304181219381215	RREB1	RREB1
740	14	11.44109420231409	RREB1	RREB1
741	13	11.463010763160664	RREB1	RREB1
742	13	11.426993467891426	RREB1	RREB1
743	8	11.395337428680808	RREB1	RREB1
744	16	11.367445121343511	RREB1	RREB1
745	8	11.373729022828908	RREB1	RREB1
746	4	11.35052388302538	RREB1	RREB1
747	14	11.45150621525619	RREB1	RREB1
748	12	11.423985887292165	RREB1	RREB1
749	14	11.361904675731838	RREB1	RREB1
750	14	11.377634662586953	RREB1	RREB1
751	14	11.41032219474293	RREB1	RREB1
752	16	11.359250431209794	RREB1	RREB1
753	22	11.35898707900288	RREB1	RREB1
754	13	11.314317691318974	RREB1	RREB1
755	19	11.3621081507905	RREB1	RREB1
756	13	11.266272470612979	RREB1	RREB1
757	11	11.38062860729169	RREB1	RREB1
758	10	11.360840699252595	RREB1	RREB1
759	8	11.420053854762825	RREB1	RREB1
760	11	11.359185774278401	RREB1	RREB1
761	11	11.331012701787579	RREB1	RREB1
762	12	11.380546506543354	RREB1	RREB1
763	13	11.351496521444584	RREB1	RREB1
764	11	11.290012981392657	RREB1	RREB1
765	9	11.325963149585254	RREB1	RREB1
766	9	11.326545841426467	RREB1	RREB1
767	13	11.321675723619398	RREB1	RREB1
768	10	11.398133032049431	RREB1	RREB1
769	8	11.391905871446347	RREB1	RREB1
770	5	11.310006116941892	RREB1	RREB1
771	10	11.275406587456347	RREB1	RREB1
772	7	11.310262719345513	RREB1	RREB1
773	12	11.33640800239051	RREB1	RREB1
774	7	11.361087143781353	RREB1	RREB1
775	11	11.319872594955008	RREB1	RREB1
776	12	11.391115772088105	RREB1	RREB1
777	7	11.371376253879019	RREB1	RREB1
778	15	11.413650904949732	RREB1	RREB1
779	5	11.409513405430005	RREB1	RREB1
780	8	11.421834967065665	RREB1	RREB1
781	11	11.400735790435965	RREB1	RREB1
782	13	11.361576789964204	RREB1	RREB1
783	13	11.350649763957863	RREB1	RREB1
784	5	11.436589300649942	RREB1	RREB1
785	10	11.400159191851749	RREB1	RREB1
786	11	11.312091156229723	RREB1	RREB1
787	14	11.36428668881252	RREB1	RREB1
788	15	11.497101016834433	RREB1	RREB1
789	12	11.366123059415344	RREB1	RREB1
790	8	11.324816818487156	RREB1	RREB1
791	12	11.381195732775987	RREB1	RREB1
792	12	11.368217956273112	RREB1	RREB1
793	9	11.384767194654048	RREB1	RREB1
794	11	11.331068024926783	RREB1	RREB1
795	10	11.250360125998801	RREB1	RREB1
796	12	11.333851141991362	RREB1	RREB1
797	9	11.317958198570576	RREB1	RREB1
798	9	11.333279721555845	RREB1	RREB1
799	9	11.412674525793316	RREB1	RREB1
800	5	11.430824868473561	RREB1	RREB1
801	14	11.388856569309551	RREB1	RREB1
802	10	11.415001198061136	RREB1	RREB1
803	8	11.330310481936616	RREB1	RREB1
804	9	11.206751130975698	RREB1	RREB1
805	11	11.340128810488324	RREB1	RREB1
806	15	11.323872770769016	RREB1	RREB1
807	11	11.319627372377884	RREB1	RREB1
808	6	11.303843541785307	RREB1	RREB1
809	13	11.308356644171672	RREB1	RREB1
810	11	11.30404375234749	RREB1	RREB1
811	13	11.377528110338089	RREB1	RREB1
812	9	11.42577683393934	RREB1	RREB1
813	20	11.416122532090828	RREB1	RREB1
814	10	11.414315662213241	RREB1	RREB1
815	7	11.417221853082836	RREB1	RREB1
816	8	11.302419111005909	RREB1	RREB1
817	6	11.358920158704345	RREB1	RREB1
818	11	11.314759468391845	RREB1	RREB1
819	16	11.333473078385355	RREB1	RREB1
820	17	11.241017552014855	RREB1	RREB1
821	11	11.261530231973483	RREB1	RREB1
822	8	11.353417036326213	RREB1	RREB1
823	11	11.432401468357943	RREB1	RREB1
824	16	11.371226008161313	RREB1	RREB1
825	11	11.349135004950742	RREB1	RREB1
826	17	11.342336525186584	RREB1	RREB1
827	8	11.351166493924108	RREB1	RREB1
828	9	11.289960187387361	RREB1	RREB1
829	15	11.357345622892373	RREB1	RREB1
830	11	11.391121014246426	RREB1	RREB1
831	13	11.397523217574408	RREB1	RREB1
832	8	11.35563604266606	RREB1	RREB1
833	5	11.332260449251853	RREB1	RREB1
834	19	11.303719928138854	RREB1	RREB1
835	5	11.2992479163355	RREB1	RREB1
836	7	11.28725126538605	RREB1	RREB1
837	10	11.36266621352498	RREB1	RREB1
838	16	11.353002549978445	RREB1	RREB1
839	8	11.406639539622343	RREB1	RREB1
840	13	11.318524471893133	RREB1	RREB1
841	17	11.362365638403519	RREB1	RREB1
842	11	11.431138886420388	RREB1	RREB1
843	15	11.389757545346233	RREB1	RREB1
844	16	11.369106997701692	RREB1	RREB1
845	15	11.347450097838534	RREB1	RREB1
846	11	11.361992005755106	RREB1	RREB1
847	14	11.414565030274316	RREB1	RREB1
848	12	11.402830529895974	RREB1	RREB1
849	10	11.353801346889574	RREB1	RREB1
850	7	11.36891658560767	RREB1	RREB1
851	7	11.357207276925186	RREB1	RREB1
852	10	11.312421207082677	RREB1	RREB1
853	11	11.397092673764838	RREB1	RREB1
854	12	11.350994071377473	RREB1	RREB1
855	5	11.302564597937529	RREB1	RREB1
856	9	11.265658399518204	RREB1	RREB1
857	12	11.377613611475342	RREB1	RREB1
858	11	11.3708429215152	RREB1	RREB1
859	9	11.47044914877634	RREB1	RREB1
860	15	11.466654917069196	RREB1	RREB1
861	10	11.331343108578116	RREB1	RREB1
862	7	11.283409934741549	RREB1	RREB1
863	14	11.330926325179112	RREB1	RREB1
864	15	11.309797519367546	RREB1	RREB1
865	19	11.420410158351677	RREB1	RREB1
866	7	11.424421330298099	RREB1	RREB1
867	11	11.374676845029512	RREB1	RREB1
868	11	11.392290148229808	RREB1	RREB1
869	12	11.424182371087209	RREB1	RREB1
870	12	11.408576897064686	RREB1	RREB1
871	11	11.381114135112801	RREB1	RREB1
872	7	11.363738606967647	RREB1	RREB1
873	13	11.314811544275402	RREB1	RREB1
874	10	11.396611991373932	RREB1	RREB1
875	8	11.42372533977161	RREB1	RREB1
876	13	11.300764984966145	RREB1	RREB1
877	7	11.316257376369203	RREB1	RREB1
878	13	11.293169559489577	RREB1	RREB1
879	7	11.256494140676331	RREB1	RREB1
880	13	11.346565172670593	RREB1	RREB1
881	9	11.369477270073757	RREB1	RREB1
882	19	11.423805340480497	RREB1	RREB1
883	14	11.465281137050237	RREB1	RREB1
884	9	11.356482149246684	RREB1	RREB1
885	13	11.280119005324458	RREB1	RREB1
886	9	11.3036775286447	RREB1	RREB1
887	11	11.320700621351437	RREB1	RREB1
888	11	11.27970775543166	RREB1	RREB1
889	14	11.383582140654976	RREB1	RREB1
890	11	11.39724245397278	RREB1	RREB1
891	9	11.38385565041766	RREB1	RREB1
892	11	11.320894783189493	RREB1	RREB1
893	9	11.415450015717152	RREB1	RREB1
894	17	11.41422435423169	RREB1	RREB1
895	9	11.43921990903641	RREB1	RREB1
896	12	11.350265178256299	RREB1	RREB1
897	16	11.321240143198922	RREB1	RREB1
898	13	11.296579827070165	RREB1	RREB1
899	14	11.384547936834776	RREB1	RREB1
900	14	11.386039817975963	RREB1	RREB1
901	18	11.37672656012534	RREB1	RREB1
902	9	11.346205185625996	RREB1	RREB1
903	13	11.370299666155063	RREB1	RREB1
904	12	11.39521085392312	RREB1	RREB1
905	9	11.39729656154988	RREB1	RREB1
906	11	11.433715017868984	RREB1	RREB1
907	16	11.358382542311183	RREB1	RREB1
908	10	11.389418496826284	RREB1	RREB1
909	17	11.41983626310746	RREB1	RREB1
910	10	11.347140850741726	RREB1	RREB1
911	9	11.37853465667438	RREB1	RREB1
912	14	11.397959094123026	RREB1	RREB1
913	24	11.389604988518178	RREB1	RREB1
914	17	11.403305854774883	RREB1	RREB1
915	6	11.372876517147281	RREB1	RREB1
916	9	11.34342640785324	RREB1	RREB1
917	7	11.273984344224226	RREB1	RREB1
918	16	11.346349523149566	RREB1	RREB1
919	5	11.387808448652368	RREB1	RREB1
920	8	11.322187905872918	RREB1	RREB1
921	13	11.265913683691362	RREB1	RREB1
922	11	11.298680603288759	RREB1	RREB1
923	15	11.288833581010735	RREB1	RREB1
924	9	11.339527151259226	RREB1	RREB1
925	16	11.351063563550033	RREB1	RREB1
926	9	11.399375038585964	RREB1	RREB1
927	8	11.304898746804504	RREB1	RREB1
928	7	11.35354035983795	RREB1	RREB1
929	13	11.391108119139835	RREB1	RREB1
930	13	11.38156344452703	RREB1	RREB1
931	8	11.402915768128716	RREB1	RREB1
932	18	11.410388374011303	RREB1	RREB1
933	10	11.350237639583987	RREB1	RREB1
934	13	11.377443310402688	RREB1	RREB1
935	14	11.446046788002826	RREB1	RREB1
936	11	11.455993830875775	RREB1	RREB1
937	6	11.381591650564472	RREB1	RREB1
938	6	11.32652147963986	RREB1	RREB1
939	13	11.362349623489646	RREB1	RREB1
940	12	11.401524858998789	RREB1	RREB1
941	10	11.39386196721225	RREB1	RREB1
942	9	11.402799643295365	RREB1	RREB1
943	15	11.34898532441421	RREB1	RREB1
944	8	11.312950443506569	RREB1	RREB1
945	10	11.344537731763317	RREB1	RREB1
946	13	11.377396097592342	RREB1	RREB1
947	14	11.342478115498183	RREB1	RREB1
948	5	11.41504419727546	RREB1	RREB1
949	11	11.400298538669915	RREB1	RREB1
950	11	11.391829120001413	RREB1	RREB1
951	13	11.362307416948708	RREB1	RREB1
952	16	11.302497928844554	RREB1	RREB1
953	11	11.303109897136443	RREB1	RREB1
954	11	11.359423955875434	RREB1	RREB1
955	17	11.335242740494529	RREB1	RREB1
956	12	11.363470043344401	RREB1	RREB1
957	10	11.328847500514913	RREB1	RREB1
958	14	11.236624376344233	RREB1	RREB1
959	15	11.315120248132391	RREB1	RREB1
960	12	11.405687507392267	RREB1	RREB1
961	11	11.376853014662526	RREB1	RREB1
962	9	11.353526009027442	RREB1	RREB1
963	23	11.362964370238407	RREB1	RREB1
964	14	11.421850721551376	RREB1	RREB1
965	12	11.372799691595946	RREB1	RREB1
966	8	11.391338056122306	RREB1	RREB1
967	14	11.361410846841258	RREB1	RREB1
968	10	11.330615392818867	RREB1	RREB1
969	14	11.296003772823886	RREB1	RREB1
970	15	11.345750007915642	RREB1	RREB1
971	16	11.43897070020789	RREB1	RREB1
972	8	11.366562557845059	RREB1	RREB1
973	10	11.403462586689797	RREB1	RREB1
974	10	11.402173081781045	RREB1	RREB1
975	9	11.328555795215241	RREB1	RREB1
976	10	11.40002838463839	RREB1	RREB1
977	10	11.344532168837826	RREB1	RREB1
978	11	11.356537879209736	RREB1	RREB1
979	9	11.37697235242844	RREB1	RREB1
980	8	11.445618384575235	RREB1	RREB1
981	10	11.404804384011973	RREB1	RREB1
982	10	11.471580160756426	RREB1	RREB1
983	12	11.380157321174192	RREB1	RREB1
984	11	11.333324675957922	RREB1	RREB1
985	15	11.365542150860229	RREB1	RREB1
986	17	11.365001797531976	RREB1	RREB1
987	14	11.430126205596967	RREB1	RREB1
988	12	11.365098016972746	RREB1	RREB1
989	7	11.368327870659407	RREB1	RREB1
990	15	11.373634096284869	RREB1	RREB1
991	14	11.299676282886338	RREB1	RREB1
992	10	11.2831887044568	RREB1	RREB1
993	9	11.35639614883514	RREB1	RREB1
994	12	11.453537089504735	RREB1	RREB1
995	13	11.384521245286743	RREB1	RREB1
996	13	11.311874279343638	RREB1	RREB1
997	14	11.353119863250347	RREB1	RREB1
998	12	11.376778171022508	RREB1	RREB1
999	12	11.339419659601003	RREB1	RREB1
1000	11	11.332318361785646	RREB1	RREB1
-1000	17	21.414675817659493	ZNF143	ZNF143
-999	22	21.285536907985875	ZNF143	ZNF143
-998	22	21.35678176813513	ZNF143	ZNF143
-997	15	21.39502528852411	ZNF143	ZNF143
-996	27	21.395256480825683	ZNF143	ZNF143
-995	24	21.27250102082018	ZNF143	ZNF143
-994	20	21.28921065170236	ZNF143	ZNF143
-993	19	21.291593797645568	ZNF143	ZNF143
-992	23	21.324279617892667	ZNF143	ZNF143
-991	26	21.351904040466238	ZNF143	ZNF143
-990	20	21.254365029848117	ZNF143	ZNF143
-989	30	21.32328575745837	ZNF143	ZNF143
-988	18	21.255966531750687	ZNF143	ZNF143
-987	19	21.294200338146933	ZNF143	ZNF143
-986	20	21.35333399312526	ZNF143	ZNF143
-985	24	21.336185036776385	ZNF143	ZNF143
-984	17	21.432416542304995	ZNF143	ZNF143
-983	19	21.369669451957773	ZNF143	ZNF143
-982	21	21.33885276439278	ZNF143	ZNF143
-981	19	21.398262876434647	ZNF143	ZNF143
-980	20	21.38698190922602	ZNF143	ZNF143
-979	26	21.477604521849702	ZNF143	ZNF143
-978	23	21.368608555933985	ZNF143	ZNF143
-977	16	21.323854724656712	ZNF143	ZNF143
-976	11	21.238325905348464	ZNF143	ZNF143
-975	23	21.380382459141128	ZNF143	ZNF143
-974	19	21.452235017458673	ZNF143	ZNF143
-973	25	21.385078691591207	ZNF143	ZNF143
-972	21	21.420932198484365	ZNF143	ZNF143
-971	24	21.321163244359926	ZNF143	ZNF143
-970	24	21.436789419921524	ZNF143	ZNF143
-969	26	21.405900184657423	ZNF143	ZNF143
-968	14	21.398392822361583	ZNF143	ZNF143
-967	19	21.354169343343848	ZNF143	ZNF143
-966	19	21.291392953763367	ZNF143	ZNF143
-965	22	21.300397562614204	ZNF143	ZNF143
-964	23	21.385253928716057	ZNF143	ZNF143
-963	17	21.404718723803658	ZNF143	ZNF143
-962	24	21.350631667353486	ZNF143	ZNF143
-961	18	21.241284291828375	ZNF143	ZNF143
-960	16	21.235449121318695	ZNF143	ZNF143
-959	14	21.313382518288513	ZNF143	ZNF143
-958	18	21.357817200020136	ZNF143	ZNF143
-957	23	21.34625721184226	ZNF143	ZNF143
-956	16	21.21672296963588	ZNF143	ZNF143
-955	16	21.218719456957164	ZNF143	ZNF143
-954	22	21.313815213123338	ZNF143	ZNF143
-953	15	21.20477175108293	ZNF143	ZNF143
-952	16	21.30580900339396	ZNF143	ZNF143
-951	24	21.3391131466098	ZNF143	ZNF143
-950	24	21.28968664818115	ZNF143	ZNF143
-949	19	21.309903412684935	ZNF143	ZNF143
-948	24	21.324558340712333	ZNF143	ZNF143
-947	25	21.282851472493533	ZNF143	ZNF143
-946	22	21.28755026716907	ZNF143	ZNF143
-945	22	21.40196447954255	ZNF143	ZNF143
-944	23	21.3025926398981	ZNF143	ZNF143
-943	20	21.349548145312788	ZNF143	ZNF143
-942	19	21.322326874679455	ZNF143	ZNF143
-941	32	21.224728218741767	ZNF143	ZNF143
-940	28	21.203717895062155	ZNF143	ZNF143
-939	18	21.256768816280264	ZNF143	ZNF143
-938	21	21.431234914100834	ZNF143	ZNF143
-937	17	21.374630731128814	ZNF143	ZNF143
-936	21	21.40356983661507	ZNF143	ZNF143
-935	19	21.341566839766923	ZNF143	ZNF143
-934	19	21.30145381007815	ZNF143	ZNF143
-933	15	21.23973094288295	ZNF143	ZNF143
-932	19	21.20933938633325	ZNF143	ZNF143
-931	22	21.353387757328814	ZNF143	ZNF143
-930	29	21.38731521598876	ZNF143	ZNF143
-929	20	21.270863703374875	ZNF143	ZNF143
-928	19	21.269083670365283	ZNF143	ZNF143
-927	26	21.285394711909575	ZNF143	ZNF143
-926	20	21.23156410554189	ZNF143	ZNF143
-925	21	21.36771872700939	ZNF143	ZNF143
-924	22	21.32738002057566	ZNF143	ZNF143
-923	17	21.316958068464185	ZNF143	ZNF143
-922	20	21.422517909322547	ZNF143	ZNF143
-921	19	21.420948981202965	ZNF143	ZNF143
-920	29	21.447901692745884	ZNF143	ZNF143
-919	15	21.374236024789376	ZNF143	ZNF143
-918	17	21.430708261102172	ZNF143	ZNF143
-917	19	21.4149697961156	ZNF143	ZNF143
-916	17	21.317508557135742	ZNF143	ZNF143
-915	20	21.353412209557618	ZNF143	ZNF143
-914	24	21.335832209000085	ZNF143	ZNF143
-913	27	21.393133592934767	ZNF143	ZNF143
-912	16	21.40273880995057	ZNF143	ZNF143
-911	12	21.448024841546733	ZNF143	ZNF143
-910	20	21.49480408819794	ZNF143	ZNF143
-909	13	21.430981274040587	ZNF143	ZNF143
-908	24	21.459507302361796	ZNF143	ZNF143
-907	19	21.36488438022953	ZNF143	ZNF143
-906	20	21.347092532222252	ZNF143	ZNF143
-905	23	21.39922394491491	ZNF143	ZNF143
-904	17	21.366892869385385	ZNF143	ZNF143
-903	21	21.344927703758696	ZNF143	ZNF143
-902	12	21.392566113198324	ZNF143	ZNF143
-901	21	21.3276220302805	ZNF143	ZNF143
-900	19	21.43109053382726	ZNF143	ZNF143
-899	23	21.43759458900553	ZNF143	ZNF143
-898	33	21.323035436749393	ZNF143	ZNF143
-897	17	21.445236778498415	ZNF143	ZNF143
-896	21	21.457991743070206	ZNF143	ZNF143
-895	17	21.408192626808617	ZNF143	ZNF143
-894	21	21.268503324569725	ZNF143	ZNF143
-893	15	21.3333855718395	ZNF143	ZNF143
-892	19	21.397336610589495	ZNF143	ZNF143
-891	28	21.38844956957839	ZNF143	ZNF143
-890	23	21.253605296246374	ZNF143	ZNF143
-889	28	21.29645224941384	ZNF143	ZNF143
-888	23	21.41883284950315	ZNF143	ZNF143
-887	24	21.47886643753339	ZNF143	ZNF143
-886	23	21.39776409087452	ZNF143	ZNF143
-885	10	21.361932371550683	ZNF143	ZNF143
-884	24	21.399850911372962	ZNF143	ZNF143
-883	29	21.424843238160935	ZNF143	ZNF143
-882	23	21.258091798322234	ZNF143	ZNF143
-881	19	21.24795458339312	ZNF143	ZNF143
-880	21	21.329253664444458	ZNF143	ZNF143
-879	11	21.38095242791706	ZNF143	ZNF143
-878	24	21.375328512903266	ZNF143	ZNF143
-877	21	21.326254657062524	ZNF143	ZNF143
-876	16	21.325420248183363	ZNF143	ZNF143
-875	19	21.319457005851202	ZNF143	ZNF143
-874	17	21.386327748185355	ZNF143	ZNF143
-873	27	21.39027409983562	ZNF143	ZNF143
-872	16	21.394376701630403	ZNF143	ZNF143
-871	17	21.415271830674776	ZNF143	ZNF143
-870	24	21.3345858479569	ZNF143	ZNF143
-869	14	21.478963414483264	ZNF143	ZNF143
-868	18	21.279779225649552	ZNF143	ZNF143
-867	29	21.23859567755391	ZNF143	ZNF143
-866	19	21.21688670063086	ZNF143	ZNF143
-865	20	21.350013783896756	ZNF143	ZNF143
-864	27	21.462432721712418	ZNF143	ZNF143
-863	17	21.243303049646116	ZNF143	ZNF143
-862	19	21.213491701677107	ZNF143	ZNF143
-861	22	21.23683339563111	ZNF143	ZNF143
-860	15	21.168187458476883	ZNF143	ZNF143
-859	19	21.219178822777074	ZNF143	ZNF143
-858	18	21.377774090975898	ZNF143	ZNF143
-857	20	21.3437599050521	ZNF143	ZNF143
-856	24	21.439092906481825	ZNF143	ZNF143
-855	22	21.385767915795057	ZNF143	ZNF143
-854	21	21.357032230123558	ZNF143	ZNF143
-853	21	21.32325391458085	ZNF143	ZNF143
-852	19	21.28697620401537	ZNF143	ZNF143
-851	23	21.305413632166093	ZNF143	ZNF143
-850	26	21.165226546893525	ZNF143	ZNF143
-849	19	21.282286735837516	ZNF143	ZNF143
-848	16	21.347763012546206	ZNF143	ZNF143
-847	26	21.367363778895662	ZNF143	ZNF143
-846	23	21.404699946622316	ZNF143	ZNF143
-845	26	21.46184780972247	ZNF143	ZNF143
-844	24	21.36524179041439	ZNF143	ZNF143
-843	23	21.32019057979432	ZNF143	ZNF143
-842	17	21.33177576041316	ZNF143	ZNF143
-841	18	21.33118706534124	ZNF143	ZNF143
-840	18	21.3486746804154	ZNF143	ZNF143
-839	14	21.317820505654158	ZNF143	ZNF143
-838	20	21.365003476634794	ZNF143	ZNF143
-837	11	21.34172334044492	ZNF143	ZNF143
-836	24	21.2586273702435	ZNF143	ZNF143
-835	29	21.26358915210644	ZNF143	ZNF143
-834	27	21.240728147822786	ZNF143	ZNF143
-833	26	21.219634153548736	ZNF143	ZNF143
-832	25	21.257669472505295	ZNF143	ZNF143
-831	20	21.343113792329152	ZNF143	ZNF143
-830	19	21.420541200342164	ZNF143	ZNF143
-829	22	21.352998165393636	ZNF143	ZNF143
-828	18	21.365457880416105	ZNF143	ZNF143
-827	26	21.31168320275186	ZNF143	ZNF143
-826	28	21.369359094939988	ZNF143	ZNF143
-825	22	21.359878745595662	ZNF143	ZNF143
-824	19	21.357983232861784	ZNF143	ZNF143
-823	18	21.345402634015713	ZNF143	ZNF143
-822	17	21.348435904695005	ZNF143	ZNF143
-821	27	21.349562796215675	ZNF143	ZNF143
-820	26	21.393005212986058	ZNF143	ZNF143
-819	21	21.37612490552737	ZNF143	ZNF143
-818	20	21.34893900830477	ZNF143	ZNF143
-817	23	21.342686093843156	ZNF143	ZNF143
-816	18	21.361602319231398	ZNF143	ZNF143
-815	26	21.38645853258073	ZNF143	ZNF143
-814	18	21.36534311600713	ZNF143	ZNF143
-813	20	21.365459473412077	ZNF143	ZNF143
-812	17	21.306118122104404	ZNF143	ZNF143
-811	22	21.308345579650748	ZNF143	ZNF143
-810	27	21.27736726364063	ZNF143	ZNF143
-809	21	21.36449079876288	ZNF143	ZNF143
-808	16	21.425355158946783	ZNF143	ZNF143
-807	26	21.385413627051634	ZNF143	ZNF143
-806	22	21.239531610017913	ZNF143	ZNF143
-805	27	21.23452270364518	ZNF143	ZNF143
-804	20	21.431207168909026	ZNF143	ZNF143
-803	19	21.34436660416869	ZNF143	ZNF143
-802	18	21.238627054571914	ZNF143	ZNF143
-801	21	21.334946074346163	ZNF143	ZNF143
-800	26	21.339429036758343	ZNF143	ZNF143
-799	20	21.312511432458376	ZNF143	ZNF143
-798	26	21.28465914574367	ZNF143	ZNF143
-797	30	21.20749972099114	ZNF143	ZNF143
-796	24	21.303972507651885	ZNF143	ZNF143
-795	15	21.391852906584802	ZNF143	ZNF143
-794	22	21.39098774802766	ZNF143	ZNF143
-793	16	21.430539496549535	ZNF143	ZNF143
-792	26	21.342802764813502	ZNF143	ZNF143
-791	12	21.379099991342635	ZNF143	ZNF143
-790	15	21.361057516533393	ZNF143	ZNF143
-789	19	21.34949964693422	ZNF143	ZNF143
-788	11	21.436889382929778	ZNF143	ZNF143
-787	16	21.411503829735175	ZNF143	ZNF143
-786	28	21.3552429876394	ZNF143	ZNF143
-785	25	21.389622248392754	ZNF143	ZNF143
-784	19	21.251961362059763	ZNF143	ZNF143
-783	26	21.246628152876546	ZNF143	ZNF143
-782	20	21.296674617575313	ZNF143	ZNF143
-781	16	21.277727388900754	ZNF143	ZNF143
-780	22	21.248073669693003	ZNF143	ZNF143
-779	27	21.249631938801187	ZNF143	ZNF143
-778	17	21.31150608622973	ZNF143	ZNF143
-777	24	21.292855371639387	ZNF143	ZNF143
-776	21	21.233816660820857	ZNF143	ZNF143
-775	28	21.365957990933623	ZNF143	ZNF143
-774	20	21.43082553035247	ZNF143	ZNF143
-773	19	21.27230276272579	ZNF143	ZNF143
-772	25	21.27319294781131	ZNF143	ZNF143
-771	13	21.29172185719442	ZNF143	ZNF143
-770	17	21.34234674350124	ZNF143	ZNF143
-769	24	21.33894352012558	ZNF143	ZNF143
-768	21	21.259783958270262	ZNF143	ZNF143
-767	23	21.316100470458384	ZNF143	ZNF143
-766	24	21.508435466711415	ZNF143	ZNF143
-765	26	21.41203134877235	ZNF143	ZNF143
-764	16	21.318661789344905	ZNF143	ZNF143
-763	20	21.32316174768556	ZNF143	ZNF143
-762	20	21.326818079486188	ZNF143	ZNF143
-761	20	21.305318426941003	ZNF143	ZNF143
-760	20	21.373822643368904	ZNF143	ZNF143
-759	24	21.38404497924663	ZNF143	ZNF143
-758	28	21.392186114080427	ZNF143	ZNF143
-757	17	21.36444744589065	ZNF143	ZNF143
-756	17	21.315198247293413	ZNF143	ZNF143
-755	26	21.205462825467347	ZNF143	ZNF143
-754	23	21.266906863494253	ZNF143	ZNF143
-753	27	21.207643482051335	ZNF143	ZNF143
-752	27	21.216330540317202	ZNF143	ZNF143
-751	19	21.275992764150114	ZNF143	ZNF143
-750	16	21.321982856389425	ZNF143	ZNF143
-749	27	21.310990109810128	ZNF143	ZNF143
-748	22	21.23525003740739	ZNF143	ZNF143
-747	17	21.254493425717335	ZNF143	ZNF143
-746	23	21.334714322183313	ZNF143	ZNF143
-745	18	21.329033549953483	ZNF143	ZNF143
-744	20	21.361969469267695	ZNF143	ZNF143
-743	17	21.456968076784307	ZNF143	ZNF143
-742	19	21.245290380601766	ZNF143	ZNF143
-741	14	21.191748176417807	ZNF143	ZNF143
-740	31	21.349278105516557	ZNF143	ZNF143
-739	22	21.290290497942234	ZNF143	ZNF143
-738	20	21.240915189665163	ZNF143	ZNF143
-737	14	21.32506095876985	ZNF143	ZNF143
-736	22	21.350377617342215	ZNF143	ZNF143
-735	22	21.334314045094224	ZNF143	ZNF143
-734	24	21.345973881371467	ZNF143	ZNF143
-733	21	21.416301759910642	ZNF143	ZNF143
-732	16	21.405293333918195	ZNF143	ZNF143
-731	15	21.30049992664781	ZNF143	ZNF143
-730	23	21.26989755817485	ZNF143	ZNF143
-729	24	21.334221105326407	ZNF143	ZNF143
-728	24	21.45358985835903	ZNF143	ZNF143
-727	24	21.442029588342326	ZNF143	ZNF143
-726	14	21.27672721825482	ZNF143	ZNF143
-725	17	21.366117486225384	ZNF143	ZNF143
-724	21	21.3870914203648	ZNF143	ZNF143
-723	21	21.269180830482387	ZNF143	ZNF143
-722	19	21.190136792385044	ZNF143	ZNF143
-721	27	21.292435428344294	ZNF143	ZNF143
-720	26	21.289782105624113	ZNF143	ZNF143
-719	20	21.286802221550246	ZNF143	ZNF143
-718	27	21.281650602473476	ZNF143	ZNF143
-717	18	21.41739224986948	ZNF143	ZNF143
-716	20	21.335275512914716	ZNF143	ZNF143
-715	28	21.21597612552742	ZNF143	ZNF143
-714	25	21.236985286861433	ZNF143	ZNF143
-713	25	21.27769463680728	ZNF143	ZNF143
-712	20	21.361442808056058	ZNF143	ZNF143
-711	25	21.433313116620567	ZNF143	ZNF143
-710	26	21.342679983633964	ZNF143	ZNF143
-709	17	21.31647537982933	ZNF143	ZNF143
-708	22	21.273499235092128	ZNF143	ZNF143
-707	25	21.30572010944352	ZNF143	ZNF143
-706	23	21.319644991983182	ZNF143	ZNF143
-705	18	21.361658215476602	ZNF143	ZNF143
-704	23	21.369279230631317	ZNF143	ZNF143
-703	15	21.419554825260832	ZNF143	ZNF143
-702	18	21.41331713845102	ZNF143	ZNF143
-701	25	21.388414705251094	ZNF143	ZNF143
-700	21	21.287703757625806	ZNF143	ZNF143
-699	20	21.254449726423367	ZNF143	ZNF143
-698	19	21.26711767544775	ZNF143	ZNF143
-697	20	21.31199257488351	ZNF143	ZNF143
-696	22	21.369434250026615	ZNF143	ZNF143
-695	19	21.328791027701534	ZNF143	ZNF143
-694	17	21.390806161976347	ZNF143	ZNF143
-693	22	21.389896947251152	ZNF143	ZNF143
-692	24	21.33325384138671	ZNF143	ZNF143
-691	14	21.343287000733753	ZNF143	ZNF143
-690	19	21.404505783786053	ZNF143	ZNF143
-689	21	21.343969253390146	ZNF143	ZNF143
-688	25	21.302960239856198	ZNF143	ZNF143
-687	16	21.42314262445973	ZNF143	ZNF143
-686	17	21.446941814457368	ZNF143	ZNF143
-685	22	21.353400792870936	ZNF143	ZNF143
-684	12	21.408908103833618	ZNF143	ZNF143
-683	22	21.299633939251212	ZNF143	ZNF143
-682	24	21.264725353238006	ZNF143	ZNF143
-681	18	21.360675538766067	ZNF143	ZNF143
-680	30	21.388967896599542	ZNF143	ZNF143
-679	22	21.28717766026492	ZNF143	ZNF143
-678	31	21.315545758300683	ZNF143	ZNF143
-677	21	21.381192780343618	ZNF143	ZNF143
-676	19	21.273443544466158	ZNF143	ZNF143
-675	17	21.252523800659013	ZNF143	ZNF143
-674	20	21.236055942038522	ZNF143	ZNF143
-673	14	21.277862283528627	ZNF143	ZNF143
-672	16	21.31392898878459	ZNF143	ZNF143
-671	21	21.364827911255432	ZNF143	ZNF143
-670	19	21.328023537623658	ZNF143	ZNF143
-669	14	21.361823291626862	ZNF143	ZNF143
-668	28	21.3662339318984	ZNF143	ZNF143
-667	22	21.370897063421598	ZNF143	ZNF143
-666	23	21.28859348718132	ZNF143	ZNF143
-665	20	21.30518419538566	ZNF143	ZNF143
-664	19	21.38192274241317	ZNF143	ZNF143
-663	24	21.242252437205835	ZNF143	ZNF143
-662	13	21.258179653981227	ZNF143	ZNF143
-661	14	21.3671685285789	ZNF143	ZNF143
-660	17	21.31123655156409	ZNF143	ZNF143
-659	24	21.40589015074546	ZNF143	ZNF143
-658	20	21.475659005178727	ZNF143	ZNF143
-657	26	21.36892970232382	ZNF143	ZNF143
-656	23	21.166769819604966	ZNF143	ZNF143
-655	22	21.41132520602025	ZNF143	ZNF143
-654	18	21.393258920225932	ZNF143	ZNF143
-653	26	21.342444136390192	ZNF143	ZNF143
-652	21	21.28618972324999	ZNF143	ZNF143
-651	21	21.30899116907506	ZNF143	ZNF143
-650	24	21.304083813319924	ZNF143	ZNF143
-649	12	21.28818640025546	ZNF143	ZNF143
-648	12	21.203901427013335	ZNF143	ZNF143
-647	22	21.27266597121174	ZNF143	ZNF143
-646	25	21.45581530943903	ZNF143	ZNF143
-645	18	21.39356278861468	ZNF143	ZNF143
-644	16	21.269894433297114	ZNF143	ZNF143
-643	22	21.15791113732721	ZNF143	ZNF143
-642	29	21.350438562069094	ZNF143	ZNF143
-641	27	21.393602588983168	ZNF143	ZNF143
-640	14	21.28638880030014	ZNF143	ZNF143
-639	21	21.242688668702794	ZNF143	ZNF143
-638	18	21.361166177150846	ZNF143	ZNF143
-637	17	21.399556764209148	ZNF143	ZNF143
-636	24	21.34857786627097	ZNF143	ZNF143
-635	17	21.466773532872587	ZNF143	ZNF143
-634	24	21.330641233945233	ZNF143	ZNF143
-633	16	21.325455437602184	ZNF143	ZNF143
-632	14	21.324487657240386	ZNF143	ZNF143
-631	15	21.30908217873729	ZNF143	ZNF143
-630	18	21.40615946201757	ZNF143	ZNF143
-629	22	21.40196622287229	ZNF143	ZNF143
-628	13	21.48613512547041	ZNF143	ZNF143
-627	18	21.399601066346907	ZNF143	ZNF143
-626	23	21.292748689572825	ZNF143	ZNF143
-625	17	21.376144750322908	ZNF143	ZNF143
-624	12	21.280584951255058	ZNF143	ZNF143
-623	14	21.31404868431565	ZNF143	ZNF143
-622	20	21.35381214491668	ZNF143	ZNF143
-621	28	21.324842984721336	ZNF143	ZNF143
-620	19	21.244086453015203	ZNF143	ZNF143
-619	18	21.339127506714707	ZNF143	ZNF143
-618	22	21.37801924095958	ZNF143	ZNF143
-617	23	21.35734357179633	ZNF143	ZNF143
-616	21	21.324218263541457	ZNF143	ZNF143
-615	19	21.348986113650227	ZNF143	ZNF143
-614	23	21.40016757809124	ZNF143	ZNF143
-613	20	21.453561850562473	ZNF143	ZNF143
-612	26	21.410670195243863	ZNF143	ZNF143
-611	28	21.441894296536773	ZNF143	ZNF143
-610	25	21.352069936437598	ZNF143	ZNF143
-609	20	21.2768844440291	ZNF143	ZNF143
-608	25	21.205327521335164	ZNF143	ZNF143
-607	25	21.198446270549976	ZNF143	ZNF143
-606	26	21.2148401339902	ZNF143	ZNF143
-605	28	21.256397602522714	ZNF143	ZNF143
-604	19	21.35195749460248	ZNF143	ZNF143
-603	14	21.3214948645695	ZNF143	ZNF143
-602	25	21.43455758828766	ZNF143	ZNF143
-601	31	21.49222844117593	ZNF143	ZNF143
-600	22	21.347488647229294	ZNF143	ZNF143
-599	19	21.284323678522483	ZNF143	ZNF143
-598	26	21.37265701540827	ZNF143	ZNF143
-597	20	21.410189015434344	ZNF143	ZNF143
-596	19	21.368508574849802	ZNF143	ZNF143
-595	22	21.368343517117076	ZNF143	ZNF143
-594	24	21.35722921098433	ZNF143	ZNF143
-593	24	21.29651496209462	ZNF143	ZNF143
-592	27	21.41001892815956	ZNF143	ZNF143
-591	21	21.426042326531707	ZNF143	ZNF143
-590	23	21.268838084625212	ZNF143	ZNF143
-589	21	21.194673593716843	ZNF143	ZNF143
-588	21	21.215638081670015	ZNF143	ZNF143
-587	17	21.260777008926333	ZNF143	ZNF143
-586	29	21.396518526787652	ZNF143	ZNF143
-585	28	21.367753778642935	ZNF143	ZNF143
-584	27	21.191950994430364	ZNF143	ZNF143
-583	14	21.224316969944926	ZNF143	ZNF143
-582	29	21.43253612397109	ZNF143	ZNF143
-581	18	21.44675899486926	ZNF143	ZNF143
-580	24	21.376956672609932	ZNF143	ZNF143
-579	26	21.428362194400925	ZNF143	ZNF143
-578	25	21.38593185867169	ZNF143	ZNF143
-577	18	21.35109514392788	ZNF143	ZNF143
-576	18	21.32243263673441	ZNF143	ZNF143
-575	12	21.359856679542457	ZNF143	ZNF143
-574	25	21.294001062429352	ZNF143	ZNF143
-573	9	21.1973082536165	ZNF143	ZNF143
-572	27	21.282078956222026	ZNF143	ZNF143
-571	17	21.442096507488916	ZNF143	ZNF143
-570	17	21.28634279209591	ZNF143	ZNF143
-569	17	21.322382476947055	ZNF143	ZNF143
-568	26	21.28070220830786	ZNF143	ZNF143
-567	28	21.340007627070612	ZNF143	ZNF143
-566	22	21.428959572318465	ZNF143	ZNF143
-565	16	21.43686323690042	ZNF143	ZNF143
-564	13	21.419955460219935	ZNF143	ZNF143
-563	21	21.303663071956237	ZNF143	ZNF143
-562	15	21.318271309633406	ZNF143	ZNF143
-561	22	21.291554268159587	ZNF143	ZNF143
-560	23	21.21064821963773	ZNF143	ZNF143
-559	19	21.354447464966682	ZNF143	ZNF143
-558	17	21.365043592359193	ZNF143	ZNF143
-557	19	21.38672327547725	ZNF143	ZNF143
-556	15	21.310570294527174	ZNF143	ZNF143
-555	18	21.30092489519658	ZNF143	ZNF143
-554	12	21.412163759839572	ZNF143	ZNF143
-553	23	21.39887421796412	ZNF143	ZNF143
-552	16	21.404426923904428	ZNF143	ZNF143
-551	20	21.421879446186875	ZNF143	ZNF143
-550	28	21.47640086352423	ZNF143	ZNF143
-549	13	21.329415949404844	ZNF143	ZNF143
-548	21	21.340620962832645	ZNF143	ZNF143
-547	27	21.294544007938665	ZNF143	ZNF143
-546	24	21.33713336902088	ZNF143	ZNF143
-545	17	21.38824285912261	ZNF143	ZNF143
-544	16	21.29191816877878	ZNF143	ZNF143
-543	20	21.290905329736226	ZNF143	ZNF143
-542	22	21.3150597690348	ZNF143	ZNF143
-541	23	21.392769715264883	ZNF143	ZNF143
-540	27	21.322570644513153	ZNF143	ZNF143
-539	23	21.352446874408496	ZNF143	ZNF143
-538	24	21.348311085724813	ZNF143	ZNF143
-537	21	21.376521387954075	ZNF143	ZNF143
-536	17	21.399363384119443	ZNF143	ZNF143
-535	21	21.402815753581894	ZNF143	ZNF143
-534	20	21.36847014632172	ZNF143	ZNF143
-533	19	21.269571588301883	ZNF143	ZNF143
-532	19	21.274125451547082	ZNF143	ZNF143
-531	18	21.345467615382432	ZNF143	ZNF143
-530	23	21.273383630734045	ZNF143	ZNF143
-529	17	21.13964430284529	ZNF143	ZNF143
-528	22	21.18082848143604	ZNF143	ZNF143
-527	23	21.376283305755663	ZNF143	ZNF143
-526	24	21.372578795039548	ZNF143	ZNF143
-525	24	21.27970917122297	ZNF143	ZNF143
-524	24	21.348073300911626	ZNF143	ZNF143
-523	22	21.18409538221104	ZNF143	ZNF143
-522	15	21.28785769989466	ZNF143	ZNF143
-521	18	21.27568990026086	ZNF143	ZNF143
-520	24	21.364096448732862	ZNF143	ZNF143
-519	26	21.466742347076575	ZNF143	ZNF143
-518	18	21.463402710893472	ZNF143	ZNF143
-517	25	21.292364181167816	ZNF143	ZNF143
-516	23	21.32137740102817	ZNF143	ZNF143
-515	21	21.373940178240495	ZNF143	ZNF143
-514	23	21.388247884217094	ZNF143	ZNF143
-513	21	21.29593400121096	ZNF143	ZNF143
-512	21	21.267374414297876	ZNF143	ZNF143
-511	20	21.26652860824802	ZNF143	ZNF143
-510	23	21.399660913600535	ZNF143	ZNF143
-509	20	21.3176374415253	ZNF143	ZNF143
-508	28	21.380565973018946	ZNF143	ZNF143
-507	24	21.296699272449732	ZNF143	ZNF143
-506	19	21.372510910137557	ZNF143	ZNF143
-505	20	21.374297082630154	ZNF143	ZNF143
-504	17	21.39055634545464	ZNF143	ZNF143
-503	14	21.39573876689312	ZNF143	ZNF143
-502	23	21.368998542498435	ZNF143	ZNF143
-501	15	21.42527872619683	ZNF143	ZNF143
-500	29	21.370443462442452	ZNF143	ZNF143
-499	18	21.290000349673953	ZNF143	ZNF143
-498	30	21.317766957120703	ZNF143	ZNF143
-497	22	21.438121969512974	ZNF143	ZNF143
-496	23	21.38149648795927	ZNF143	ZNF143
-495	18	21.48579683039716	ZNF143	ZNF143
-494	18	21.43641512319989	ZNF143	ZNF143
-493	19	21.397812702462364	ZNF143	ZNF143
-492	26	21.388155827630197	ZNF143	ZNF143
-491	23	21.492787974880684	ZNF143	ZNF143
-490	20	21.403682272785677	ZNF143	ZNF143
-489	22	21.320607995101973	ZNF143	ZNF143
-488	26	21.435888069261864	ZNF143	ZNF143
-487	15	21.366795079021834	ZNF143	ZNF143
-486	26	21.336766914741915	ZNF143	ZNF143
-485	22	21.274759186717965	ZNF143	ZNF143
-484	29	21.276020765332557	ZNF143	ZNF143
-483	17	21.403301053506347	ZNF143	ZNF143
-482	20	21.445141375500373	ZNF143	ZNF143
-481	21	21.399298605253055	ZNF143	ZNF143
-480	19	21.37910935165601	ZNF143	ZNF143
-479	30	21.402460123800882	ZNF143	ZNF143
-478	18	21.346361230705607	ZNF143	ZNF143
-477	23	21.375506117292048	ZNF143	ZNF143
-476	21	21.502877247225914	ZNF143	ZNF143
-475	23	21.50763020188165	ZNF143	ZNF143
-474	19	21.35848435069041	ZNF143	ZNF143
-473	13	21.27780934248334	ZNF143	ZNF143
-472	18	21.3641240217299	ZNF143	ZNF143
-471	21	21.3546111800312	ZNF143	ZNF143
-470	20	21.360026076623978	ZNF143	ZNF143
-469	21	21.402696207943876	ZNF143	ZNF143
-468	23	21.475096300929263	ZNF143	ZNF143
-467	28	21.464056716459574	ZNF143	ZNF143
-466	27	21.334866304327058	ZNF143	ZNF143
-465	21	21.372985605505765	ZNF143	ZNF143
-464	18	21.24642876505019	ZNF143	ZNF143
-463	26	21.35283407677801	ZNF143	ZNF143
-462	16	21.341245839680827	ZNF143	ZNF143
-461	41	21.44143723633216	ZNF143	ZNF143
-460	24	21.37819759683118	ZNF143	ZNF143
-459	11	21.28371249663712	ZNF143	ZNF143
-458	16	21.328866523792474	ZNF143	ZNF143
-457	19	21.31259541931648	ZNF143	ZNF143
-456	18	21.344378049014804	ZNF143	ZNF143
-455	15	21.33038672566472	ZNF143	ZNF143
-454	23	21.414639524106214	ZNF143	ZNF143
-453	17	21.40526730861161	ZNF143	ZNF143
-452	20	21.44928041627694	ZNF143	ZNF143
-451	26	21.340981160319444	ZNF143	ZNF143
-450	27	21.445435881258753	ZNF143	ZNF143
-449	19	21.380955307952604	ZNF143	ZNF143
-448	15	21.27583078778049	ZNF143	ZNF143
-447	15	21.361181221492256	ZNF143	ZNF143
-446	18	21.350194561741045	ZNF143	ZNF143
-445	26	21.3786674400058	ZNF143	ZNF143
-444	25	21.321387700310197	ZNF143	ZNF143
-443	22	21.320108595044463	ZNF143	ZNF143
-442	21	21.367052000172357	ZNF143	ZNF143
-441	22	21.393485220551707	ZNF143	ZNF143
-440	25	21.39940261191597	ZNF143	ZNF143
-439	22	21.386164709587117	ZNF143	ZNF143
-438	10	21.396956514703966	ZNF143	ZNF143
-437	27	21.309397402221848	ZNF143	ZNF143
-436	25	21.343337920046825	ZNF143	ZNF143
-435	23	21.37441673678761	ZNF143	ZNF143
-434	22	21.354431011494786	ZNF143	ZNF143
-433	19	21.28948690146401	ZNF143	ZNF143
-432	18	21.32553024119504	ZNF143	ZNF143
-431	20	21.42745732967969	ZNF143	ZNF143
-430	21	21.387781250204085	ZNF143	ZNF143
-429	19	21.34487143268034	ZNF143	ZNF143
-428	28	21.480187534975304	ZNF143	ZNF143
-427	20	21.421583996754247	ZNF143	ZNF143
-426	31	21.398412523566584	ZNF143	ZNF143
-425	28	21.44525158171506	ZNF143	ZNF143
-424	20	21.46442858539199	ZNF143	ZNF143
-423	27	21.309026249749216	ZNF143	ZNF143
-422	24	21.297768997073305	ZNF143	ZNF143
-421	18	21.364603219951714	ZNF143	ZNF143
-420	21	21.291046516563256	ZNF143	ZNF143
-419	24	21.271985730376674	ZNF143	ZNF143
-418	18	21.286643228550272	ZNF143	ZNF143
-417	25	21.318740026554853	ZNF143	ZNF143
-416	31	21.28439847332023	ZNF143	ZNF143
-415	28	21.36031022823534	ZNF143	ZNF143
-414	18	21.39042301953955	ZNF143	ZNF143
-413	21	21.408839605550682	ZNF143	ZNF143
-412	19	21.358242821025026	ZNF143	ZNF143
-411	18	21.322238489856304	ZNF143	ZNF143
-410	17	21.34323596323146	ZNF143	ZNF143
-409	22	21.33235212748326	ZNF143	ZNF143
-408	20	21.32090463289739	ZNF143	ZNF143
-407	17	21.301964739939965	ZNF143	ZNF143
-406	30	21.417898712858253	ZNF143	ZNF143
-405	24	21.315769382555676	ZNF143	ZNF143
-404	21	21.37824708699231	ZNF143	ZNF143
-403	23	21.39151686816827	ZNF143	ZNF143
-402	26	21.442883359798458	ZNF143	ZNF143
-401	25	21.361499746557925	ZNF143	ZNF143
-400	28	21.328137868719374	ZNF143	ZNF143
-399	14	21.36514137295641	ZNF143	ZNF143
-398	15	21.3255579751991	ZNF143	ZNF143
-397	18	21.323601701011878	ZNF143	ZNF143
-396	13	21.336610931843758	ZNF143	ZNF143
-395	24	21.388588549321543	ZNF143	ZNF143
-394	26	21.416665860115238	ZNF143	ZNF143
-393	26	21.310276615833946	ZNF143	ZNF143
-392	19	21.343576318627946	ZNF143	ZNF143
-391	18	21.43723921358543	ZNF143	ZNF143
-390	28	21.31684732312085	ZNF143	ZNF143
-389	12	21.268494101357177	ZNF143	ZNF143
-388	21	21.368034685453747	ZNF143	ZNF143
-387	23	21.2792167978863	ZNF143	ZNF143
-386	29	21.35402791052273	ZNF143	ZNF143
-385	32	21.52739100934021	ZNF143	ZNF143
-384	17	21.449676407396026	ZNF143	ZNF143
-383	16	21.3629648801861	ZNF143	ZNF143
-382	21	21.22480926592206	ZNF143	ZNF143
-381	22	21.357618636159433	ZNF143	ZNF143
-380	26	21.34510391079479	ZNF143	ZNF143
-379	23	21.19482554998576	ZNF143	ZNF143
-378	19	21.449430475591715	ZNF143	ZNF143
-377	16	21.538244371380287	ZNF143	ZNF143
-376	25	21.323775737327026	ZNF143	ZNF143
-375	18	21.26676535352202	ZNF143	ZNF143
-374	23	21.31608813985311	ZNF143	ZNF143
-373	25	21.35924991014232	ZNF143	ZNF143
-372	17	21.366327298218465	ZNF143	ZNF143
-371	32	21.33038519495886	ZNF143	ZNF143
-370	14	21.285075913272905	ZNF143	ZNF143
-369	17	21.391579467237417	ZNF143	ZNF143
-368	25	21.373632311630633	ZNF143	ZNF143
-367	25	21.299601137775777	ZNF143	ZNF143
-366	26	21.189313261625728	ZNF143	ZNF143
-365	21	21.404305624375326	ZNF143	ZNF143
-364	24	21.340528085897247	ZNF143	ZNF143
-363	24	21.330562394173626	ZNF143	ZNF143
-362	20	21.28680139093364	ZNF143	ZNF143
-361	16	21.392179070034743	ZNF143	ZNF143
-360	21	21.38688528656152	ZNF143	ZNF143
-359	14	21.30260787147137	ZNF143	ZNF143
-358	20	21.39077695515524	ZNF143	ZNF143
-357	19	21.4292752472282	ZNF143	ZNF143
-356	28	21.471768570513046	ZNF143	ZNF143
-355	11	21.419128291030912	ZNF143	ZNF143
-354	21	21.444715906529566	ZNF143	ZNF143
-353	21	21.395998916560966	ZNF143	ZNF143
-352	16	21.46895419829818	ZNF143	ZNF143
-351	21	21.37687984238302	ZNF143	ZNF143
-350	22	21.336598724361988	ZNF143	ZNF143
-349	21	21.354259617031364	ZNF143	ZNF143
-348	17	21.386450478470138	ZNF143	ZNF143
-347	18	21.39121669501814	ZNF143	ZNF143
-346	21	21.3985044427166	ZNF143	ZNF143
-345	20	21.43248516370618	ZNF143	ZNF143
-344	30	21.334719936236535	ZNF143	ZNF143
-343	19	21.413031431474124	ZNF143	ZNF143
-342	25	21.431856154033387	ZNF143	ZNF143
-341	22	21.23754913014173	ZNF143	ZNF143
-340	17	21.23289699632757	ZNF143	ZNF143
-339	16	21.29841695086097	ZNF143	ZNF143
-338	20	21.344420310317584	ZNF143	ZNF143
-337	29	21.40246344612191	ZNF143	ZNF143
-336	15	21.382809026750735	ZNF143	ZNF143
-335	20	21.304777112885535	ZNF143	ZNF143
-334	19	21.378600022330545	ZNF143	ZNF143
-333	23	21.55917186917578	ZNF143	ZNF143
-332	24	21.541295907337172	ZNF143	ZNF143
-331	24	21.401720134312267	ZNF143	ZNF143
-330	14	21.373476005555947	ZNF143	ZNF143
-329	17	21.28264030552401	ZNF143	ZNF143
-328	20	21.296837692476487	ZNF143	ZNF143
-327	21	21.416797774088412	ZNF143	ZNF143
-326	16	21.421416022734356	ZNF143	ZNF143
-325	23	21.443771506921458	ZNF143	ZNF143
-324	25	21.406107469088095	ZNF143	ZNF143
-323	26	21.5029967857393	ZNF143	ZNF143
-322	16	21.345158037902173	ZNF143	ZNF143
-321	17	21.30349521070083	ZNF143	ZNF143
-320	19	21.35277686079152	ZNF143	ZNF143
-319	16	21.327806270621085	ZNF143	ZNF143
-318	16	21.318279746619332	ZNF143	ZNF143
-317	18	21.42435742389053	ZNF143	ZNF143
-316	27	21.22390859240581	ZNF143	ZNF143
-315	22	21.30402925810277	ZNF143	ZNF143
-314	21	21.35295186350001	ZNF143	ZNF143
-313	17	21.311534684159046	ZNF143	ZNF143
-312	31	21.426538218339353	ZNF143	ZNF143
-311	13	21.431357887071833	ZNF143	ZNF143
-310	16	21.28977086871029	ZNF143	ZNF143
-309	26	21.284795023111336	ZNF143	ZNF143
-308	24	21.369296817362727	ZNF143	ZNF143
-307	27	21.40065671555817	ZNF143	ZNF143
-306	30	21.45178859643873	ZNF143	ZNF143
-305	22	21.422120182783143	ZNF143	ZNF143
-304	22	21.521270252213743	ZNF143	ZNF143
-303	21	21.40273123113015	ZNF143	ZNF143
-302	22	21.358444945143948	ZNF143	ZNF143
-301	25	21.29900790912856	ZNF143	ZNF143
-300	22	21.33268917220726	ZNF143	ZNF143
-299	25	21.354352635857246	ZNF143	ZNF143
-298	27	21.310113536148947	ZNF143	ZNF143
-297	23	21.308340725986294	ZNF143	ZNF143
-296	26	21.340443945884868	ZNF143	ZNF143
-295	25	21.451300288751646	ZNF143	ZNF143
-294	18	21.439316633216034	ZNF143	ZNF143
-293	22	21.328718141232876	ZNF143	ZNF143
-292	29	21.38133807373157	ZNF143	ZNF143
-291	25	21.38698886316228	ZNF143	ZNF143
-290	27	21.389484980707625	ZNF143	ZNF143
-289	19	21.310902581141868	ZNF143	ZNF143
-288	18	21.135734775429	ZNF143	ZNF143
-287	26	21.25565461337924	ZNF143	ZNF143
-286	13	21.371762118734274	ZNF143	ZNF143
-285	23	21.293579671557115	ZNF143	ZNF143
-284	25	21.2847622218701	ZNF143	ZNF143
-283	22	21.255134687895723	ZNF143	ZNF143
-282	20	21.33151127957902	ZNF143	ZNF143
-281	16	21.28715444613757	ZNF143	ZNF143
-280	22	21.271996456858712	ZNF143	ZNF143
-279	28	21.122806719074486	ZNF143	ZNF143
-278	19	21.25185395694321	ZNF143	ZNF143
-277	16	21.395876588081904	ZNF143	ZNF143
-276	18	21.409568070036407	ZNF143	ZNF143
-275	21	21.45832553970135	ZNF143	ZNF143
-274	30	21.40447356844111	ZNF143	ZNF143
-273	22	21.272200036633645	ZNF143	ZNF143
-272	19	21.317203672894262	ZNF143	ZNF143
-271	22	21.341313327806976	ZNF143	ZNF143
-270	24	21.40563325556808	ZNF143	ZNF143
-269	26	21.358988034177706	ZNF143	ZNF143
-268	23	21.26352394340694	ZNF143	ZNF143
-267	24	21.366622261505462	ZNF143	ZNF143
-266	22	21.525203947268295	ZNF143	ZNF143
-265	25	21.40666463892239	ZNF143	ZNF143
-264	17	21.25121548214839	ZNF143	ZNF143
-263	17	21.204503296351987	ZNF143	ZNF143
-262	23	21.306603909457007	ZNF143	ZNF143
-261	19	21.36947218889307	ZNF143	ZNF143
-260	17	21.405858530697277	ZNF143	ZNF143
-259	24	21.437748710939292	ZNF143	ZNF143
-258	19	21.424777708190177	ZNF143	ZNF143
-257	24	21.389262844760246	ZNF143	ZNF143
-256	20	21.400641342717737	ZNF143	ZNF143
-255	23	21.282862246442832	ZNF143	ZNF143
-254	29	21.348333767881076	ZNF143	ZNF143
-253	11	21.38555665291749	ZNF143	ZNF143
-252	16	21.284418325014723	ZNF143	ZNF143
-251	16	21.503450717785803	ZNF143	ZNF143
-250	17	21.51304103823995	ZNF143	ZNF143
-249	20	21.403908184049683	ZNF143	ZNF143
-248	10	21.37934997875295	ZNF143	ZNF143
-247	18	21.31076421747321	ZNF143	ZNF143
-246	24	21.28240396306834	ZNF143	ZNF143
-245	19	21.29812955477214	ZNF143	ZNF143
-244	25	21.37495920652109	ZNF143	ZNF143
-243	18	21.33306353182287	ZNF143	ZNF143
-242	16	21.28384082507672	ZNF143	ZNF143
-241	26	21.28707407259072	ZNF143	ZNF143
-240	20	21.284583060436788	ZNF143	ZNF143
-239	19	21.34256155483584	ZNF143	ZNF143
-238	15	21.302733287807882	ZNF143	ZNF143
-237	22	21.37891156419358	ZNF143	ZNF143
-236	17	21.424769448884955	ZNF143	ZNF143
-235	25	21.359153409867233	ZNF143	ZNF143
-234	26	21.363263932869927	ZNF143	ZNF143
-233	16	21.326426069257042	ZNF143	ZNF143
-232	30	21.367594341892403	ZNF143	ZNF143
-231	25	21.40923072497487	ZNF143	ZNF143
-230	24	21.463966871821352	ZNF143	ZNF143
-229	20	21.444317505421736	ZNF143	ZNF143
-228	17	21.446452916648763	ZNF143	ZNF143
-227	21	21.35271526655032	ZNF143	ZNF143
-226	20	21.262696969695988	ZNF143	ZNF143
-225	27	21.454781470681898	ZNF143	ZNF143
-224	20	21.42737723987938	ZNF143	ZNF143
-223	23	21.2955228739412	ZNF143	ZNF143
-222	26	21.364638083496523	ZNF143	ZNF143
-221	17	21.5318899182739	ZNF143	ZNF143
-220	24	21.408345900647998	ZNF143	ZNF143
-219	13	21.254831240399582	ZNF143	ZNF143
-218	19	21.377422089559154	ZNF143	ZNF143
-217	21	21.473691929783772	ZNF143	ZNF143
-216	22	21.294170562575847	ZNF143	ZNF143
-215	16	21.31928529765411	ZNF143	ZNF143
-214	19	21.405596098761052	ZNF143	ZNF143
-213	13	21.469543157797585	ZNF143	ZNF143
-212	24	21.490191337604443	ZNF143	ZNF143
-211	27	21.515495861688986	ZNF143	ZNF143
-210	30	21.405777287810995	ZNF143	ZNF143
-209	23	21.394160133484746	ZNF143	ZNF143
-208	22	21.514529515404632	ZNF143	ZNF143
-207	22	21.45665311257483	ZNF143	ZNF143
-206	25	21.348808509418422	ZNF143	ZNF143
-205	14	21.43073290482146	ZNF143	ZNF143
-204	22	21.3984221414958	ZNF143	ZNF143
-203	21	21.270710642633855	ZNF143	ZNF143
-202	23	21.466110066194314	ZNF143	ZNF143
-201	22	21.354317292910405	ZNF143	ZNF143
-200	34	21.40089432489157	ZNF143	ZNF143
-199	17	21.39123258980899	ZNF143	ZNF143
-198	19	21.38325977189993	ZNF143	ZNF143
-197	23	21.46740037492564	ZNF143	ZNF143
-196	17	21.413566979940384	ZNF143	ZNF143
-195	16	21.28594458433851	ZNF143	ZNF143
-194	22	21.281691650543696	ZNF143	ZNF143
-193	15	21.245334580361288	ZNF143	ZNF143
-192	23	21.37456209563501	ZNF143	ZNF143
-191	19	21.347135918763733	ZNF143	ZNF143
-190	15	21.288179615938887	ZNF143	ZNF143
-189	15	21.351347130769597	ZNF143	ZNF143
-188	23	21.565456872598496	ZNF143	ZNF143
-187	28	21.382586632591455	ZNF143	ZNF143
-186	19	21.36308234815641	ZNF143	ZNF143
-185	22	21.501989510827812	ZNF143	ZNF143
-184	20	21.339141523215975	ZNF143	ZNF143
-183	23	21.300522740984903	ZNF143	ZNF143
-182	30	21.295398494736066	ZNF143	ZNF143
-181	16	21.23802580520079	ZNF143	ZNF143
-180	18	21.448687363143875	ZNF143	ZNF143
-179	27	21.399648856551693	ZNF143	ZNF143
-178	20	21.322153312622937	ZNF143	ZNF143
-177	23	21.385498905024885	ZNF143	ZNF143
-176	26	21.48223556606759	ZNF143	ZNF143
-175	30	21.41247770402594	ZNF143	ZNF143
-174	19	21.49080914889195	ZNF143	ZNF143
-173	19	21.46065435294211	ZNF143	ZNF143
-172	25	21.29731850903682	ZNF143	ZNF143
-171	21	21.334684598504868	ZNF143	ZNF143
-170	20	21.38753638452933	ZNF143	ZNF143
-169	18	21.320966705844302	ZNF143	ZNF143
-168	20	21.350134193720827	ZNF143	ZNF143
-167	19	21.29931226114362	ZNF143	ZNF143
-166	23	21.309963218916263	ZNF143	ZNF143
-165	21	21.270020981103304	ZNF143	ZNF143
-164	18	21.246725899125593	ZNF143	ZNF143
-163	22	21.22946424588833	ZNF143	ZNF143
-162	22	21.329457614545042	ZNF143	ZNF143
-161	13	21.366697107546173	ZNF143	ZNF143
-160	12	21.34169376039695	ZNF143	ZNF143
-159	29	21.30807437029183	ZNF143	ZNF143
-158	22	21.212521872267335	ZNF143	ZNF143
-157	25	21.181678053192943	ZNF143	ZNF143
-156	22	21.17442715023539	ZNF143	ZNF143
-155	13	21.352571348656785	ZNF143	ZNF143
-154	21	21.31431392994701	ZNF143	ZNF143
-153	18	21.25754518365086	ZNF143	ZNF143
-152	24	21.365944108383335	ZNF143	ZNF143
-151	15	21.305871865125678	ZNF143	ZNF143
-150	18	21.1725258570003	ZNF143	ZNF143
-149	23	21.27012831569427	ZNF143	ZNF143
-148	22	21.26521671319379	ZNF143	ZNF143
-147	18	21.28358497064957	ZNF143	ZNF143
-146	18	21.35934843602518	ZNF143	ZNF143
-145	17	21.390497020701385	ZNF143	ZNF143
-144	23	21.320429431443618	ZNF143	ZNF143
-143	15	21.31144688277507	ZNF143	ZNF143
-142	20	21.270756658372164	ZNF143	ZNF143
-141	26	21.242094168138156	ZNF143	ZNF143
-140	15	21.389187421122873	ZNF143	ZNF143
-139	16	21.411680469458116	ZNF143	ZNF143
-138	16	21.37970313019275	ZNF143	ZNF143
-137	25	21.39812992262877	ZNF143	ZNF143
-136	23	21.498483641368818	ZNF143	ZNF143
-135	22	21.492696717395056	ZNF143	ZNF143
-134	16	21.435737986844806	ZNF143	ZNF143
-133	19	21.417561717283412	ZNF143	ZNF143
-132	31	21.502273339557284	ZNF143	ZNF143
-131	30	21.369012796261018	ZNF143	ZNF143
-130	14	21.348999795948536	ZNF143	ZNF143
-129	27	21.411348280234314	ZNF143	ZNF143
-128	23	21.412157330000635	ZNF143	ZNF143
-127	18	21.42620658547533	ZNF143	ZNF143
-126	10	21.3053664882141	ZNF143	ZNF143
-125	19	21.395816477131017	ZNF143	ZNF143
-124	20	21.446326151591574	ZNF143	ZNF143
-123	23	21.315310549486664	ZNF143	ZNF143
-122	17	21.275040219949116	ZNF143	ZNF143
-121	25	21.23231363041108	ZNF143	ZNF143
-120	27	21.131310136520725	ZNF143	ZNF143
-119	18	21.2653178560719	ZNF143	ZNF143
-118	23	21.34458852927409	ZNF143	ZNF143
-117	15	21.37092482974281	ZNF143	ZNF143
-116	22	21.44078103978075	ZNF143	ZNF143
-115	22	21.46531204440415	ZNF143	ZNF143
-114	20	21.381049967902538	ZNF143	ZNF143
-113	20	21.462957123310737	ZNF143	ZNF143
-112	20	21.222995552060755	ZNF143	ZNF143
-111	16	21.32139189472031	ZNF143	ZNF143
-110	26	21.32842728911139	ZNF143	ZNF143
-109	23	21.332551167441768	ZNF143	ZNF143
-108	16	21.26015302681608	ZNF143	ZNF143
-107	30	21.352810077365465	ZNF143	ZNF143
-106	20	21.36600658783689	ZNF143	ZNF143
-105	18	21.284223083214137	ZNF143	ZNF143
-104	17	21.36308635412747	ZNF143	ZNF143
-103	28	21.24643345177859	ZNF143	ZNF143
-102	17	21.523767942515867	ZNF143	ZNF143
-101	13	21.477211651796715	ZNF143	ZNF143
-100	15	21.38823628780034	ZNF143	ZNF143
-99	32	21.450207014973586	ZNF143	ZNF143
-98	24	21.401709329324934	ZNF143	ZNF143
-97	27	21.434891245913967	ZNF143	ZNF143
-96	25	21.41747571157007	ZNF143	ZNF143
-95	20	21.42987837655481	ZNF143	ZNF143
-94	22	21.500174754133344	ZNF143	ZNF143
-93	17	21.599380263443397	ZNF143	ZNF143
-92	23	21.590525947651937	ZNF143	ZNF143
-91	19	21.370274065218375	ZNF143	ZNF143
-90	24	21.503431699081812	ZNF143	ZNF143
-89	15	21.62920135702148	ZNF143	ZNF143
-88	15	21.443177718992356	ZNF143	ZNF143
-87	17	21.49499158093005	ZNF143	ZNF143
-86	17	21.465203992683936	ZNF143	ZNF143
-85	21	21.293940626561774	ZNF143	ZNF143
-84	22	21.20532305756556	ZNF143	ZNF143
-83	17	21.245145268015303	ZNF143	ZNF143
-82	21	21.440901268232903	ZNF143	ZNF143
-81	18	21.19331794248672	ZNF143	ZNF143
-80	17	21.24091841412277	ZNF143	ZNF143
-79	25	21.45119213121458	ZNF143	ZNF143
-78	19	21.53411782345608	ZNF143	ZNF143
-77	24	21.531232767872368	ZNF143	ZNF143
-76	17	21.44528324311795	ZNF143	ZNF143
-75	13	21.33133820935157	ZNF143	ZNF143
-74	13	21.374009183801043	ZNF143	ZNF143
-73	28	21.484262501644846	ZNF143	ZNF143
-72	26	21.31924440492474	ZNF143	ZNF143
-71	21	21.407586233844587	ZNF143	ZNF143
-70	16	21.460670371867096	ZNF143	ZNF143
-69	20	21.444854761827365	ZNF143	ZNF143
-68	26	21.413911038334636	ZNF143	ZNF143
-67	28	21.37916486622423	ZNF143	ZNF143
-66	18	21.541103103747755	ZNF143	ZNF143
-65	22	21.641873783008005	ZNF143	ZNF143
-64	17	21.62671213032246	ZNF143	ZNF143
-63	21	21.54295509450089	ZNF143	ZNF143
-62	24	21.53964009722991	ZNF143	ZNF143
-61	30	21.443077080342373	ZNF143	ZNF143
-60	13	21.31618981451671	ZNF143	ZNF143
-59	27	21.241643551629053	ZNF143	ZNF143
-58	24	21.33859599612963	ZNF143	ZNF143
-57	19	21.50723640611277	ZNF143	ZNF143
-56	20	21.17880252178837	ZNF143	ZNF143
-55	19	21.41006429582327	ZNF143	ZNF143
-54	27	21.502783947130805	ZNF143	ZNF143
-53	30	21.56909600424139	ZNF143	ZNF143
-52	20	21.55549706196617	ZNF143	ZNF143
-51	20	21.368843322713904	ZNF143	ZNF143
-50	30	21.36901955272031	ZNF143	ZNF143
-49	13	21.39370570359338	ZNF143	ZNF143
-48	9	21.637379889615865	ZNF143	ZNF143
-47	22	21.56462188515995	ZNF143	ZNF143
-46	21	21.520975640974996	ZNF143	ZNF143
-45	16	21.46192751563875	ZNF143	ZNF143
-44	23	21.25943141723422	ZNF143	ZNF143
-43	19	21.368126450602944	ZNF143	ZNF143
-42	15	21.296130441057095	ZNF143	ZNF143
-41	19	21.484405344641594	ZNF143	ZNF143
-40	16	21.313765818329273	ZNF143	ZNF143
-39	19	21.401667397649064	ZNF143	ZNF143
-38	16	21.351760780469455	ZNF143	ZNF143
-37	31	21.525763633782525	ZNF143	ZNF143
-36	28	21.63475787954281	ZNF143	ZNF143
-35	18	21.613853452241873	ZNF143	ZNF143
-34	31	21.49878588667593	ZNF143	ZNF143
-33	12	21.4647030812872	ZNF143	ZNF143
-32	18	21.561133857191603	ZNF143	ZNF143
-31	21	21.58097637804885	ZNF143	ZNF143
-30	28	21.414120961844496	ZNF143	ZNF143
-29	24	21.106138314470556	ZNF143	ZNF143
-28	31	21.320072185021775	ZNF143	ZNF143
-27	25	21.41666867708117	ZNF143	ZNF143
-26	20	21.227202638222685	ZNF143	ZNF143
-25	23	21.22194166303546	ZNF143	ZNF143
-24	25	21.154280175130527	ZNF143	ZNF143
-23	25	21.179923985790353	ZNF143	ZNF143
-22	21	21.466646174969412	ZNF143	ZNF143
-21	26	21.574680806659096	ZNF143	ZNF143
-20	31	21.766683006569128	ZNF143	ZNF143
-19	21	21.21998801862254	ZNF143	ZNF143
-18	24	21.17639125140592	ZNF143	ZNF143
-17	15	21.338660895070518	ZNF143	ZNF143
-16	14	21.37771083657349	ZNF143	ZNF143
-15	19	21.399835818869693	ZNF143	ZNF143
-14	28	21.16447880098728	ZNF143	ZNF143
-13	28	21.426706119346274	ZNF143	ZNF143
-12	14	21.39021544284628	ZNF143	ZNF143
-11	27	21.818558564984187	ZNF143	ZNF143
-10	35	21.957595051745418	ZNF143	ZNF143
-9	20	21.525480775730742	ZNF143	ZNF143
-8	20	21.85666769615781	ZNF143	ZNF143
-7	27	20.18328614627952	ZNF143	ZNF143
-6	27	22.392034343089367	ZNF143	ZNF143
-5	18	23.427738162339406	ZNF143	ZNF143
-4	21	24.126140771204582	ZNF143	ZNF143
-3	19	21.316487260975528	ZNF143	ZNF143
-2	20	23.206628033707627	ZNF143	ZNF143
-1	25	20.220852512658045	ZNF143	ZNF143
0	27	20.32148532890825	ZNF143	ZNF143
1	31	23.12862299110571	ZNF143	ZNF143
2	28	21.440028805799642	ZNF143	ZNF143
3	25	24.191252407568154	ZNF143	ZNF143
4	23	23.37633672343057	ZNF143	ZNF143
5	27	22.377619035759828	ZNF143	ZNF143
6	22	20.38039525865408	ZNF143	ZNF143
7	24	21.97077938854171	ZNF143	ZNF143
8	17	21.52197907949022	ZNF143	ZNF143
9	24	21.86778128426686	ZNF143	ZNF143
10	22	21.7945221653637	ZNF143	ZNF143
11	25	21.554500200336715	ZNF143	ZNF143
12	22	21.356570644359646	ZNF143	ZNF143
13	25	20.97817815857594	ZNF143	ZNF143
14	14	21.367217565005184	ZNF143	ZNF143
15	22	21.35056905993663	ZNF143	ZNF143
16	23	21.345593393214134	ZNF143	ZNF143
17	20	21.16558985513021	ZNF143	ZNF143
18	20	21.28226986189948	ZNF143	ZNF143
19	23	21.907375515116613	ZNF143	ZNF143
20	27	21.697772927919438	ZNF143	ZNF143
21	25	21.45625751276451	ZNF143	ZNF143
22	21	21.0981436140992	ZNF143	ZNF143
23	17	21.258437806712593	ZNF143	ZNF143
24	21	21.298694740635217	ZNF143	ZNF143
25	16	21.31470609034965	ZNF143	ZNF143
26	22	21.356729484324635	ZNF143	ZNF143
27	18	21.193255442426402	ZNF143	ZNF143
28	24	21.236867074194933	ZNF143	ZNF143
29	31	21.465287109539666	ZNF143	ZNF143
30	33	21.638337397456684	ZNF143	ZNF143
31	22	21.60202869022562	ZNF143	ZNF143
32	20	21.51690784746621	ZNF143	ZNF143
33	21	21.433071154374755	ZNF143	ZNF143
34	22	21.682782265907477	ZNF143	ZNF143
35	23	21.70531349038514	ZNF143	ZNF143
36	23	21.511102993634616	ZNF143	ZNF143
37	14	21.382261315845433	ZNF143	ZNF143
38	16	21.398549839318036	ZNF143	ZNF143
39	18	21.127510031111157	ZNF143	ZNF143
40	21	21.3448388516599	ZNF143	ZNF143
41	20	21.318711660448812	ZNF143	ZNF143
42	18	21.39836015349231	ZNF143	ZNF143
43	25	21.290064996034495	ZNF143	ZNF143
44	19	21.50496851836081	ZNF143	ZNF143
45	20	21.523983839466602	ZNF143	ZNF143
46	32	21.465499287203386	ZNF143	ZNF143
47	16	21.508296797164004	ZNF143	ZNF143
48	27	21.27533391362144	ZNF143	ZNF143
49	21	21.25916826333193	ZNF143	ZNF143
50	21	21.21791544599202	ZNF143	ZNF143
51	20	21.566118926029613	ZNF143	ZNF143
52	23	21.676379728191637	ZNF143	ZNF143
53	25	21.428808752669834	ZNF143	ZNF143
54	16	21.34051401549091	ZNF143	ZNF143
55	21	21.206890983859886	ZNF143	ZNF143
56	25	21.568039746519084	ZNF143	ZNF143
57	23	21.381017241353238	ZNF143	ZNF143
58	29	21.278736797314554	ZNF143	ZNF143
59	21	21.376198996493798	ZNF143	ZNF143
60	30	21.420575701491757	ZNF143	ZNF143
61	27	21.485318692818165	ZNF143	ZNF143
62	21	21.49359623101681	ZNF143	ZNF143
63	33	21.65603697491549	ZNF143	ZNF143
64	18	21.625340004624743	ZNF143	ZNF143
65	20	21.488650130783427	ZNF143	ZNF143
66	27	21.341605073386997	ZNF143	ZNF143
67	24	21.342162792942663	ZNF143	ZNF143
68	14	21.32880630787687	ZNF143	ZNF143
69	27	21.47615486679188	ZNF143	ZNF143
70	26	21.425825562195502	ZNF143	ZNF143
71	20	21.293548317958077	ZNF143	ZNF143
72	27	21.481877826233656	ZNF143	ZNF143
73	19	21.399437102995414	ZNF143	ZNF143
74	24	21.403834280430075	ZNF143	ZNF143
75	24	21.28979007678563	ZNF143	ZNF143
76	30	21.27857238214179	ZNF143	ZNF143
77	24	21.317775453741138	ZNF143	ZNF143
78	23	21.46412004694139	ZNF143	ZNF143
79	19	21.381739282968926	ZNF143	ZNF143
80	19	21.278378133993158	ZNF143	ZNF143
81	24	21.392151765928826	ZNF143	ZNF143
82	16	21.384245506829217	ZNF143	ZNF143
83	15	21.33988186474891	ZNF143	ZNF143
84	34	21.306878256473656	ZNF143	ZNF143
85	25	21.357844216059494	ZNF143	ZNF143
86	15	21.429976232886045	ZNF143	ZNF143
87	26	21.42853074203901	ZNF143	ZNF143
88	19	21.41473593696694	ZNF143	ZNF143
89	21	21.335730270037267	ZNF143	ZNF143
90	24	21.36785281463267	ZNF143	ZNF143
91	27	21.51350998161878	ZNF143	ZNF143
92	23	21.655295282387684	ZNF143	ZNF143
93	22	21.509464491624957	ZNF143	ZNF143
94	31	21.390296801750857	ZNF143	ZNF143
95	23	21.339990420584268	ZNF143	ZNF143
96	31	21.435909428940082	ZNF143	ZNF143
97	25	21.326016770977688	ZNF143	ZNF143
98	15	21.30804577358846	ZNF143	ZNF143
99	24	21.30186535817317	ZNF143	ZNF143
100	22	21.450266249577588	ZNF143	ZNF143
101	27	21.536573564513866	ZNF143	ZNF143
102	25	21.312564831823963	ZNF143	ZNF143
103	21	21.374535981904884	ZNF143	ZNF143
104	27	21.460081692021127	ZNF143	ZNF143
105	26	21.406151217067546	ZNF143	ZNF143
106	21	21.26176336445925	ZNF143	ZNF143
107	28	21.504992759968463	ZNF143	ZNF143
108	18	21.453618037196836	ZNF143	ZNF143
109	20	21.304832715941178	ZNF143	ZNF143
110	28	21.36250207086347	ZNF143	ZNF143
111	21	21.237288379802173	ZNF143	ZNF143
112	19	21.308213563025877	ZNF143	ZNF143
113	16	21.430868437135956	ZNF143	ZNF143
114	20	21.42062377456742	ZNF143	ZNF143
115	23	21.38658271108387	ZNF143	ZNF143
116	25	21.26383028460169	ZNF143	ZNF143
117	20	21.31009248005198	ZNF143	ZNF143
118	29	21.291631503404364	ZNF143	ZNF143
119	21	21.351266349639335	ZNF143	ZNF143
120	20	21.380632848474395	ZNF143	ZNF143
121	35	21.201257763536145	ZNF143	ZNF143
122	26	21.27367460759833	ZNF143	ZNF143
123	18	21.314253501491443	ZNF143	ZNF143
124	17	21.47393221773013	ZNF143	ZNF143
125	21	21.33380901591775	ZNF143	ZNF143
126	20	21.310833047138058	ZNF143	ZNF143
127	25	21.46593017480323	ZNF143	ZNF143
128	17	21.463160442202202	ZNF143	ZNF143
129	22	21.360393138028293	ZNF143	ZNF143
130	17	21.353013350645046	ZNF143	ZNF143
131	26	21.386592569739104	ZNF143	ZNF143
132	14	21.4890611027808	ZNF143	ZNF143
133	25	21.49281584316391	ZNF143	ZNF143
134	22	21.563032698559525	ZNF143	ZNF143
135	20	21.373183285354592	ZNF143	ZNF143
136	21	21.415006107173493	ZNF143	ZNF143
137	21	21.48634487396196	ZNF143	ZNF143
138	17	21.507311791195086	ZNF143	ZNF143
139	23	21.410715315386753	ZNF143	ZNF143
140	20	21.306190700976835	ZNF143	ZNF143
141	25	21.235432165600137	ZNF143	ZNF143
142	22	21.30187447404584	ZNF143	ZNF143
143	24	21.41938889779177	ZNF143	ZNF143
144	24	21.342668300606313	ZNF143	ZNF143
145	17	21.333392609349623	ZNF143	ZNF143
146	29	21.257149442016228	ZNF143	ZNF143
147	19	21.194890048380536	ZNF143	ZNF143
148	19	21.240771853190104	ZNF143	ZNF143
149	19	21.40247125833766	ZNF143	ZNF143
150	21	21.428825837353433	ZNF143	ZNF143
151	17	21.225873996824895	ZNF143	ZNF143
152	18	21.290085490167716	ZNF143	ZNF143
153	20	21.28830577474971	ZNF143	ZNF143
154	25	21.27848586815858	ZNF143	ZNF143
155	17	21.352672266949728	ZNF143	ZNF143
156	25	21.316600032133287	ZNF143	ZNF143
157	18	21.212979779843714	ZNF143	ZNF143
158	21	21.35648692216415	ZNF143	ZNF143
159	38	21.33401156734724	ZNF143	ZNF143
160	23	21.16271427913105	ZNF143	ZNF143
161	25	21.2745040316774	ZNF143	ZNF143
162	17	21.304375396828345	ZNF143	ZNF143
163	23	21.337070154452853	ZNF143	ZNF143
164	31	21.4360469148765	ZNF143	ZNF143
165	20	21.47657247464936	ZNF143	ZNF143
166	21	21.42411158768332	ZNF143	ZNF143
167	21	21.422920283493394	ZNF143	ZNF143
168	25	21.216556775324882	ZNF143	ZNF143
169	19	21.359267234343832	ZNF143	ZNF143
170	22	21.302725749816567	ZNF143	ZNF143
171	29	21.35838088832821	ZNF143	ZNF143
172	17	21.338018066529884	ZNF143	ZNF143
173	12	21.402238563726637	ZNF143	ZNF143
174	20	21.511552857521302	ZNF143	ZNF143
175	25	21.38885004381599	ZNF143	ZNF143
176	22	21.305107086757157	ZNF143	ZNF143
177	30	21.511184576578056	ZNF143	ZNF143
178	18	21.573782769403927	ZNF143	ZNF143
179	22	21.498529161164676	ZNF143	ZNF143
180	16	21.508247342021516	ZNF143	ZNF143
181	18	21.519474626709396	ZNF143	ZNF143
182	25	21.3289695062026	ZNF143	ZNF143
183	25	21.339147463946848	ZNF143	ZNF143
184	17	21.43117824002993	ZNF143	ZNF143
185	19	21.454431006090154	ZNF143	ZNF143
186	20	21.467238104463537	ZNF143	ZNF143
187	15	21.36184310077984	ZNF143	ZNF143
188	17	21.24220926066974	ZNF143	ZNF143
189	21	21.39198491564245	ZNF143	ZNF143
190	21	21.551256206149876	ZNF143	ZNF143
191	18	21.434932642325556	ZNF143	ZNF143
192	13	21.309714750469023	ZNF143	ZNF143
193	22	21.345311391834763	ZNF143	ZNF143
194	23	21.46730920022412	ZNF143	ZNF143
195	26	21.50231006537656	ZNF143	ZNF143
196	24	21.566606104313568	ZNF143	ZNF143
197	23	21.523552256813097	ZNF143	ZNF143
198	19	21.431081785612694	ZNF143	ZNF143
199	21	21.436933208743003	ZNF143	ZNF143
200	28	21.480159919990875	ZNF143	ZNF143
201	12	21.433735461205938	ZNF143	ZNF143
202	13	21.35224652361785	ZNF143	ZNF143
203	21	21.381211424852705	ZNF143	ZNF143
204	31	21.43741206219758	ZNF143	ZNF143
205	19	21.458713524685606	ZNF143	ZNF143
206	24	21.359455224010908	ZNF143	ZNF143
207	18	21.34180273453807	ZNF143	ZNF143
208	22	21.311043635739	ZNF143	ZNF143
209	15	21.375100361941453	ZNF143	ZNF143
210	22	21.47826681203771	ZNF143	ZNF143
211	23	21.35787888363176	ZNF143	ZNF143
212	20	21.276284401203384	ZNF143	ZNF143
213	28	21.342323585668435	ZNF143	ZNF143
214	32	21.281072746934747	ZNF143	ZNF143
215	29	21.263043339603733	ZNF143	ZNF143
216	18	21.289855745546095	ZNF143	ZNF143
217	27	21.333072715601734	ZNF143	ZNF143
218	23	21.479573625928687	ZNF143	ZNF143
219	24	21.465339863753027	ZNF143	ZNF143
220	12	21.391154915444996	ZNF143	ZNF143
221	18	21.34489334195248	ZNF143	ZNF143
222	28	21.424327767348718	ZNF143	ZNF143
223	13	21.4453667119333	ZNF143	ZNF143
224	18	21.265058840252394	ZNF143	ZNF143
225	26	21.14296284120418	ZNF143	ZNF143
226	15	21.337698940784918	ZNF143	ZNF143
227	10	21.461613160167783	ZNF143	ZNF143
228	17	21.51280885542892	ZNF143	ZNF143
229	27	21.341134143254248	ZNF143	ZNF143
230	29	21.358595176008663	ZNF143	ZNF143
231	21	21.38952022491003	ZNF143	ZNF143
232	22	21.337338433331844	ZNF143	ZNF143
233	14	21.34142104002338	ZNF143	ZNF143
234	27	21.380967574268716	ZNF143	ZNF143
235	25	21.407084463696858	ZNF143	ZNF143
236	20	21.36966557886078	ZNF143	ZNF143
237	24	21.42546549148803	ZNF143	ZNF143
238	22	21.30215073174898	ZNF143	ZNF143
239	30	21.334493668770403	ZNF143	ZNF143
240	16	21.445482872840785	ZNF143	ZNF143
241	15	21.347649097288066	ZNF143	ZNF143
242	23	21.343576078825294	ZNF143	ZNF143
243	29	21.256082503760044	ZNF143	ZNF143
244	25	21.29378184725798	ZNF143	ZNF143
245	20	21.476053355494997	ZNF143	ZNF143
246	17	21.445535952151516	ZNF143	ZNF143
247	16	21.38466335655896	ZNF143	ZNF143
248	17	21.337779919570423	ZNF143	ZNF143
249	14	21.38530928564936	ZNF143	ZNF143
250	19	21.44872793914871	ZNF143	ZNF143
251	21	21.320882481664025	ZNF143	ZNF143
252	18	21.335275386015574	ZNF143	ZNF143
253	18	21.399839995344845	ZNF143	ZNF143
254	13	21.37956380225265	ZNF143	ZNF143
255	19	21.289522639485156	ZNF143	ZNF143
256	28	21.33568280838623	ZNF143	ZNF143
257	25	21.27200469991486	ZNF143	ZNF143
258	26	21.27591515918267	ZNF143	ZNF143
259	21	21.20865969076914	ZNF143	ZNF143
260	21	21.31803402862439	ZNF143	ZNF143
261	23	21.38152717323426	ZNF143	ZNF143
262	19	21.38277365516861	ZNF143	ZNF143
263	23	21.33824460779377	ZNF143	ZNF143
264	20	21.339904496881438	ZNF143	ZNF143
265	19	21.28138913963805	ZNF143	ZNF143
266	24	21.45400258598716	ZNF143	ZNF143
267	21	21.371956308405384	ZNF143	ZNF143
268	30	21.276591876102653	ZNF143	ZNF143
269	22	21.345645525319615	ZNF143	ZNF143
270	24	21.329934326955218	ZNF143	ZNF143
271	18	21.313056619894905	ZNF143	ZNF143
272	18	21.39812661977217	ZNF143	ZNF143
273	27	21.313091999914498	ZNF143	ZNF143
274	27	21.319307864236006	ZNF143	ZNF143
275	22	21.31169100145644	ZNF143	ZNF143
276	24	21.281484582050535	ZNF143	ZNF143
277	23	21.210002003288704	ZNF143	ZNF143
278	25	21.310210995395988	ZNF143	ZNF143
279	20	21.28899155084192	ZNF143	ZNF143
280	21	21.282217366599358	ZNF143	ZNF143
281	17	21.338739839657485	ZNF143	ZNF143
282	19	21.48298543202204	ZNF143	ZNF143
283	16	21.449180879710827	ZNF143	ZNF143
284	27	21.39992552563089	ZNF143	ZNF143
285	20	21.389389297086957	ZNF143	ZNF143
286	22	21.241581863685514	ZNF143	ZNF143
287	22	21.244770741690193	ZNF143	ZNF143
288	20	21.237762054982607	ZNF143	ZNF143
289	17	21.29555971609401	ZNF143	ZNF143
290	22	21.361615072348688	ZNF143	ZNF143
291	16	21.335414818388887	ZNF143	ZNF143
292	27	21.347119769527858	ZNF143	ZNF143
293	24	21.335517698388834	ZNF143	ZNF143
294	17	21.375403826378424	ZNF143	ZNF143
295	20	21.38906304858297	ZNF143	ZNF143
296	20	21.400647921537175	ZNF143	ZNF143
297	18	21.43141113573029	ZNF143	ZNF143
298	12	21.388006568831567	ZNF143	ZNF143
299	25	21.396043871694978	ZNF143	ZNF143
300	23	21.348801484429455	ZNF143	ZNF143
301	14	21.352021753852757	ZNF143	ZNF143
302	25	21.327939662398894	ZNF143	ZNF143
303	21	21.354030289068575	ZNF143	ZNF143
304	19	21.33563168035142	ZNF143	ZNF143
305	15	21.329836811405883	ZNF143	ZNF143
306	16	21.333634999183552	ZNF143	ZNF143
307	21	21.303270804572236	ZNF143	ZNF143
308	22	21.226621451987718	ZNF143	ZNF143
309	24	21.273673885097157	ZNF143	ZNF143
310	27	21.403400364020086	ZNF143	ZNF143
311	24	21.56198698016489	ZNF143	ZNF143
312	18	21.417579239481288	ZNF143	ZNF143
313	14	21.300423265161857	ZNF143	ZNF143
314	22	21.313948199238933	ZNF143	ZNF143
315	23	21.383875478058215	ZNF143	ZNF143
316	20	21.36944841660261	ZNF143	ZNF143
317	27	21.355423900739336	ZNF143	ZNF143
318	30	21.35083622119571	ZNF143	ZNF143
319	17	21.26139779444892	ZNF143	ZNF143
320	17	21.31566850071244	ZNF143	ZNF143
321	16	21.451528876091036	ZNF143	ZNF143
322	28	21.306528557948837	ZNF143	ZNF143
323	18	21.348199955030953	ZNF143	ZNF143
324	15	21.34803989155036	ZNF143	ZNF143
325	19	21.331960922755172	ZNF143	ZNF143
326	33	21.365501073237837	ZNF143	ZNF143
327	29	21.426919839030347	ZNF143	ZNF143
328	26	21.344123268880093	ZNF143	ZNF143
329	28	21.29198097700063	ZNF143	ZNF143
330	23	21.196635545215415	ZNF143	ZNF143
331	24	21.399463701163715	ZNF143	ZNF143
332	20	21.406533320054304	ZNF143	ZNF143
333	24	21.370750589508255	ZNF143	ZNF143
334	23	21.26823984453964	ZNF143	ZNF143
335	28	21.19506925497203	ZNF143	ZNF143
336	21	21.263923286878587	ZNF143	ZNF143
337	22	21.326667551861245	ZNF143	ZNF143
338	23	21.424547456651887	ZNF143	ZNF143
339	20	21.422216153661182	ZNF143	ZNF143
340	17	21.372247544902596	ZNF143	ZNF143
341	12	21.430832758445337	ZNF143	ZNF143
342	33	21.40414715184265	ZNF143	ZNF143
343	20	21.346442403986746	ZNF143	ZNF143
344	13	21.27586644307812	ZNF143	ZNF143
345	23	21.310025209374523	ZNF143	ZNF143
346	16	21.283100001541285	ZNF143	ZNF143
347	15	21.31005501216329	ZNF143	ZNF143
348	21	21.353417450343024	ZNF143	ZNF143
349	15	21.409627213227353	ZNF143	ZNF143
350	20	21.43115153227571	ZNF143	ZNF143
351	27	21.393427180227476	ZNF143	ZNF143
352	19	21.358604471763005	ZNF143	ZNF143
353	19	21.36774663155981	ZNF143	ZNF143
354	15	21.34521151578826	ZNF143	ZNF143
355	22	21.308256580104548	ZNF143	ZNF143
356	21	21.379350629292777	ZNF143	ZNF143
357	19	21.468541740588453	ZNF143	ZNF143
358	21	21.524709179663514	ZNF143	ZNF143
359	19	21.29878693168003	ZNF143	ZNF143
360	27	21.39922695674627	ZNF143	ZNF143
361	25	21.362349962442607	ZNF143	ZNF143
362	20	21.417448288436535	ZNF143	ZNF143
363	20	21.404176111355923	ZNF143	ZNF143
364	19	21.351836673654468	ZNF143	ZNF143
365	22	21.34613481032406	ZNF143	ZNF143
366	13	21.209929967541225	ZNF143	ZNF143
367	22	21.238514214553817	ZNF143	ZNF143
368	24	21.31028608611789	ZNF143	ZNF143
369	24	21.38609002961497	ZNF143	ZNF143
370	26	21.382521978340296	ZNF143	ZNF143
371	24	21.308674303078206	ZNF143	ZNF143
372	24	21.400650171874776	ZNF143	ZNF143
373	22	21.38297296884294	ZNF143	ZNF143
374	24	21.29626364456789	ZNF143	ZNF143
375	22	21.26383353429685	ZNF143	ZNF143
376	27	21.29919224074529	ZNF143	ZNF143
377	16	21.325949713366903	ZNF143	ZNF143
378	20	21.288257351124603	ZNF143	ZNF143
379	25	21.35726308687469	ZNF143	ZNF143
380	22	21.276907962285822	ZNF143	ZNF143
381	15	21.34924050628368	ZNF143	ZNF143
382	27	21.37392750006729	ZNF143	ZNF143
383	14	21.31669092637572	ZNF143	ZNF143
384	25	21.398711269162938	ZNF143	ZNF143
385	27	21.522499894240223	ZNF143	ZNF143
386	15	21.356714878680027	ZNF143	ZNF143
387	25	21.390068933901865	ZNF143	ZNF143
388	28	21.36845569802859	ZNF143	ZNF143
389	27	21.34473102176713	ZNF143	ZNF143
390	23	21.253137518588435	ZNF143	ZNF143
391	11	21.287406130434423	ZNF143	ZNF143
392	21	21.389351268984434	ZNF143	ZNF143
393	22	21.42049910619525	ZNF143	ZNF143
394	25	21.401192720103797	ZNF143	ZNF143
395	21	21.39225265669372	ZNF143	ZNF143
396	13	21.353875147067484	ZNF143	ZNF143
397	15	21.323071341770724	ZNF143	ZNF143
398	25	21.41829392502905	ZNF143	ZNF143
399	26	21.29420909896626	ZNF143	ZNF143
400	21	21.33920181874121	ZNF143	ZNF143
401	21	21.308977950054956	ZNF143	ZNF143
402	19	21.348034363238913	ZNF143	ZNF143
403	18	21.35084958027318	ZNF143	ZNF143
404	25	21.3016564891334	ZNF143	ZNF143
405	17	21.352096829543594	ZNF143	ZNF143
406	22	21.514522027755493	ZNF143	ZNF143
407	22	21.451305350191838	ZNF143	ZNF143
408	17	21.341300650523525	ZNF143	ZNF143
409	15	21.322021909191736	ZNF143	ZNF143
410	32	21.36573522530308	ZNF143	ZNF143
411	28	21.416257244302923	ZNF143	ZNF143
412	14	21.517829095755143	ZNF143	ZNF143
413	19	21.42684580790162	ZNF143	ZNF143
414	29	21.40948059654628	ZNF143	ZNF143
415	27	21.475781521972372	ZNF143	ZNF143
416	30	21.45467706938248	ZNF143	ZNF143
417	25	21.54336059184756	ZNF143	ZNF143
418	20	21.395053685295615	ZNF143	ZNF143
419	30	21.343729970723473	ZNF143	ZNF143
420	28	21.40004008876131	ZNF143	ZNF143
421	25	21.400686170260535	ZNF143	ZNF143
422	19	21.268650295563862	ZNF143	ZNF143
423	18	21.25707583155093	ZNF143	ZNF143
424	18	21.354488914049725	ZNF143	ZNF143
425	20	21.50224439537921	ZNF143	ZNF143
426	20	21.442834053179663	ZNF143	ZNF143
427	25	21.398317261539532	ZNF143	ZNF143
428	17	21.278827882710164	ZNF143	ZNF143
429	23	21.308704104241286	ZNF143	ZNF143
430	26	21.261030696103507	ZNF143	ZNF143
431	21	21.3737704899915	ZNF143	ZNF143
432	18	21.34886276667636	ZNF143	ZNF143
433	17	21.298311746834493	ZNF143	ZNF143
434	25	21.275513335161254	ZNF143	ZNF143
435	13	21.350456119086154	ZNF143	ZNF143
436	21	21.414273041193116	ZNF143	ZNF143
437	24	21.37468581687828	ZNF143	ZNF143
438	23	21.369798812455052	ZNF143	ZNF143
439	21	21.342025966590413	ZNF143	ZNF143
440	20	21.319804005991763	ZNF143	ZNF143
441	23	21.529356017561113	ZNF143	ZNF143
442	21	21.394584249340905	ZNF143	ZNF143
443	15	21.178797594799452	ZNF143	ZNF143
444	22	21.268755190829282	ZNF143	ZNF143
445	21	21.295807804135478	ZNF143	ZNF143
446	27	21.33906659570452	ZNF143	ZNF143
447	26	21.43574812728977	ZNF143	ZNF143
448	24	21.379067890759764	ZNF143	ZNF143
449	30	21.34683851626768	ZNF143	ZNF143
450	23	21.341776247510307	ZNF143	ZNF143
451	16	21.242822921489985	ZNF143	ZNF143
452	21	21.23214517472029	ZNF143	ZNF143
453	18	21.231680822777257	ZNF143	ZNF143
454	20	21.229411333807473	ZNF143	ZNF143
455	22	21.28530307291369	ZNF143	ZNF143
456	28	21.427508329451495	ZNF143	ZNF143
457	17	21.45313805196584	ZNF143	ZNF143
458	26	21.337801730955682	ZNF143	ZNF143
459	26	21.333636118858884	ZNF143	ZNF143
460	23	21.351303810334805	ZNF143	ZNF143
461	18	21.273441839748074	ZNF143	ZNF143
462	19	21.36064432084501	ZNF143	ZNF143
463	15	21.433668198420513	ZNF143	ZNF143
464	25	21.407657557338396	ZNF143	ZNF143
465	22	21.390299659906862	ZNF143	ZNF143
466	21	21.243131823569314	ZNF143	ZNF143
467	17	21.283720247396285	ZNF143	ZNF143
468	21	21.409714673447418	ZNF143	ZNF143
469	17	21.301240388300297	ZNF143	ZNF143
470	17	21.22300840103454	ZNF143	ZNF143
471	15	21.251257396548112	ZNF143	ZNF143
472	20	21.339928561456954	ZNF143	ZNF143
473	26	21.432461718898725	ZNF143	ZNF143
474	25	21.39975969725709	ZNF143	ZNF143
475	27	21.299372328804775	ZNF143	ZNF143
476	29	21.34316488714448	ZNF143	ZNF143
477	17	21.476930754918445	ZNF143	ZNF143
478	23	21.41782083646771	ZNF143	ZNF143
479	22	21.4343966077629	ZNF143	ZNF143
480	22	21.440764104756536	ZNF143	ZNF143
481	19	21.405997466554734	ZNF143	ZNF143
482	19	21.337073540286905	ZNF143	ZNF143
483	24	21.308372456010133	ZNF143	ZNF143
484	20	21.306692079148668	ZNF143	ZNF143
485	22	21.406411101852676	ZNF143	ZNF143
486	20	21.40747039956753	ZNF143	ZNF143
487	21	21.445071132159704	ZNF143	ZNF143
488	23	21.346632023626228	ZNF143	ZNF143
489	15	21.187532078845678	ZNF143	ZNF143
490	23	21.38445348687186	ZNF143	ZNF143
491	25	21.452358298163073	ZNF143	ZNF143
492	13	21.37225455656674	ZNF143	ZNF143
493	17	21.351532315145473	ZNF143	ZNF143
494	26	21.301523837456198	ZNF143	ZNF143
495	24	21.322926051394216	ZNF143	ZNF143
496	22	21.360268818360574	ZNF143	ZNF143
497	31	21.302813580919597	ZNF143	ZNF143
498	17	21.341031494081285	ZNF143	ZNF143
499	24	21.372137141184645	ZNF143	ZNF143
500	15	21.37279374653105	ZNF143	ZNF143
501	27	21.424862501194745	ZNF143	ZNF143
502	21	21.402807342898466	ZNF143	ZNF143
503	26	21.17352315894983	ZNF143	ZNF143
504	23	21.26195979419811	ZNF143	ZNF143
505	18	21.376856618393347	ZNF143	ZNF143
506	24	21.370606802677056	ZNF143	ZNF143
507	19	21.355162570406083	ZNF143	ZNF143
508	12	21.327055789973812	ZNF143	ZNF143
509	26	21.410482019226375	ZNF143	ZNF143
510	19	21.479856514520026	ZNF143	ZNF143
511	23	21.461810594473103	ZNF143	ZNF143
512	21	21.42348587880779	ZNF143	ZNF143
513	25	21.50783934038127	ZNF143	ZNF143
514	24	21.452400290827693	ZNF143	ZNF143
515	21	21.42638189740595	ZNF143	ZNF143
516	24	21.400466911700562	ZNF143	ZNF143
517	23	21.434362365775335	ZNF143	ZNF143
518	16	21.36167665517199	ZNF143	ZNF143
519	24	21.444505751248897	ZNF143	ZNF143
520	21	21.389484920853068	ZNF143	ZNF143
521	20	21.377369399113615	ZNF143	ZNF143
522	19	21.367773081173894	ZNF143	ZNF143
523	24	21.376786881889156	ZNF143	ZNF143
524	31	21.387895266167035	ZNF143	ZNF143
525	23	21.351465997413236	ZNF143	ZNF143
526	25	21.35333711675605	ZNF143	ZNF143
527	17	21.386614577546563	ZNF143	ZNF143
528	20	21.331643681041417	ZNF143	ZNF143
529	15	21.377405900275477	ZNF143	ZNF143
530	13	21.397113738676342	ZNF143	ZNF143
531	23	21.427092803943633	ZNF143	ZNF143
532	27	21.53192094333949	ZNF143	ZNF143
533	23	21.448856577054435	ZNF143	ZNF143
534	15	21.37439798615816	ZNF143	ZNF143
535	16	21.41208510818791	ZNF143	ZNF143
536	25	21.262333295771302	ZNF143	ZNF143
537	22	21.314660174567795	ZNF143	ZNF143
538	23	21.378309133225876	ZNF143	ZNF143
539	20	21.287598156302266	ZNF143	ZNF143
540	12	21.164569577590083	ZNF143	ZNF143
541	16	21.354345589572166	ZNF143	ZNF143
542	18	21.37098594807254	ZNF143	ZNF143
543	19	21.348608467314456	ZNF143	ZNF143
544	19	21.385671548840275	ZNF143	ZNF143
545	19	21.40510577298166	ZNF143	ZNF143
546	21	21.269875923099953	ZNF143	ZNF143
547	16	21.34045779465247	ZNF143	ZNF143
548	29	21.345124597051797	ZNF143	ZNF143
549	21	21.373827020018567	ZNF143	ZNF143
550	24	21.37319221512306	ZNF143	ZNF143
551	17	21.360529487352267	ZNF143	ZNF143
552	21	21.329652678726497	ZNF143	ZNF143
553	23	21.33740675735824	ZNF143	ZNF143
554	17	21.31088311626043	ZNF143	ZNF143
555	21	21.350490771577363	ZNF143	ZNF143
556	27	21.398417841219953	ZNF143	ZNF143
557	15	21.362987200097223	ZNF143	ZNF143
558	33	21.43040986553001	ZNF143	ZNF143
559	22	21.416246096167704	ZNF143	ZNF143
560	31	21.380773875538043	ZNF143	ZNF143
561	25	21.37847773434971	ZNF143	ZNF143
562	15	21.311958670289176	ZNF143	ZNF143
563	19	21.33113631702548	ZNF143	ZNF143
564	26	21.492225153943753	ZNF143	ZNF143
565	27	21.38360335004818	ZNF143	ZNF143
566	17	21.325201850039022	ZNF143	ZNF143
567	25	21.27295960330806	ZNF143	ZNF143
568	15	21.368050638312656	ZNF143	ZNF143
569	30	21.405349774786654	ZNF143	ZNF143
570	26	21.4531656805827	ZNF143	ZNF143
571	31	21.395310514656245	ZNF143	ZNF143
572	25	21.458641703094454	ZNF143	ZNF143
573	14	21.44686294197247	ZNF143	ZNF143
574	26	21.43460476507799	ZNF143	ZNF143
575	15	21.44904387498127	ZNF143	ZNF143
576	26	21.315146831002394	ZNF143	ZNF143
577	26	21.301218602294952	ZNF143	ZNF143
578	13	21.45078047348927	ZNF143	ZNF143
579	15	21.446345205598217	ZNF143	ZNF143
580	15	21.350533197422838	ZNF143	ZNF143
581	21	21.423444907848822	ZNF143	ZNF143
582	19	21.48271756713989	ZNF143	ZNF143
583	20	21.442967992431008	ZNF143	ZNF143
584	21	21.419354317965528	ZNF143	ZNF143
585	24	21.40593674491241	ZNF143	ZNF143
586	28	21.32118883326212	ZNF143	ZNF143
587	27	21.35797953281269	ZNF143	ZNF143
588	18	21.39259234197735	ZNF143	ZNF143
589	21	21.317092433273935	ZNF143	ZNF143
590	27	21.314964992619256	ZNF143	ZNF143
591	13	21.37943349212494	ZNF143	ZNF143
592	14	21.312681599103172	ZNF143	ZNF143
593	28	21.369735592922588	ZNF143	ZNF143
594	22	21.34278512621473	ZNF143	ZNF143
595	28	21.471400312933643	ZNF143	ZNF143
596	17	21.474314468021905	ZNF143	ZNF143
597	26	21.405729654281902	ZNF143	ZNF143
598	31	21.32497536193554	ZNF143	ZNF143
599	10	21.38766196530843	ZNF143	ZNF143
600	23	21.208351974051673	ZNF143	ZNF143
601	24	21.257492808957686	ZNF143	ZNF143
602	30	21.391496025235654	ZNF143	ZNF143
603	30	21.38773290378609	ZNF143	ZNF143
604	20	21.313498750012652	ZNF143	ZNF143
605	21	21.323765961836664	ZNF143	ZNF143
606	14	21.315969739897078	ZNF143	ZNF143
607	16	21.20213668085544	ZNF143	ZNF143
608	22	21.255870433468175	ZNF143	ZNF143
609	21	21.32720615959407	ZNF143	ZNF143
610	30	21.351087275526297	ZNF143	ZNF143
611	25	21.28538618825281	ZNF143	ZNF143
612	19	21.463144344224318	ZNF143	ZNF143
613	24	21.498658509490763	ZNF143	ZNF143
614	15	21.374942635807773	ZNF143	ZNF143
615	17	21.331060374748592	ZNF143	ZNF143
616	35	21.403622271868503	ZNF143	ZNF143
617	15	21.392771508234713	ZNF143	ZNF143
618	34	21.42086151920194	ZNF143	ZNF143
619	24	21.315247006233303	ZNF143	ZNF143
620	20	21.355781265119163	ZNF143	ZNF143
621	20	21.36734390587808	ZNF143	ZNF143
622	16	21.335771002143026	ZNF143	ZNF143
623	22	21.37039540015991	ZNF143	ZNF143
624	23	21.364735969187553	ZNF143	ZNF143
625	26	21.301536910176008	ZNF143	ZNF143
626	25	21.38609967695075	ZNF143	ZNF143
627	17	21.25637741107087	ZNF143	ZNF143
628	17	21.331758280503724	ZNF143	ZNF143
629	19	21.395143236186463	ZNF143	ZNF143
630	22	21.384989837760987	ZNF143	ZNF143
631	27	21.477128761453134	ZNF143	ZNF143
632	22	21.38149131334572	ZNF143	ZNF143
633	29	21.32257735471915	ZNF143	ZNF143
634	28	21.302845126110277	ZNF143	ZNF143
635	15	21.349106449307396	ZNF143	ZNF143
636	24	21.349563821409596	ZNF143	ZNF143
637	19	21.285813537709792	ZNF143	ZNF143
638	20	21.329045066356475	ZNF143	ZNF143
639	19	21.354687866568817	ZNF143	ZNF143
640	25	21.284045022405735	ZNF143	ZNF143
641	26	21.29675229076408	ZNF143	ZNF143
642	23	21.301082327081676	ZNF143	ZNF143
643	14	21.278496165391765	ZNF143	ZNF143
644	38	21.321228537481904	ZNF143	ZNF143
645	14	21.35992619987552	ZNF143	ZNF143
646	23	21.39697545799465	ZNF143	ZNF143
647	23	21.505222701124765	ZNF143	ZNF143
648	31	21.350531098614262	ZNF143	ZNF143
649	26	21.24682869587118	ZNF143	ZNF143
650	18	21.248637989785617	ZNF143	ZNF143
651	21	21.375220688376302	ZNF143	ZNF143
652	22	21.38967513912981	ZNF143	ZNF143
653	22	21.355202472572348	ZNF143	ZNF143
654	32	21.36520746268148	ZNF143	ZNF143
655	18	21.48993910650378	ZNF143	ZNF143
656	12	21.523414470432193	ZNF143	ZNF143
657	14	21.54679100827068	ZNF143	ZNF143
658	19	21.314186987457305	ZNF143	ZNF143
659	21	21.35272086020631	ZNF143	ZNF143
660	28	21.42349596766808	ZNF143	ZNF143
661	21	21.427449661895036	ZNF143	ZNF143
662	23	21.30964352332713	ZNF143	ZNF143
663	20	21.20029484718372	ZNF143	ZNF143
664	21	21.232831258981705	ZNF143	ZNF143
665	23	21.297863517130978	ZNF143	ZNF143
666	21	21.349389130699365	ZNF143	ZNF143
667	26	21.25946861512497	ZNF143	ZNF143
668	12	21.301323589057656	ZNF143	ZNF143
669	22	21.484397048970894	ZNF143	ZNF143
670	18	21.45763864821636	ZNF143	ZNF143
671	21	21.2640738324936	ZNF143	ZNF143
672	31	21.337464233756183	ZNF143	ZNF143
673	17	21.428812703959434	ZNF143	ZNF143
674	14	21.459176358171398	ZNF143	ZNF143
675	22	21.336931074111558	ZNF143	ZNF143
676	22	21.22337653526933	ZNF143	ZNF143
677	33	21.32939268500005	ZNF143	ZNF143
678	19	21.34181720239385	ZNF143	ZNF143
679	24	21.340940615652734	ZNF143	ZNF143
680	31	21.393487267012308	ZNF143	ZNF143
681	29	21.435532369752885	ZNF143	ZNF143
682	22	21.407815506748545	ZNF143	ZNF143
683	27	21.331221823373752	ZNF143	ZNF143
684	20	21.336029709498018	ZNF143	ZNF143
685	15	21.31298329235589	ZNF143	ZNF143
686	19	21.370164046812054	ZNF143	ZNF143
687	26	21.407000127181576	ZNF143	ZNF143
688	27	21.3078513178194	ZNF143	ZNF143
689	23	21.380116841568167	ZNF143	ZNF143
690	23	21.440082820205944	ZNF143	ZNF143
691	18	21.237371828473655	ZNF143	ZNF143
692	24	21.241592249769653	ZNF143	ZNF143
693	16	21.341880012510266	ZNF143	ZNF143
694	14	21.382193390164627	ZNF143	ZNF143
695	21	21.414904437436853	ZNF143	ZNF143
696	18	21.41247287114583	ZNF143	ZNF143
697	17	21.39136166113003	ZNF143	ZNF143
698	28	21.257287051683914	ZNF143	ZNF143
699	17	21.1867338720665	ZNF143	ZNF143
700	16	21.306802236437203	ZNF143	ZNF143
701	24	21.483185683441793	ZNF143	ZNF143
702	23	21.436257522666388	ZNF143	ZNF143
703	25	21.373486546987564	ZNF143	ZNF143
704	26	21.35108550621472	ZNF143	ZNF143
705	17	21.410325466224645	ZNF143	ZNF143
706	17	21.429525142812622	ZNF143	ZNF143
707	18	21.38764323319467	ZNF143	ZNF143
708	29	21.42053795510279	ZNF143	ZNF143
709	21	21.47151459671878	ZNF143	ZNF143
710	26	21.396139053281644	ZNF143	ZNF143
711	22	21.402437892394055	ZNF143	ZNF143
712	25	21.37801871191978	ZNF143	ZNF143
713	14	21.221268937602535	ZNF143	ZNF143
714	21	21.26562259343068	ZNF143	ZNF143
715	19	21.368996036608696	ZNF143	ZNF143
716	24	21.388215045826726	ZNF143	ZNF143
717	20	21.46843604839916	ZNF143	ZNF143
718	25	21.412279070870067	ZNF143	ZNF143
719	19	21.444976939052967	ZNF143	ZNF143
720	15	21.444968510982825	ZNF143	ZNF143
721	17	21.270730522247568	ZNF143	ZNF143
722	24	21.330852390160995	ZNF143	ZNF143
723	27	21.375020376567555	ZNF143	ZNF143
724	26	21.273576492907022	ZNF143	ZNF143
725	31	21.260002888146136	ZNF143	ZNF143
726	21	21.378824485602156	ZNF143	ZNF143
727	26	21.316570303705333	ZNF143	ZNF143
728	19	21.318857835235246	ZNF143	ZNF143
729	15	21.45015220000641	ZNF143	ZNF143
730	24	21.42352495694991	ZNF143	ZNF143
731	22	21.410103202158705	ZNF143	ZNF143
732	15	21.298663059843804	ZNF143	ZNF143
733	16	21.29345108673514	ZNF143	ZNF143
734	21	21.341393697018507	ZNF143	ZNF143
735	22	21.420117612906292	ZNF143	ZNF143
736	23	21.423639525393558	ZNF143	ZNF143
737	24	21.454210518855437	ZNF143	ZNF143
738	34	21.4242940363808	ZNF143	ZNF143
739	17	21.241144238107132	ZNF143	ZNF143
740	17	21.384210758065866	ZNF143	ZNF143
741	21	21.421447172593762	ZNF143	ZNF143
742	20	21.3345903895816	ZNF143	ZNF143
743	22	21.42713955503932	ZNF143	ZNF143
744	21	21.481498857435184	ZNF143	ZNF143
745	27	21.42925785911473	ZNF143	ZNF143
746	18	21.48576243377006	ZNF143	ZNF143
747	20	21.38558006502989	ZNF143	ZNF143
748	24	21.27715314755273	ZNF143	ZNF143
749	20	21.281409082891845	ZNF143	ZNF143
750	17	21.288918518096132	ZNF143	ZNF143
751	19	21.321953389614144	ZNF143	ZNF143
752	18	21.4316612569243	ZNF143	ZNF143
753	25	21.40808917749918	ZNF143	ZNF143
754	25	21.434490268395383	ZNF143	ZNF143
755	14	21.427353521516938	ZNF143	ZNF143
756	17	21.36343440141913	ZNF143	ZNF143
757	26	21.364886548570304	ZNF143	ZNF143
758	24	21.470017289404723	ZNF143	ZNF143
759	19	21.49935172335526	ZNF143	ZNF143
760	22	21.35756554587466	ZNF143	ZNF143
761	18	21.325009369803205	ZNF143	ZNF143
762	20	21.36050780440427	ZNF143	ZNF143
763	16	21.364537616964064	ZNF143	ZNF143
764	19	21.38671632714894	ZNF143	ZNF143
765	22	21.455883123760145	ZNF143	ZNF143
766	22	21.4112184098499	ZNF143	ZNF143
767	27	21.42609656067603	ZNF143	ZNF143
768	32	21.45975555554715	ZNF143	ZNF143
769	28	21.25123268467991	ZNF143	ZNF143
770	26	21.32728596211252	ZNF143	ZNF143
771	18	21.38281945481113	ZNF143	ZNF143
772	20	21.36879444680343	ZNF143	ZNF143
773	14	21.33159433231116	ZNF143	ZNF143
774	21	21.355315543306006	ZNF143	ZNF143
775	24	21.3000562706146	ZNF143	ZNF143
776	20	21.439456344803002	ZNF143	ZNF143
777	17	21.362047553720824	ZNF143	ZNF143
778	18	21.33219446042383	ZNF143	ZNF143
779	17	21.403361241676915	ZNF143	ZNF143
780	24	21.390178387653926	ZNF143	ZNF143
781	25	21.405195446068674	ZNF143	ZNF143
782	31	21.310684792131408	ZNF143	ZNF143
783	13	21.38565009151561	ZNF143	ZNF143
784	21	21.410332634836006	ZNF143	ZNF143
785	18	21.335013187630437	ZNF143	ZNF143
786	20	21.458862641427014	ZNF143	ZNF143
787	21	21.469047004649617	ZNF143	ZNF143
788	18	21.241891255740743	ZNF143	ZNF143
789	25	21.34484986206838	ZNF143	ZNF143
790	19	21.310732050234247	ZNF143	ZNF143
791	20	21.277420816190457	ZNF143	ZNF143
792	18	21.358084311753885	ZNF143	ZNF143
793	23	21.366855735773946	ZNF143	ZNF143
794	13	21.31691632098068	ZNF143	ZNF143
795	17	21.30377483853575	ZNF143	ZNF143
796	28	21.455409300730196	ZNF143	ZNF143
797	16	21.269295759593437	ZNF143	ZNF143
798	24	21.267048452289824	ZNF143	ZNF143
799	21	21.346786442802152	ZNF143	ZNF143
800	16	21.476073779057124	ZNF143	ZNF143
801	27	21.41336233682443	ZNF143	ZNF143
802	23	21.452802179905284	ZNF143	ZNF143
803	21	21.40151410859433	ZNF143	ZNF143
804	20	21.463637851826338	ZNF143	ZNF143
805	22	21.508724047763927	ZNF143	ZNF143
806	16	21.38534527949691	ZNF143	ZNF143
807	11	21.33856751252243	ZNF143	ZNF143
808	14	21.3897873939038	ZNF143	ZNF143
809	19	21.3196786423459	ZNF143	ZNF143
810	17	21.38755278795222	ZNF143	ZNF143
811	28	21.40461072490022	ZNF143	ZNF143
812	25	21.30668362188618	ZNF143	ZNF143
813	17	21.284625798433403	ZNF143	ZNF143
814	22	21.387681019870882	ZNF143	ZNF143
815	19	21.427263810193008	ZNF143	ZNF143
816	23	21.31283211879361	ZNF143	ZNF143
817	18	21.339967872280443	ZNF143	ZNF143
818	27	21.5133647370677	ZNF143	ZNF143
819	25	21.50361346892692	ZNF143	ZNF143
820	11	21.39686607146985	ZNF143	ZNF143
821	21	21.280804140617878	ZNF143	ZNF143
822	26	21.217679185302657	ZNF143	ZNF143
823	25	21.348197390348695	ZNF143	ZNF143
824	17	21.377688626990235	ZNF143	ZNF143
825	27	21.331935189830734	ZNF143	ZNF143
826	21	21.346345719287026	ZNF143	ZNF143
827	12	21.421423253983082	ZNF143	ZNF143
828	27	21.396955349749934	ZNF143	ZNF143
829	20	21.336821365728852	ZNF143	ZNF143
830	15	21.392152276201415	ZNF143	ZNF143
831	25	21.37568897107593	ZNF143	ZNF143
832	23	21.401410165386466	ZNF143	ZNF143
833	33	21.500813557523436	ZNF143	ZNF143
834	16	21.317059822665506	ZNF143	ZNF143
835	24	21.330755054554537	ZNF143	ZNF143
836	20	21.369751015063112	ZNF143	ZNF143
837	29	21.40883560613937	ZNF143	ZNF143
838	21	21.370864167209305	ZNF143	ZNF143
839	27	21.378080283550222	ZNF143	ZNF143
840	26	21.437463467127092	ZNF143	ZNF143
841	21	21.336266123663645	ZNF143	ZNF143
842	21	21.37248220632558	ZNF143	ZNF143
843	20	21.396173632020826	ZNF143	ZNF143
844	18	21.329337005255923	ZNF143	ZNF143
845	22	21.380998104393218	ZNF143	ZNF143
846	17	21.333696082722348	ZNF143	ZNF143
847	21	21.39121166006316	ZNF143	ZNF143
848	27	21.37205776185241	ZNF143	ZNF143
849	24	21.415079833343878	ZNF143	ZNF143
850	25	21.384912794188164	ZNF143	ZNF143
851	16	21.27676561748809	ZNF143	ZNF143
852	21	21.415151426778383	ZNF143	ZNF143
853	24	21.36518946788736	ZNF143	ZNF143
854	21	21.377235664065825	ZNF143	ZNF143
855	31	21.48092953049971	ZNF143	ZNF143
856	22	21.439923399226604	ZNF143	ZNF143
857	18	21.369166243966824	ZNF143	ZNF143
858	24	21.425177533442103	ZNF143	ZNF143
859	27	21.31321370132592	ZNF143	ZNF143
860	28	21.239134201870765	ZNF143	ZNF143
861	19	21.337552095339735	ZNF143	ZNF143
862	20	21.399901461304136	ZNF143	ZNF143
863	22	21.393470599896716	ZNF143	ZNF143
864	21	21.289684547801112	ZNF143	ZNF143
865	22	21.455407632019483	ZNF143	ZNF143
866	25	21.436835187175774	ZNF143	ZNF143
867	25	21.48995840054997	ZNF143	ZNF143
868	26	21.562815704897616	ZNF143	ZNF143
869	17	21.619660991722	ZNF143	ZNF143
870	26	21.560196609735	ZNF143	ZNF143
871	29	21.3162525023869	ZNF143	ZNF143
872	31	21.490667280538357	ZNF143	ZNF143
873	22	21.478219305490626	ZNF143	ZNF143
874	15	21.446244294343806	ZNF143	ZNF143
875	20	21.421344618775237	ZNF143	ZNF143
876	30	21.3850267835979	ZNF143	ZNF143
877	24	21.313094086972285	ZNF143	ZNF143
878	19	21.31292722072264	ZNF143	ZNF143
879	23	21.31653557613135	ZNF143	ZNF143
880	17	21.31324807482241	ZNF143	ZNF143
881	26	21.32279156764344	ZNF143	ZNF143
882	16	21.38983184549757	ZNF143	ZNF143
883	23	21.37929165634716	ZNF143	ZNF143
884	32	21.242214019195504	ZNF143	ZNF143
885	24	21.223970535415525	ZNF143	ZNF143
886	25	21.305575000886655	ZNF143	ZNF143
887	17	21.376461312439204	ZNF143	ZNF143
888	22	21.382140653213416	ZNF143	ZNF143
889	21	21.343696818189812	ZNF143	ZNF143
890	16	21.310040440901858	ZNF143	ZNF143
891	19	21.345279706159044	ZNF143	ZNF143
892	14	21.403100642303528	ZNF143	ZNF143
893	13	21.35461378770035	ZNF143	ZNF143
894	34	21.356630388142367	ZNF143	ZNF143
895	27	21.479798619519382	ZNF143	ZNF143
896	30	21.43781082313319	ZNF143	ZNF143
897	23	21.322370822604803	ZNF143	ZNF143
898	20	21.281544012373	ZNF143	ZNF143
899	24	21.380980780954715	ZNF143	ZNF143
900	21	21.339669592555254	ZNF143	ZNF143
901	22	21.449187372109517	ZNF143	ZNF143
902	28	21.41273145126124	ZNF143	ZNF143
903	25	21.361398485104	ZNF143	ZNF143
904	24	21.401777859582726	ZNF143	ZNF143
905	19	21.363952792558845	ZNF143	ZNF143
906	23	21.438276748444746	ZNF143	ZNF143
907	21	21.43497067649017	ZNF143	ZNF143
908	20	21.454305728968	ZNF143	ZNF143
909	24	21.368336465160613	ZNF143	ZNF143
910	20	21.394468912715443	ZNF143	ZNF143
911	24	21.371276034075006	ZNF143	ZNF143
912	18	21.500567758332675	ZNF143	ZNF143
913	22	21.464601811001998	ZNF143	ZNF143
914	16	21.37412131677743	ZNF143	ZNF143
915	31	21.389560784557514	ZNF143	ZNF143
916	17	21.451038637010495	ZNF143	ZNF143
917	19	21.418453255481506	ZNF143	ZNF143
918	18	21.354939288963966	ZNF143	ZNF143
919	15	21.358117564010616	ZNF143	ZNF143
920	17	21.339815404912077	ZNF143	ZNF143
921	22	21.28080019469525	ZNF143	ZNF143
922	16	21.334121699835343	ZNF143	ZNF143
923	17	21.28534908904358	ZNF143	ZNF143
924	22	21.36693654584869	ZNF143	ZNF143
925	20	21.494117170894533	ZNF143	ZNF143
926	18	21.427966043860845	ZNF143	ZNF143
927	18	21.333267290114243	ZNF143	ZNF143
928	12	21.33187721301902	ZNF143	ZNF143
929	18	21.386186150582574	ZNF143	ZNF143
930	19	21.305428820630077	ZNF143	ZNF143
931	12	21.246688010916582	ZNF143	ZNF143
932	17	21.2872922565192	ZNF143	ZNF143
933	21	21.334116385520392	ZNF143	ZNF143
934	14	21.24427791747282	ZNF143	ZNF143
935	25	21.287171128105662	ZNF143	ZNF143
936	25	21.34224060141283	ZNF143	ZNF143
937	20	21.37559873643321	ZNF143	ZNF143
938	21	21.41306915696173	ZNF143	ZNF143
939	26	21.302498497994414	ZNF143	ZNF143
940	15	21.19263037589516	ZNF143	ZNF143
941	22	21.283124870117582	ZNF143	ZNF143
942	34	21.36486488775724	ZNF143	ZNF143
943	21	21.335549409233973	ZNF143	ZNF143
944	17	21.406558675531873	ZNF143	ZNF143
945	30	21.362192565738397	ZNF143	ZNF143
946	22	21.35761682769983	ZNF143	ZNF143
947	21	21.333210342171512	ZNF143	ZNF143
948	23	21.318343225907704	ZNF143	ZNF143
949	25	21.265003990231396	ZNF143	ZNF143
950	21	21.361595039273915	ZNF143	ZNF143
951	28	21.374383992491556	ZNF143	ZNF143
952	20	21.29700536646302	ZNF143	ZNF143
953	27	21.37991130833383	ZNF143	ZNF143
954	27	21.424726383604117	ZNF143	ZNF143
955	29	21.32747801822795	ZNF143	ZNF143
956	19	21.327287780057006	ZNF143	ZNF143
957	16	21.234856241249584	ZNF143	ZNF143
958	16	21.353195443057146	ZNF143	ZNF143
959	19	21.350276826607548	ZNF143	ZNF143
960	20	21.33933204195885	ZNF143	ZNF143
961	14	21.450841643146944	ZNF143	ZNF143
962	25	21.421454899834785	ZNF143	ZNF143
963	27	21.39391435427957	ZNF143	ZNF143
964	18	21.366439151198406	ZNF143	ZNF143
965	26	21.31848224947732	ZNF143	ZNF143
966	25	21.418349813039576	ZNF143	ZNF143
967	32	21.346014707303883	ZNF143	ZNF143
968	26	21.339133176423335	ZNF143	ZNF143
969	16	21.413667218266745	ZNF143	ZNF143
970	24	21.418638010090678	ZNF143	ZNF143
971	18	21.34878115916613	ZNF143	ZNF143
972	18	21.400336931292838	ZNF143	ZNF143
973	20	21.417648539955735	ZNF143	ZNF143
974	20	21.365817555975635	ZNF143	ZNF143
975	23	21.43663329462427	ZNF143	ZNF143
976	23	21.496300738535275	ZNF143	ZNF143
977	25	21.432474289036506	ZNF143	ZNF143
978	29	21.390073070670717	ZNF143	ZNF143
979	16	21.315797830711638	ZNF143	ZNF143
980	27	21.249744282362368	ZNF143	ZNF143
981	19	21.271583052973124	ZNF143	ZNF143
982	30	21.278119935485208	ZNF143	ZNF143
983	23	21.335049805061068	ZNF143	ZNF143
984	21	21.41526122211186	ZNF143	ZNF143
985	21	21.42578885289039	ZNF143	ZNF143
986	20	21.382364128588584	ZNF143	ZNF143
987	19	21.429739425953446	ZNF143	ZNF143
988	24	21.301852860069147	ZNF143	ZNF143
989	13	21.335475618352255	ZNF143	ZNF143
990	23	21.301893193030477	ZNF143	ZNF143
991	18	21.304653849829805	ZNF143	ZNF143
992	20	21.253554683420813	ZNF143	ZNF143
993	22	21.433755173767718	ZNF143	ZNF143
994	30	21.425588273057482	ZNF143	ZNF143
995	21	21.412498189280385	ZNF143	ZNF143
996	23	21.48087086772273	ZNF143	ZNF143
997	24	21.478991889218555	ZNF143	ZNF143
998	17	21.45498711229688	ZNF143	ZNF143
999	26	21.426538134717948	ZNF143	ZNF143
1000	26	21.27061833079288	ZNF143	ZNF143
